
Gurobi 13.0.2 (win64) logging started Mon May 25 20:15:48 2026

Set parameter LogFile to value "outputs\gurobi\logs\small_score_r01_seed1044925344.log"
Gurobi Optimizer version 13.0.2 build v13.0.2rc1 (win64 - Windows 11+.0 (26200.2))

CPU model: 13th Gen Intel(R) Core(TM) i7-13650HX, instruction set [SSE2|AVX|AVX2]
Thread count: 14 physical cores, 20 logical processors, using up to 20 threads

Optimize a model with 17494 rows, 4914 columns and 76407 nonzeros (Max)
Model fingerprint: 0xa3d83759
Model has 4160 linear objective coefficients
Model has 260 simple general constraints
  260 INDICATOR
Variable types: 208 continuous, 4706 integer (4342 binary)
Coefficient statistics:
  Matrix range     [1e+00, 3e+03]
  Objective range  [4e-01, 2e+01]
  Bounds range     [1e+00, 1e+05]
  RHS range        [1e+00, 3e+03]
  GenCon rhs range [3e+01, 5e+02]
  GenCon coe range [3e-01, 1e+00]

Presolve removed 7628 rows and 15 columns
Presolve time: 0.20s
Presolved: 9866 rows, 4899 columns, 64987 nonzeros
Variable types: 200 continuous, 4699 integer (4333 binary)
Found heuristic solution: objective -882.0000000

Root relaxation: objective 3.273299e+06, 1699 iterations, 0.06 seconds (0.13 work units)

    Nodes    |    Current Node    |     Objective Bounds      |     Work
 Expl Unexpl |  Obj  Depth IntInf | Incumbent    BestBd   Gap | It/Node Time

     0     0 3273298.96    0  423 -882.00000 3273298.96      -     -    0s
H    0     0                    -797.2440000 3206387.93      -     -    0s
H    0     0                    -794.0112165 3206387.93      -     -    0s
H    0     0                    -790.9249897 3206387.93      -     -    0s
H    0     0                    -790.8280000 3206387.93      -     -    0s
H    0     0                    -789.8973333 3206387.93      -     -    0s
H    0     0                    -789.7801356 3206387.93      -     -    0s

Cutting planes:
  Learned: 72
  Gomory: 85
  Cover: 45
  Implied bound: 254
  Clique: 77
  MIR: 203
  StrongCG: 16
  Flow cover: 40
  GUB cover: 9
  Zero half: 3
  RLT: 228
  Relax-and-lift: 17
  BQP: 7
  PSD: 6

Explored 1 nodes (2518 simplex iterations) in 0.89 seconds (0.89 work units)
Thread count was 20 (of 20 available processors)

Solution count 7: -789.78 -789.897 -790.828 ... -882

Solve interrupted
Best objective -7.897801355932e+02, best bound 3.206387925093e+06, gap 406084.8787%

Gurobi 13.0.2 (win64) logging started Mon May 25 20:17:41 2026

Set parameter LogFile to value "outputs\gurobi\logs\small_score_r01_seed1044925344.log"
Gurobi Optimizer version 13.0.2 build v13.0.2rc1 (win64 - Windows 11+.0 (26200.2))

CPU model: 13th Gen Intel(R) Core(TM) i7-13650HX, instruction set [SSE2|AVX|AVX2]
Thread count: 14 physical cores, 20 logical processors, using up to 20 threads

Optimize a model with 17494 rows, 4914 columns and 76407 nonzeros (Max)
Model fingerprint: 0xa3d83759
Model has 4160 linear objective coefficients
Model has 260 simple general constraints
  260 INDICATOR
Variable types: 208 continuous, 4706 integer (4342 binary)
Coefficient statistics:
  Matrix range     [1e+00, 3e+03]
  Objective range  [4e-01, 2e+01]
  Bounds range     [1e+00, 1e+05]
  RHS range        [1e+00, 3e+03]
  GenCon rhs range [3e+01, 5e+02]
  GenCon coe range [3e-01, 1e+00]

Presolve removed 7628 rows and 15 columns
Presolve time: 0.29s
Presolved: 9866 rows, 4899 columns, 64987 nonzeros
Variable types: 200 continuous, 4699 integer (4333 binary)
Found heuristic solution: objective -882.0000000

Root relaxation: objective 3.273299e+06, 1699 iterations, 0.08 seconds (0.13 work units)

    Nodes    |    Current Node    |     Objective Bounds      |     Work
 Expl Unexpl |  Obj  Depth IntInf | Incumbent    BestBd   Gap | It/Node Time

     0     0 3273298.96    0  423 -882.00000 3273298.96      -     -    0s
H    0     0                    -797.2440000 3206387.93      -     -    0s
H    0     0                    -794.0112165 3206387.93      -     -    0s
H    0     0                    -790.9249897 3206387.93      -     -    0s
H    0     0                    -790.8280000 3206387.93      -     -    0s
H    0     0                    -789.8973333 3206387.93      -     -    0s
H    0     0                    -789.7801356 3206387.93      -     -    0s
     0     0 49103.6756    0  387 -789.78014 49103.6756  6317%     -    1s
H    0     0                    -727.8734689 34742.3094  4873%     -    1s
H    0     0                    -711.7734689 34742.3094  4981%     -    1s
H    0     0                    -613.3174689 34742.3094  5765%     -    1s
H    0     0                    -537.2137518 34742.3094  6567%     -    1s
H    0     0                    -531.8448629 34742.3094  6632%     -    1s
H    0     0                    -525.6581962 34742.3094  6709%     -    1s
H    0     0                    -523.8861962 34742.3094  6732%     -    1s
     0     0 34742.3094    0  398 -523.88620 34742.3094  6732%     -    1s
H    0     0                    -521.7901738 34742.3094  6758%     -    2s
H    0     0                    -520.0268483 34742.3094  6781%     -    2s
H    0     0                    -515.1963494 34742.3094  6844%     -    2s
H    0     0                    -514.8706240 11712.6225  2375%     -    2s
     0     0 11656.2345    0  418 -514.87062 11656.2345  2364%     -    2s
H    0     0                    -428.9176510 11656.2345  2818%     -    2s
H    0     0                    -427.5386240 11656.2345  2826%     -    2s
H    0     0                    -286.0109092 11656.2345  4175%     -    2s
H    0     0                    -229.9763375 11656.2345  5168%     -    2s
H    0     0                    -223.9880334 11656.2345  5304%     -    2s
H    0     0                    -218.6024125 11656.2345  5432%     -    2s
     0     0 11656.2345    0  423 -218.60241 11656.2345  5432%     -    2s
     0     0 11638.1057    0  417 -218.60241 11638.1057  5424%     -    3s
H    0     0                    -161.6782149 11638.1057  7298%     -    3s
H    0     0                       6.0187561 11638.1057      -     -    3s
     0     0 11638.1057    0  405    6.01876 11638.1057      -     -    3s
     0     0 11638.1057    0  419    6.01876 11638.1057      -     -    4s
     0     0 11638.1057    0  418    6.01876 11638.1057      -     -    4s
     0     0 11638.1057    0  354    6.01876 11638.1057      -     -    4s
H    0     0                      23.2890610 11638.1057      -     -    5s
H    0     0                     116.3612798 11638.1057  9902%     -    5s
H    0     0                     117.9932166 11638.1057  9763%     -    5s
H    0     0                     223.5054283 11638.1057  5107%     -    5s
H    0     0                     224.0002736 11638.1057  5096%     -    5s
H    0     0                     294.7672053 11638.1057  3848%     -    5s
H    0     0                     350.5203482 11638.1057  3220%     -    5s
H    0     0                     359.9669487 11638.1057  3133%     -    5s
H    0     0                     370.7338769 11638.1057  3039%     -    5s
H    0     0                     374.1863875 11638.1057  3010%     -    5s
H    0     0                     375.2340508 11638.1057  3002%     -    5s
     0     2 11638.1057    0  334  375.23405 11638.1057  3002%     -    5s
H    9    15                     441.8038053 11638.1057  2534%   515    7s
H   14    15                     457.6309397 11638.1057  2443%  1445    7s
H   18    27                     508.5060678 11638.1057  2189%  1494    8s
H   20    27                     573.5782179 11638.1057  1929%  1467    8s
H   21    27                     582.5076057 11638.1057  1898%  1469    8s
H   22    27                     680.1993139 11638.1057  1611%  1426    8s
H   29    38                     739.7105387 11638.1057  1473%  1601    9s
H   38    38                     809.8955299 11638.1057  1337%  1410    9s
    46    51     cutoff    6       809.89553 11638.1057  1337%  1476   11s
H   51    51                     965.8426927 11638.1057  1105%  1489   11s
H   73    91                    1120.1278528 11638.1057   939%  1410   12s
H  109   104                    1155.6316918 11638.1057   907%  1164   13s
H  111   104                    1168.5176758 11638.1057   896%  1147   13s
H  114   104                    1182.7299559 11638.1057   884%  1130   13s
H  117   104                    1241.1697683 11638.1057   838%  1120   13s
H  121   104                    1462.8128922 11638.1057   696%  1128   13s
H  123   119                    1589.3863052 11638.1057   632%  1122   14s
H  125   119                    1786.2271675 11638.1057   552%  1110   14s
H  127   119                    1864.6117701 11638.1057   524%  1095   14s
   140   134 11351.0033    9  384 1864.61177 11638.1057   524%  1055   15s
H  143   134                    1962.9361139 11638.1057   493%  1060   15s
H  145   134                    2002.6257834 11638.1057   481%  1059   15s
H  151   134                    2011.7584244 11638.1057   479%  1062   15s
H  153   134                    2123.3816816 11638.1057   448%  1056   15s
H  156   134                    2124.9906505 11638.1057   448%  1044   15s
H  196   185                    2142.9104241 11638.1057   443%   897   15s
H  214   200                    2160.6101811 11638.1057   439%   855   16s
H  216   200                    2176.6166130 11638.1057   435%   858   16s
H  220   200                    2204.5228365 11638.1057   428%   846   16s
H  226   200                    2414.4202387 11638.1057   382%   835   16s
H  234   213                    2415.2071240 11638.1057   382%   823   17s
H  235   213                    2480.1485928 11638.1057   369%   821   17s
H  237   213                    2511.7388734 11638.1057   363%   815   17s
H  276   265                    2527.3808343 11638.1057   360%   844   20s
H  307   285                    2572.1478555 11638.1057   352%   889   23s
H  312   285                    2602.8612278 11638.1057   347%   887   23s
H  328   301                    2657.7262052 11638.1057   338%   898   24s
H  340   301                    2758.7712803 11638.1057   322%   894   24s
   343   344 11296.9108   24  327 2758.77128 11638.1057   322%   887   25s
H  393   396                    2771.9884098 11638.1057   320%   831   25s
H  413   396                    2784.5985792 11638.1057   318%   798   25s
H  443   396                    2805.3031974 11638.1057   315%   774   25s
H  472   425                    2810.7304732 11638.1057   314%   911   29s
   479   438 10950.3556   35  446 2810.73047 11638.1057   314%   935   31s
H  480   438                    2814.6720153 11638.1057   313%   933   31s
H  481   438                    2868.7644013 11638.1057   306%   931   31s
H  485   438                    2891.3962677 11638.1057   303%   941   31s
H  494   487                    2891.8030474 11638.1057   302%   946   32s
H  494   487                    2903.2384828 11638.1057   301%   946   32s
H  505   487                    2904.0583711 11638.1057   301%   932   32s
H  547   498                    2904.2928192 11638.1057   301%   909   33s
H  552   498                    2905.3728967 11638.1057   301%   905   33s
H  559   498                    2927.4465730 11638.1057   298%   911   33s
   561   519 10395.2108   43  435 2927.44657 11638.1057   298%   911   36s
H  562   519                    2934.2875104 11638.1057   297%   909   36s
H  591   533                    2936.8707921 11638.1057   296%   941   37s
H  603   533                    2938.1010787 11638.1057   296%   962   37s
H  607   546                    2960.3770084 11638.1057   293%   970   38s
H  625   558                    2963.4193614 11638.1057   293%   993   39s
   635   594 9665.34066   47  420 2963.41936 11638.1057   293%   996   40s
H  644   594                    2972.8930456 11638.1057   291%   983   40s
H  680   607                    2979.0091607 11638.1057   291%   964   42s
H  681   607                    3002.3190975 11638.1057   288%   962   42s
H  685   607                    3026.2363660 11638.1057   285%   962   42s
   783   689 9473.98556   63  402 3026.23637 11638.1057   285%   915   45s
H  785   689                    3028.7311616 11638.1057   284%   913   45s
H  787   689                    3030.0570820 11638.1057   284%   911   45s
H  908   785                    3058.1801880 11638.1057   281%   854   48s
H  911   785                    3059.7454054 11638.1057   280%   852   48s
H  914   785                    3061.3647404 11638.1057   280%   853   48s
  1028   995 infeasible   86      3061.36474 11638.1057   280%   808   50s
H 1156  1011                    3067.2324811 11638.1057   279%   753   52s
H 1380  1254                    3069.1521307 11638.1057   279%   684   54s
  1432  1433     cutoff  123      3069.15213 11638.1057   279%   676   56s
  1810  1824 9963.49832   30  359 3069.15213 11638.1057   279%   589   60s
H 2039  1838                    3069.5100429 11638.1057   279%   547   62s
H 2044  1838                    3069.8794034 11638.1057   279%   547   62s
  2066  1866 9678.49848   35  356 3069.87940 11638.1057   279%   545   65s
H 2068  1866                    3070.2373156 11638.1057   279%   545   65s
H 2071  1866                    3070.2818011 11638.1057   279%   544   65s
H 2379  2414                    3087.7791985 11638.1057   277%   493   70s
H 2906  2590                    3090.1095483 11638.1057   277%   452   74s
H 2920  2590                    3091.7577118 11537.5758   273%   455   76s
H 2920  2590                    3092.9577118 11537.5758   273%   455   76s
H 2920  2590                    3096.6213037 11537.5758   273%   455   76s
  2921  2591 8522.26416  144  354 3096.62130 11638.1057   276%   454   85s
  2924  2593 8463.36233  122  341 3096.62130 11638.1057   276%   454   93s
H 2924  2463                    3097.2973601 11606.6916   275%   454   96s
H 2925  2341                    3097.9289390 11498.0050   271%   454   98s
  2927  2342 9291.79682   50  684 3097.92894 11425.8311   269%   453  101s
  2932  2345 8788.44913   96  705 3097.92894 11317.6359   265%   453  106s
H 2932  2227                    3103.5963085 11120.7344   258%   453  108s
H 2932  2116                    3104.0101016 11120.7344   258%   453  108s
H 2932  2010                    3105.0767683 11120.7344   258%   453  108s
H 2932  1909                    3106.8805535 11120.7344   258%   453  108s
H 2932  1813                    3110.3864083 11120.7344   258%   453  108s
  2933  1814 8003.94125  174  751 3110.38641 11109.4157   257%   453  111s
H 2933  1723                    3110.7195671 10758.5619   246%   453  113s
H 2933  1637                    3111.1481385 10758.5619   246%   453  113s
  2935  1638 9520.54259   60  822 3111.14814 10671.8789   243%   452  115s
  2941  1642 8783.26912  100  886 3111.14814 10643.2437   242%   451  120s
H 2941  1559                    3114.9991938 10170.9631   227%   451  124s
  2942  1560 8668.31529   92  876 3114.99919 10164.7255   226%   451  127s
H 2942  1482                    3115.4059735 10016.7310   222%   451  131s
  2944  1483 9583.47368   59  934 3115.40597 9852.05723   216%   451  136s
  2951  1488 8877.22515   68  962 3115.40597 9835.79781   216%   450  141s
  2952  1489 9258.17971   10  908 3115.40597 9258.17971   197%   450  159s
  2953  1489 7897.17762  145  921 3115.40597 9129.52511   193%   449  169s
  2954  1490 9113.31167   15  941 3115.40597 9113.31167   193%   449  170s
  2960  1494 8465.47096  138  862 3115.40597 8465.47096   172%   448  183s
  2961  1495 8450.89959   35  886 3115.40597 8450.89959   171%   448  186s
  2964  1497 8382.80218   17  933 3115.40597 8382.80218   169%   448  190s
  2970  1501 8382.16216  115  950 3115.40597 8382.16216   169%   447  197s
  2971  1501 7558.17280  113  832 3115.40597 7558.17280   143%   447  210s
  2973  1503 7425.33458  148  887 3115.40597 7425.33458   138%   446  216s
  2983  1509 6769.07640   91  796 3115.40597 6769.07640   117%   445  225s
H 2983  1432                    3116.0820298 6694.14654   115%   445  226s
H 2983  1360                    3116.7136088 6694.14654   115%   445  226s
  2995  1368 6666.86867   26  893 3116.71361 6666.86867   114%   443  230s
  2997  1370 5885.20332   79  749 3116.71361 5885.20332  88.8%   443  235s
  3006  1376 5329.73109  105  699 3116.71361 5329.73109  71.0%   442  244s
  3008  1377 5298.94760  140  699 3116.71361 5298.94760  70.0%   441  245s
  3014  1381 4915.89741  170  652 3116.71361 4915.89741  57.7%   440  252s
  3022  1386 4848.18271  168  727 3116.71361 4848.18271  55.6%   439  255s
H 3023  1316                    3120.0118544 4532.09113  45.3%   439  258s
  3030  1321 4516.80622  135  663 3120.01185 4516.80622  44.8%   438  260s
  3039  1327 4282.70767  178  617 3120.01185 4282.70767  37.3%   437  265s
  3047  1332 4135.92380   99  583 3120.01185 4135.92380  32.6%   436  270s
  3049  1333 4073.02640   42  556 3120.01185 4073.02640  30.5%   435  275s
  3056  1338 3967.55226   87  535 3120.01185 3967.55226  27.2%   434  280s
  3063  1343 3905.34481   48  536 3120.01185 3905.34481  25.2%   433  285s
  3072  1349 3844.95788   75  501 3120.01185 3844.95788  23.2%   432  290s
  3086  1358 3760.73664   27  521 3120.01185 3760.73664  20.5%   430  295s
  3093  1363 3704.28588   89  457 3120.01185 3704.28588  18.7%   429  300s
  3101  1368 3681.75112  153  492 3120.01185 3681.75112  18.0%   428  306s
  3103  1369 3672.52040   38  469 3120.01185 3672.52040  17.7%   428  310s
  3112  1375 3665.89886  139  476 3120.01185 3665.89886  17.5%   426  316s
  3114  1377 3662.57938  170  466 3120.01185 3662.57938  17.4%   426  323s
  3117  1379 3662.57938  156  463 3120.01185 3662.57938  17.4%   426  327s
  3118  1379 3662.57938   53  453 3120.01185 3662.57938  17.4%   426  331s
  3119  1380 3662.57938  126  471 3120.01185 3662.57938  17.4%   426  335s
  3121  1381 3662.57938  144  484 3120.01185 3662.57938  17.4%   425  342s
  3123  1383 3662.57938   30  473 3120.01185 3662.57938  17.4%   425  348s
  3124  1383 3662.57938  122  475 3120.01185 3662.57938  17.4%   425  354s
  3125  1384 3662.57938   95  466 3120.01185 3662.57938  17.4%   425  359s
  3126  1385 3662.57938   39  476 3120.01185 3662.57938  17.4%   425  363s
  3128  1386 3662.57938  136  477 3120.01185 3662.57938  17.4%   424  365s
  3131  1388 3662.57938   28  485 3120.01185 3662.57938  17.4%   424  373s
  3132  1389 3660.28862   96  467 3120.01185 3660.28862  17.3%   424  377s
  3135  1391 3660.28862   60  461 3120.01185 3660.28862  17.3%   423  381s
  3139  1393 3660.28862  178  475 3120.01185 3660.28862  17.3%   423  385s
  3142  1395 3660.28862   92  444 3120.01185 3660.28862  17.3%   422  391s
  3143  1396 3660.28862   74  462 3120.01185 3660.28862  17.3%   422  396s
  3145  1397 3660.28862   28  456 3120.01185 3660.28862  17.3%   422  409s
  3146  1398 3660.28862   56  448 3120.01185 3660.28862  17.3%   422  412s
  3147  1399 3660.28862   99  443 3120.01185 3660.28862  17.3%   422  416s
  3151  1403 3660.28862   68  354 3120.01185 3660.28862  17.3%   495  420s
  3153  1404 3660.28862  145  343 3120.01185 3660.28862  17.3%   495  425s
  3155  1406 3654.34685  170  482 3120.01185 3654.34685  17.1%   494  430s
  3161  1410 3645.28684   35  417 3120.01185 3645.28684  16.8%   494  435s
  3163  1411 3645.28681   48  442 3120.01185 3645.28681  16.8%   493  440s
  3165  1412 3645.28681  175  398 3120.01185 3645.28681  16.8%   493  445s
  3169  1415 3645.28681  116  405 3120.01185 3645.28681  16.8%   492  451s
  3172  1417 3645.28681   75  406 3120.01185 3645.28681  16.8%   492  456s
  3174  1418 3645.28681  121  386 3120.01185 3645.28681  16.8%   492  460s
  3177  1420 3645.28681   46  433 3120.01185 3645.28681  16.8%   491  467s
  3179  1422 3645.28681   96  425 3120.01185 3645.28681  16.8%   491  470s
  3181  1423 3645.28681   88  422 3120.01185 3645.28681  16.8%   490  476s
  3183  1424 3645.28681   91  417 3120.01185 3645.28681  16.8%   490  481s
  3185  1426 3645.28681   57  426 3120.01185 3645.28681  16.8%   490  487s
  3189  1428 3645.28681  134  426 3120.01185 3645.28681  16.8%   489  491s
  3191  1430 3645.28681   73  427 3120.01185 3645.28681  16.8%   489  499s
  3192  1430 3645.28681   51  425 3120.01185 3645.28681  16.8%   489  502s
  3195  1432 3645.28681   26  424 3120.01185 3645.28681  16.8%   488  506s
  3197  1434 3645.28681   79  420 3120.01185 3645.28681  16.8%   488  511s
  3199  1435 3645.28681   72  417 3120.01185 3645.28681  16.8%   488  515s
  3201  1436 3645.28681  153  420 3120.01185 3645.28681  16.8%   487  520s
  3207  1442 3645.28681  154  359 3120.01185 3645.28681  16.8%   507  527s
  3210  1444 3645.28681  118  378 3120.01185 3645.28681  16.8%   507  530s
  3216  1448 3639.08464  176  400 3120.01185 3639.08464  16.6%   506  537s
  3221  1451 3639.08464  144  418 3120.01185 3639.08464  16.6%   505  541s
  3224  1453 3639.08464  122  413 3120.01185 3639.08464  16.6%   505  547s
  3225  1454 3639.08464   95  412 3120.01185 3639.08464  16.6%   504  551s
  3229  1457 3639.08464   32  427 3120.01185 3639.08464  16.6%   504  556s
  3231  1458 3639.08464   28  433 3120.01185 3639.08464  16.6%   503  561s
  3236  1461 3639.08464  112  400 3120.01185 3639.08464  16.6%   503  565s
  3240  1464 3639.08464   11  419 3120.01185 3639.08464  16.6%   502  570s
  3244  1467 3639.08464   59  437 3120.01185 3639.08464  16.6%   501  577s
  3245  1467 3638.77200   28  420 3120.01185 3638.77200  16.6%   501  580s
  3249  1470 3637.97251   42  435 3120.01185 3637.97251  16.6%   501  586s
  3251  1471 3637.94082   68  437 3120.01185 3637.94082  16.6%   500  591s
  3254  1473 3637.86238   15  431 3120.01185 3637.86238  16.6%   500  595s
  3262  1479 3637.84913  191  416 3120.01185 3637.84913  16.6%   499  601s
  3266  1481 3637.66789   92  422 3120.01185 3637.66789  16.6%   498  605s
H 3271  1409                    3120.6179150 3637.65996  16.6%   497  609s
  3272  1409 3637.65996   75  401 3120.61792 3637.65996  16.6%   497  610s
  3276  1412 3637.65986   41  395 3120.61792 3637.65986  16.6%   497  615s
  3277  1413 3637.65986   46  395 3120.61792 3637.65986  16.6%   496  628s
  3278  1416 3630.95658   35  365 3120.61792 3637.54406  16.6%   525  631s
  3280  1420 3630.95647   36  360 3120.61792 3630.95658  16.4%   528  635s
H 3287  1353                    3121.3451877 3630.94814  16.3%   533  638s
  3292  1366 3630.54618   38  396 3121.34519 3630.87221  16.3%   539  645s
  3306  1389 3630.53153   39  385 3121.34519 3630.80588  16.3%   553  652s
H 3314  1318                    3129.6483617 3630.80588  16.0%   554  652s
  3334  1331 3630.50136   41  364 3129.64836 3630.80588  16.0%   556  656s
H 3336  1265                    3134.0671652 3630.80588  15.8%   556  656s
  3353  1307 3629.97169   41  347 3134.06717 3630.80588  15.8%   563  661s
  3401  1317 3630.50136   42  359 3134.06717 3630.80588  15.8%   562  666s
  3486  1357 3630.12226   44  373 3134.06717 3630.80588  15.8%   574  672s
  3511  1361 3630.28101   44  373 3134.06717 3630.80588  15.8%   573  675s
H 3512  1298                    3134.8018047 3630.80588  15.8%   573  675s
H 3516  1239                    3135.3411306 3630.80588  15.8%   574  675s
  3562  1307 3630.08022   46  336 3135.34113 3630.80588  15.8%   574  681s
  3656  1369 3621.03887   48  313 3135.34113 3630.80588  15.8%   569  686s
  3778  1412 3619.73695   52  290 3135.34113 3630.80588  15.8%   557  690s
  3840  1492 3619.66044   55  272 3135.34113 3630.80588  15.8%   553  696s
  3989  1516 3619.66044   58  262 3135.34113 3630.80588  15.8%   541  700s
  4020  1537 3619.66044   59  282 3135.34113 3630.80588  15.8%   539  705s
H 4069  1503                    3137.7818086 3630.80588  15.7%   536  708s
  4078  1539 3619.65180   65  276 3137.78181 3630.80588  15.7%   535  711s
  4229  1686 3532.00117   72  267 3137.78181 3630.80588  15.7%   524  717s
  4338  1695 3617.95836   78  273 3137.78181 3630.80588  15.7%   515  720s
H 4387  1638                    3140.0785365 3630.80588  15.6%   512  722s
  4402  1692 3612.28366   80  258 3140.07854 3630.80588  15.6%   511  725s
  4603  1810 3604.05913   86  285 3140.07854 3630.64642  15.6%   497  732s
  4673  1896 3608.68563   90  251 3140.07854 3630.54618  15.6%   493  735s
  4857  2029 3608.68563   97  263 3140.07854 3630.54618  15.6%   483  743s
  5002  2056 3608.68563  102  256 3140.07854 3630.54618  15.6%   474  746s
  5083  2226 3608.68563  104  253 3140.07854 3630.54618  15.6%   470  750s
  5459  2246 3608.68563  114  261 3140.07854 3630.54618  15.6%   447  759s
  5476  2262 3608.68563  114  251 3140.07854 3630.54618  15.6%   446  763s
  5500  2305 3608.68563  115  262 3140.07854 3630.54618  15.6%   446  767s
  5558  2465 3608.68563  115  247 3140.07854 3630.54618  15.6%   444  770s
  5890  2671 3608.68563  124  256 3140.07854 3630.54618  15.6%   428  779s
  6095  2671 3581.18857  130  242 3140.07854 3630.54618  15.6%   420  783s
  6169  2802 3608.68563  133  243 3140.07854 3630.54618  15.6%   418  787s
  6334  2859 3608.68563  139  242 3140.07854 3630.54618  15.6%   412  791s
H 6408  2871                    3140.4923296 3630.54618  15.6%   410  795s
H 6424  2885                    3143.6994464 3630.54618  15.5%   410  799s
  6438  3006 3608.68563  144  226 3143.69945 3630.54618  15.5%   409  804s
  6578  3125 3608.68563  149  230 3143.69945 3630.54618  15.5%   404  809s
  6741  3295 3608.68563  155  234 3143.69945 3630.54618  15.5%   399  816s
  6955  3535 3608.68563  162  240 3143.69945 3630.54604  15.5%   392  821s
  7252  3814 3608.68563  170  238 3143.69945 3630.54604  15.5%   383  827s
  7608  3830 3578.45101  181  225 3143.69945 3630.54604  15.5%   372  832s
H 7615  3829                    3145.3328057 3630.54604  15.4%   372  832s
  7634  3968 3548.20347  181  206 3145.33281 3630.54604  15.4%   372  838s
  7806  4112 3578.00657  186  211 3145.33281 3630.54604  15.4%   369  845s
  7977  4344 3443.19101  192  252 3145.33281 3630.39195  15.4%   366  852s
  8258  4608 3409.49983  206  207 3145.33281 3630.39195  15.4%   361  859s
  8608  4685 3407.47166  223  206 3145.33281 3630.03683  15.4%   354  866s
  8698  4700 3407.47166  231  204 3145.33281 3630.02090  15.4%   354  873s
  8715  4713 3375.60959  231  201 3145.33281 3630.02090  15.4%   354  879s
H 8720  4709                    3147.3952577 3630.02090  15.3%   354  879s
H 8726  4682                    3156.4773808 3630.02090  15.0%   354  879s
H 8738  4638                    3165.5437441 3630.02090  14.7%   354  885s
  8752  4770 3380.73728  232  208 3165.54374 3630.02090  14.7%   354  892s
  8938  4926 3260.44945  244  211 3165.54374 3630.02090  14.7%   352  900s
  9123  5317 3406.31503  256  196 3165.54374 3629.88735  14.7%   351  908s
  9583  5730 3405.73672  282  192 3165.54374 3629.88735  14.7%   343  917s
 10136  5743 infeasible  309      3165.54374 3629.88707  14.7%   334  925s
H10141  5694                    3175.5268999 3629.88707  14.3%   333  925s
 10160  5926 3298.10476  310  193 3175.52690 3629.88707  14.3%   333  933s
 10438  6643 3398.89439  326  194 3175.52690 3629.59812  14.3%   331  942s
 11262  6856 3401.11021  350  177 3175.52690 3629.59812  14.3%   316  952s
 11553  7585     cutoff  360      3175.52690 3629.15764  14.3%   314  963s
 12403  7861 3621.25043   48  283 3175.52690 3629.15764  14.3%   302  975s
 12753  8269 3493.81760   59  303 3175.52690 3629.15764  14.3%   299  986s
H12822  8163                    3196.7728015 3629.15764  13.5%   298  986s
H13020  8130                    3201.9402540 3629.15764  13.3%   296  986s
 13265  8638 3614.29689   52  264 3201.94025 3629.15764  13.3%   295  999s
 13919  8898 3610.96822   71  243 3201.94025 3629.03204  13.3%   289 1010s
 14218  9511 3610.64383   79  241 3201.94025 3628.89003  13.3%   288 1021s
H14257  9478                    3207.4404949 3628.89003  13.1%   288 1021s
 14944 10145 3609.06233   99  223 3207.44049 3628.78460  13.1%   282 1033s
 15759 11052 3608.74000  123  219 3207.44049 3628.75929  13.1%   275 1046s
 16922 11346 3406.09823  139  192 3207.44049 3628.75929  13.1%   265 1060s
 17260 12418 3365.34960  147  211 3207.44049 3628.75929  13.1%   264 1071s
H18478 11931                    3236.0934506 3628.75929  12.1%   256 1077s
H18479 11843                    3239.5683510 3628.75929  12.0%   256 1077s
H18485 11638                    3252.2014583 3628.75929  11.6%   256 1077s
H18487 11476                    3257.0688900 3628.75929  11.4%   256 1077s
 18496 11774 3566.31434   82  246 3257.06889 3628.75929  11.4%   256 1085s
H18926 11710                    3261.6925993 3628.33198  11.2%   255 1091s
H18927 11464                    3266.8268677 3628.33198  11.1%   255 1091s
 18940 12247 3620.86429   49  314 3266.82687 3628.33198  11.1%   255 1101s
H19936 12671                    3268.8691962 3628.33198  11.0%   249 1118s
 20529 14027 3568.28035  120  223 3268.86920 3628.33198  11.0%   247 1134s
H20760 14026                    3268.9927585 3628.33198  11.0%   245 1134s
H22220 14294                    3275.0381795 3628.33198  10.8%   238 1143s
H22659 14256                    3276.3455593 3628.33198  10.7%   237 1143s
 22676 15365 3607.39934   56  266 3276.34556 3628.33198  10.7%   238 1154s
H24012 15649                    3279.0300954 3627.59964  10.6%   232 1162s
 24452 16740 3616.67559   55  295 3279.03010 3627.59964  10.6%   232 1174s
 25739 17157 3299.22764  185  171 3279.03010 3627.56972  10.6%   229 1182s
 26239 17487 3299.22764  186  196 3279.03010 3627.16965  10.6%   228 1189s
H26583 17419                    3284.4943757 3627.16965  10.4%   228 1197s
H26652 17265                    3287.8883151 3627.16965  10.3%   228 1197s
 26692 18140 3299.22764  188  185 3287.88832 3627.16965  10.3%   228 1208s
H27799 18365                    3288.4216485 3627.12153  10.3%   225 1218s
H27835 17648                    3307.6641873 3627.12153  9.66%   225 1218s
 28169 19425 infeasible  120      3307.66419 3627.12153  9.66%   226 1232s
 30322 19762 3555.47084   81  233 3307.66419 3627.12153  9.66%   219 1242s
 30805 21088 3553.77159  112  240 3307.66419 3626.79243  9.65%   220 1256s
 32510 22171 3582.48988  129  206 3307.66419 3626.79243  9.65%   217 1270s
 33987 22478 3620.21714   54  272 3307.66419 3626.79243  9.65%   215 1281s
H34009 22386                    3310.3206450 3626.79243  9.56%   215 1281s
H34387 22381                    3326.8079062 3625.82992  8.99%   215 1291s
H34524 21606                    3347.0165913 3625.82992  8.33%   215 1291s
H34914 21295                    3356.5313750 3625.82992  8.02%   214 1291s
 35039 21879 3463.74670  211  205 3356.53138 3625.82992  8.02%   213 1304s
 35937 24063 3418.92931   92  213 3356.53138 3625.82992  8.02%   213 1322s
 38649 24822 3478.26046  151  199 3356.53138 3621.42099  7.89%   208 1336s
 39565 24823 3601.87731   73  354 3356.53138 3621.42099  7.89%   208 1414s
 39567 24824 3372.33886  104  566 3356.53138 3621.42099  7.89%   208 1418s
 39568 24825 3398.11582  128  597 3356.53138 3621.42099  7.89%   208 1420s
H39569 23584                    3357.3518879 3621.42099  7.87%   208 1422s
H39572 22407                    3361.9546276 3621.42099  7.72%   208 1425s
H39573 21286                    3362.3399978 3621.42099  7.71%   208 1426s
H39574 20223                    3363.2461770 3621.42099  7.68%   208 1426s
H39574 19211                    3364.5434743 3621.42099  7.63%   208 1426s
H39574 18251                    3375.8957280 3621.42099  7.27%   208 1426s
H39574 17338                    3378.9774308 3621.42099  7.18%   208 1427s
H39574 16471                    3379.4413483 3621.42099  7.16%   208 1427s
 39578 16474 3379.44135  128  602 3379.44135 3621.42099  7.16%   208 1432s
H39579 15650                    3388.8638052 3621.42099  6.86%   208 1436s
H39579 14867                    3391.9318137 3621.42099  6.77%   208 1436s
H39579 14123                    3392.4024019 3621.42099  6.75%   208 1436s
H39579 13417                    3394.4355709 3621.42099  6.69%   208 1436s
 39581 13419 3454.78387  155  525 3394.43557 3621.42099  6.69%   208 1441s
H39581 12748                    3394.8663402 3621.42099  6.67%   208 1445s
H39581 12110                    3396.5073658 3621.42099  6.62%   208 1445s
H39583 11505                    3396.8014834 3621.42099  6.61%   208 1451s
 39587 11508 3606.68908  106  554 3396.80148 3621.42099  6.61%   208 1458s
 39590 11510 3487.80897  145  549 3396.80148 3621.42099  6.61%   208 1462s
H39590 10934                    3397.0290864 3621.42099  6.61%   208 1467s
H39590 10387                    3397.2252123 3621.42099  6.60%   208 1467s
H39591  9867                    3397.5120223 3621.42099  6.59%   208 1472s
H39591  9374                    3397.7396252 3621.42099  6.58%   208 1472s
 39593  9376 3440.57181  238  536 3397.73963 3621.42099  6.58%   208 1477s
 39594  9376 3617.75208   96  533 3397.73963 3621.42099  6.58%   208 1481s
H39594  8906                    3397.9357511 3621.42099  6.58%   208 1486s
H39595  8461                    3398.0332833 3621.42099  6.57%   208 1490s
H39595  8038                    3398.4435397 3621.42099  6.56%   208 1490s
H39596  7636                    3399.2435397 3621.42099  6.54%   208 1495s
H39597  7254                    3399.7224223 3621.42099  6.52%   208 1501s
 39599  7256 3458.35667  211  558 3399.72242 3621.42099  6.52%   208 1506s
 39600  7256 3518.45795  236  556 3399.72242 3621.42099  6.52%   208 1513s
 39601  7257 3526.65039  146  561 3399.72242 3621.42099  6.52%   208 1516s
 39602  7258 3554.30463  130  559 3399.72242 3621.42099  6.52%   207 1522s
 39603  7258 3534.25026   98  541 3399.72242 3621.42099  6.52%   207 1526s
 39605  7260 3586.61334   78  535 3399.72242 3621.42099  6.52%   207 1534s
 39606  7260 3533.47704  110  542 3399.72242 3621.42099  6.52%   207 1539s
 39607  7261 3605.45006   78  538 3399.72242 3621.42099  6.52%   207 1543s
H39607  6897                    3399.9185482 3621.42099  6.51%   207 1548s
 39609  6898 3440.71569  135  535 3399.91855 3621.42099  6.51%   207 1552s
 39610  6899 3608.63758  112  537 3399.91855 3621.42099  6.51%   207 1557s
 39611  6900 3609.02092   52  539 3399.91855 3621.42099  6.51%   207 1566s
 39612  6900 3560.78970  204  531 3399.91855 3621.42099  6.51%   207 1570s
 39613  6901 3505.28029   54  531 3399.91855 3621.42099  6.51%   207 1579s
 39614  6902 3511.27637  235  538 3399.91855 3621.42099  6.51%   207 1584s
 39615  6902 3555.97303   91  538 3399.91855 3621.42099  6.51%   207 1595s
 39616  6903 3504.77178   90  527 3399.91855 3621.42099  6.51%   207 1602s
 39617  6904 3404.18720  118  520 3399.91855 3621.42099  6.51%   207 1614s
 39618  6904 3606.99525   60  526 3399.91855 3621.42099  6.51%   207 1619s
 39619  6905 3482.52416  101  539 3399.91855 3621.42099  6.51%   207 1634s
 39620  6906 3459.78782  168  533 3399.91855 3621.42099  6.51%   207 1638s
 39621  6906 3399.91855  207  543 3399.91855 3621.42099  6.51%   207 1650s
 39622  6907 3410.54942  244  537 3399.91855 3621.42099  6.51%   207 1655s
 39624  6908 3399.91855   59  540 3399.91855 3621.42099  6.51%   207 1666s
 39625  6909 3599.83828   85  538 3399.91855 3621.42099  6.51%   207 1671s
 39626  6910 3422.22672   49  531 3399.91855 3621.42099  6.51%   207 1678s
 39627  6910 3618.20590   78  552 3399.91855 3621.42099  6.51%   207 1681s
 39628  6911 3472.30842  134  540 3399.91855 3621.42099  6.51%   207 1688s
 39629  6912 3537.75602  139  530 3399.91855 3621.42099  6.51%   207 1694s
 39630  6912 3436.83738  187  554 3399.91855 3621.42099  6.51%   207 1702s
 39631  6913 3580.50381   97  537 3399.91855 3621.42099  6.51%   207 1705s
 39633  6914 3511.73894   75  525 3399.91855 3621.42099  6.51%   207 1712s
 39634  6915 3400.47084  274  525 3399.91855 3621.42099  6.51%   207 1715s
 39637  6917 3412.53525   67  560 3399.91855 3621.42099  6.51%   207 1722s
 39638  6918 3399.91855  117  569 3399.91855 3621.42099  6.51%   207 1726s
 39639  6918 3614.34383   50  568 3399.91855 3621.42099  6.51%   207 1731s
 39640  6919 3569.38777   91  558 3399.91855 3621.42099  6.51%   207 1735s
 39641  6920 3545.26316   69  559 3399.91855 3621.42099  6.51%   207 1741s
 39642  6920 3610.05897   59  566 3399.91855 3621.42099  6.51%   207 1745s
 39643  6921 3541.66152  116  559 3399.91855 3621.42099  6.51%   207 1751s
 39644  6922 3438.18833  105  564 3399.91855 3621.42099  6.51%   207 1755s
 39645  6922 3535.44276  184  568 3399.91855 3621.42099  6.51%   207 1761s
 39647  6924 3447.75194  146  562 3399.91855 3621.42099  6.51%   207 1769s
 39648  6924 3491.82400   69  554 3399.91855 3621.42099  6.51%   207 1774s
 39649  6925 3562.54465  147  562 3399.91855 3621.42099  6.51%   207 1779s
 39650  6926 3615.66044   94  585 3399.91855 3621.42099  6.51%   207 1782s
 39651  6926 3516.11545   71  565 3399.91855 3621.42099  6.51%   207 1788s
 39652  6927 3620.72668   56  564 3399.91855 3621.42099  6.51%   207 1792s
 39653  6928 3418.20254  123  566 3399.91855 3621.42099  6.51%   207 1797s
 39654  6928 3492.55266  154  558 3399.91855 3621.42099  6.51%   207 1801s
H39654  6580                    3400.0796794 3621.42099  6.51%   207 1801s
 39655  6581 3497.24816  208  560 3400.07968 3621.42099  6.51%   207 1805s
 39656  6582 3608.68563   92  563 3400.07968 3621.42099  6.51%   207 1810s
 39657  6582 3517.03944  199  563 3400.07968 3621.42099  6.51%   207 1815s
 39661  6590 3621.42099   47  466 3400.07968 3621.42099  6.51%   210 1823s
 39665  6597 3621.42099   48  440 3400.07968 3621.42099  6.51%   210 1826s
 39687  6644 3616.48913   50  468 3400.07968 3621.42099  6.51%   211 1831s
H39733  6311                    3400.9746386 3621.42099  6.48%   213 1833s
H39734  5997                    3401.4694840 3621.42099  6.47%   213 1833s
 39743  6027 3518.49298   51  479 3401.46948 3621.42099  6.47%   213 1836s
 39810  6048 3616.24297   54  392 3401.46948 3621.42099  6.47%   214 1840s
H39828  5761                    3402.0659494 3621.42099  6.45%   214 1842s
 39887  5791 3616.24297   56  393 3402.06595 3621.42099  6.45%   215 1845s
 39930  5814 3581.24245   58  418 3402.06595 3621.42099  6.45%   216 1851s
H39939  5527                    3402.1430609 3621.42099  6.45%   216 1851s
 39969  5565 3616.19056   59  338 3402.14306 3621.42099  6.45%   217 1855s
 40061  5622 3613.87731   63  318 3402.14306 3621.42099  6.45%   217 1861s
 40160  5725 3613.87731   66  293 3402.14306 3621.42099  6.45%   218 1866s
 40272  5725 3613.87731   70  313 3402.14306 3621.42099  6.45%   218 1873s
 40288  5733 3605.21331   70  296 3402.14306 3621.42099  6.45%   218 1875s
 40330  5757 3613.87731   72  295 3402.14306 3621.42099  6.45%   219 1881s
 40358  5772 3613.87731   73  293 3402.14306 3621.42099  6.45%   219 1886s
 40388  5792 3613.87731   74  334 3402.14306 3621.42099  6.45%   219 1891s
 40427  5851 3613.87731   75  305 3402.14306 3621.42099  6.45%   219 1896s
H40445  5576                    3402.1430614 3621.42099  6.45%   219 1896s
 40562  5644 3613.87731   80  322 3402.14306 3621.42099  6.45%   219 1900s
 40659  5756 3613.87731   83  293 3402.14306 3621.42099  6.45%   220 1906s
 40832  5888 3613.87731   93  288 3402.14306 3621.42099  6.45%   220 1912s
 40997  5954 3613.87731  101  274 3402.14306 3621.42099  6.45%   220 1915s
 41226  6074 3611.84665  113  232 3402.14306 3616.91541  6.31%   220 1920s
 41613  6117     cutoff  137      3402.14306 3616.91541  6.31%   220 1927s
 41677  6153 3555.79024  144  215 3402.14306 3616.91541  6.31%   221 1930s
 41981  6305 3521.12357  156  215 3402.14306 3616.91541  6.31%   221 1938s
 42124  6326 3510.60670  169  210 3402.14306 3616.91541  6.31%   222 1942s
 42220  6501 3510.37481  172  220 3402.14306 3616.91541  6.31%   222 1945s
 42694  6488 3491.40396  199  199 3402.14306 3616.88523  6.31%   222 1952s
 42813  6665 3611.22305   59  344 3402.14306 3616.66916  6.31%   222 1956s
 43136  6709 3605.00108   81  295 3402.14306 3616.66916  6.31%   222 1961s
 43408  6671 3603.93791  101  281 3402.14306 3616.66916  6.31%   223 1965s
 43509  6666 3564.88227  113  272 3402.14306 3616.66916  6.31%   223 1974s
 43526  6696 3564.88227  114  272 3402.14306 3616.66916  6.31%   223 1982s
H43545  6430                    3402.7840258 3616.66916  6.29%   223 1982s
 43569  6522 3549.39783  131  242 3402.78403 3616.66916  6.29%   223 1990s
 43709  6789 3542.12635  149  248 3402.78403 3616.53207  6.28%   224 1999s
 44105  7143 3421.53760  188  258 3402.78403 3616.53207  6.28%   224 2006s
 44683  7361 3615.01880   64  368 3402.78403 3616.53207  6.28%   224 2014s
H45119  6973                    3402.7840263 3616.44804  6.28%   224 2014s
 45232  7015 3613.87731   71  300 3402.78403 3616.44804  6.28%   224 2022s
 45378  7602 3613.87731   73  303 3402.78403 3616.44804  6.28%   225 2030s
 46082  7595 3601.29373   86  299 3402.78403 3616.44804  6.28%   224 2038s
 46360  8186 3605.43286   98  293 3402.78403 3616.19056  6.27%   225 2047s
 47158  8122 3589.59144  120  237 3402.78403 3616.19056  6.27%   225 2055s
 47408  8567 3572.08948  137  192 3402.78403 3616.19056  6.27%   225 2065s
 48101  8796 3569.95454  173  233 3402.78403 3616.19056  6.27%   225 2074s
 48728  8650 3513.90809   68  442 3402.78403 3616.19056  6.27%   225 2083s
 48837  8993 3615.58333   60  403 3402.78403 3616.19056  6.27%   226 2093s
 49323  8887 3506.07742  125  315 3402.78403 3616.19056  6.27%   226 2103s
 49421  9462 3616.02916   56  361 3402.78403 3616.17794  6.27%   227 2114s
 50239 10050 3470.54833   94  269 3402.78403 3616.06193  6.27%   226 2125s
 51295  9838 3611.46582  108  228 3402.78403 3616.06193  6.27%   225 2136s
 51497 10863 3598.79575  130  208 3402.78403 3616.06193  6.27%   226 2148s
 52829 11037 3424.01546  268  134 3402.78403 3616.00172  6.27%   224 2159s
 53600 12011 3566.19244   73  334 3402.78403 3615.95654  6.26%   224 2170s
 55018 12140 3497.84434   68  400 3402.78403 3615.95633  6.26%   223 2181s
 55212 13052 3412.04192   85  332 3402.78403 3615.95633  6.26%   223 2193s
 56393 13408 infeasible  104      3402.78403 3615.95633  6.26%   223 2205s
 57121 13983 3410.45794   78  325 3402.78403 3615.86340  6.26%   225 2218s
 58010 14108 3613.63825   89  352 3402.78403 3615.86326  6.26%   226 2229s
 58152 14136 3597.12921   94  362 3402.78403 3615.86309  6.26%   227 2242s
 58182 14554 3588.32419   96  340 3402.78403 3615.86309  6.26%   227 2256s
 58742 16044 infeasible  175      3402.78403 3615.86309  6.26%   226 2283s
 60742 16097 3486.00726   93  339 3402.78403 3615.84099  6.26%   226 2293s
 60848 17175 3486.00726   96  297 3402.78403 3615.84099  6.26%   226 2306s
 62083 17253 3613.87731   84  322 3402.78403 3615.77004  6.26%   226 2316s
 62193 18206 3612.89772   88  337 3402.78403 3615.77004  6.26%   226 2326s
 63330 19236 3463.88401   69  371 3402.78403 3615.75013  6.26%   226 2337s
 64513 19305 3591.29081   76  342 3402.78403 3615.60707  6.25%   224 2350s
 64627 20588 3589.17143   86  326 3402.78403 3615.60707  6.25%   225 2362s
 66214 21732 3607.34942   86  302 3402.78403 3615.60707  6.25%   223 2373s
 67657 22296 3613.87731  103  273 3402.78403 3615.60707  6.25%   222 2385s
 68255 23878 3612.52520  144  260 3402.78403 3615.60707  6.25%   222 2396s
 70183 24031 3457.78451  207  277 3402.78403 3615.60707  6.25%   221 2407s
 70349 25781 3558.81530  210  219 3402.78403 3615.60707  6.25%   221 2420s
 72577 27671 3613.85864  100  306 3402.78403 3615.60707  6.25%   219 2433s
 74684 28564 3554.68873  177  260 3402.78403 3615.60707  6.25%   216 2446s
 75719 28638 3494.89511   91  259 3402.78403 3615.60707  6.25%   215 2461s
 75793 29771 3494.31680   97  277 3402.78403 3615.60707  6.25%   215 2474s
 77060 30832 3598.14503   79  322 3402.78403 3615.60707  6.25%   214 2487s
 78249 32176     cutoff   77      3402.78403 3615.60707  6.25%   213 2505s
 79750 35397     cutoff   85      3402.78403 3615.60707  6.25%   212 2523s
 83816 35518 infeasible  187      3402.78403 3615.60707  6.25%   209 2531s
 83980 37188 3425.72566  204  213 3402.78403 3615.60707  6.25%   209 2539s
 85950 38068 3589.09149  179  253 3402.78403 3615.60707  6.25%   207 2547s
 86990 39619 3585.70326  185  254 3402.78403 3615.60707  6.25%   207 2556s
 88945 39747 3505.84018  311  293 3402.78403 3615.60707  6.25%   206 2562s
 89114 40953 3475.01977  341  210 3402.78403 3615.60707  6.25%   206 2570s
 90616 41984 3612.75126  101  307 3402.78403 3615.60707  6.25%   207 2577s
 91986 43331 3520.56515  129  268 3402.78403 3615.60707  6.25%   208 2585s
 93905 43450 3508.01921  182  218 3402.78403 3615.60707  6.25%   208 2591s
 94167 45520 3507.81405  191  213 3402.78403 3615.60707  6.25%   208 2599s
 96381 45520 3612.73605   82  280 3402.78403 3615.60707  6.25%   207 2600s
 96652 47506 3612.23520  122  293 3402.78403 3615.60707  6.25%   206 2607s
 98928 50944 3521.50955   86  262 3402.78403 3615.60707  6.25%   205 2623s
 102755 51041 3540.68908  187  188 3402.78403 3615.60707  6.25%   202 2628s
 102854 52596 3538.27173  196  187 3402.78403 3615.60707  6.25%   202 2634s
 104724 52936 3452.13355  107  275 3402.78403 3615.60707  6.25%   201 2639s
 105142 52988 3424.29462  135  276 3402.78403 3615.60707  6.25%   201 2645s
 105247 54454 3615.58333   79  332 3402.78403 3615.60707  6.25%   201 2651s
 106874 55586 3418.23260   97  279 3402.78403 3615.60707  6.25%   200 2657s
 108248 55638 3471.70044   86  322 3402.78403 3615.60707  6.25%   200 2663s
 108372 56553 3614.32017   88  298 3402.78403 3615.60707  6.25%   200 2669s
 109909 57727 3598.19174   84  355 3402.78403 3615.60707  6.25%   199 2676s
 111528 57801 3467.61041  110  233 3402.78403 3615.60707  6.25%   199 2682s
 111632 58938 infeasible  118      3402.78403 3615.60707  6.25%   199 2688s
 113109 60039 3533.86939  151  254 3402.78403 3615.60707  6.25%   198 2694s
 114595 61980 3453.74508  143  251 3402.78403 3615.60707  6.25%   198 2701s
 116851 62106 3570.56351  107  281 3402.78403 3615.60707  6.25%   197 2706s
 117015 63601 3565.72984  116  230 3402.78403 3615.60707  6.25%   197 2712s
 118718 66386 3525.73566  344  223 3402.78403 3615.60707  6.25%   196 2728s
 122228 66471 3581.57396   87  307 3402.78403 3615.60707  6.25%   195 2733s
 122315 68041 3559.46600   94  232 3402.78403 3615.60707  6.25%   195 2739s
 124015 68698 3449.98037  139  267 3402.78403 3615.60707  6.25%   194 2745s
 124806 69892 3614.17171   76  309 3402.78403 3615.60707  6.25%   194 2751s
 126226 69979 3589.37323  224  232 3402.78403 3615.60707  6.25%   193 2757s
 126372 71180 3587.50046  226  252 3402.78403 3615.60707  6.25%   194 2764s
 127846 72358 3588.05980   94  298 3402.78403 3615.60707  6.25%   193 2771s
 129202 72409 3478.30231  105  274 3402.78403 3615.60707  6.25%   193 2777s
 129284 73793 3464.59155  110  343 3402.78403 3615.60707  6.25%   193 2785s
 130931 74790 3413.59650  142  239 3402.78403 3615.60526  6.25%   193 2791s
 132116 75545 3449.37472  134  256 3402.78403 3615.60526  6.25%   193 2797s
 133120 75575 3613.87731   78  280 3402.78403 3615.60526  6.25%   193 2805s
 133159 76573 3613.87731   82  279 3402.78403 3615.60526  6.25%   193 2812s
 134523 76627 3481.56626  112  336 3402.78403 3615.60526  6.25%   193 2818s
 134628 77562 3472.31324  116  291 3402.78403 3615.60526  6.25%   193 2825s
 135968 78781 3476.49611  103  283 3402.78403 3615.60526  6.25%   193 2832s
 137544 79386 3610.93444  126  308 3402.78403 3615.60526  6.25%   193 2837s
 138180 82166 3585.38400  186  303 3402.78403 3615.60526  6.25%   193 2852s
 141509 82241 3613.06425  101  339 3402.78403 3615.60526  6.25%   192 2857s
 141602 83642 3612.72791  103  320 3402.78403 3615.60526  6.25%   192 2863s
 143342 85050 3615.60526   87  305 3402.78403 3615.60526  6.25%   191 2869s
 145092 85115 3610.16826  236  269 3402.78403 3615.60526  6.25%   191 2874s
 145245 86283 3606.64340  237  280 3402.78403 3615.60526  6.25%   191 2880s
 146785 87631 3602.42633  106  307 3402.78403 3615.60526  6.25%   190 2886s
 148453 87666 infeasible  183      3402.78403 3615.60526  6.25%   190 2891s
 148548 88734 3607.63951   81  386 3402.78403 3615.60526  6.25%   190 2896s
 149845 88751 3450.65007  126  284 3402.78403 3615.60526  6.25%   189 2902s
 149889 88811 3447.40687  127  266 3402.78403 3615.60526  6.25%   189 2906s
 149996 90327 3446.87385  128  254 3402.78403 3615.60526  6.25%   189 2912s
 151800 91793 3515.03884  181  214 3402.78403 3615.60526  6.25%   189 2918s
 153574 91886 3493.87809  121  255 3402.78403 3615.60526  6.25%   188 2922s
 153722 92866 3461.21723  127  236 3402.78403 3615.60526  6.25%   188 2928s
 154958 93880 3461.21723  170  190 3402.78403 3615.60526  6.25%   188 2934s
 156436 94294     cutoff  155      3402.78403 3615.60526  6.25%   188 2939s
 157027 95704 3613.87731  135  261 3402.78403 3615.60526  6.25%   188 2946s
 158833 95847 3457.36549  129  278 3402.78403 3615.60526  6.25%   187 2958s
 159079 97981 3427.03687  140  257 3402.78403 3615.60526  6.25%   187 3028s
 161581 98373 3499.39744  182  258 3402.78403 3615.60526  6.25%   187 3059s
 162149 107609     cutoff  126      3402.78403 3615.60526  6.25%   187 3120s
 174057 109073 infeasible  127      3402.78403 3615.60526  6.25%   185 3135s
H175100 109019                    3403.1979940 3615.60526  6.24%   185 3135s
 175989 111282 3582.06100  125  301 3403.19799 3615.60526  6.24%   185 3145s
 178702 114643 3511.96146  114  348 3403.19799 3615.60526  6.24%   184 3162s
 182523 114685 3520.43849  348  272 3403.19799 3615.60526  6.24%   183 3167s
 182627 115201 3521.87430  346  229 3403.19799 3615.60526  6.24%   183 3174s
H182736 115181                    3403.3827435 3615.60526  6.24%   183 3174s
H183083 115134                    3403.6637397 3615.60526  6.23%   183 3174s
H183194 115101                    3403.8295730 3615.60526  6.22%   183 3174s
 183237 115170 3605.70210  105  296 3403.82957 3615.60526  6.22%   183 3178s
 183330 116920 3605.70092  109  319 3403.82957 3615.60526  6.22%   183 3185s
 185279 118191 3564.66346  186  252 3403.82957 3615.60526  6.22%   182 3192s
 186802 118303 3494.34499  120  307 3403.82957 3615.60526  6.22%   182 3198s
 186973 119604 3494.03979  123  289 3403.82957 3615.60526  6.22%   182 3204s
 188552 120769 3613.85501   87  309 3403.82957 3615.60526  6.22%   182 3211s
 190144 120889 3462.88205  124  292 3403.82957 3615.60526  6.22%   182 3216s
 190320 121684 3459.63050  127  291 3403.82957 3615.60526  6.22%   182 3222s
 191506 122575 3487.27494   97  329 3403.82957 3615.60261  6.22%   182 3227s
 192733 122626     cutoff   99      3403.82957 3615.60261  6.22%   181 3236s
 192800 123377 3615.60261   72  328 3403.82957 3615.60261  6.22%   182 3243s
 193793 124524 3615.03393   89  292 3403.82957 3615.60261  6.22%   182 3250s
 195222 125491 3589.91574  371  277 3403.82957 3615.60261  6.22%   181 3256s
 196439 125530 3510.92261   78  315 3403.82957 3615.60261  6.22%   182 3329s
H196470 125530                    3403.8295748 3615.60261  6.22%   182 3329s
H196500 125470                    3404.2953186 3615.60261  6.21%   182 3329s
 196567 126033 3503.81659   83  281 3404.29532 3615.60261  6.21%   182 3337s
 197430 126375 3443.78712  113  193 3404.29532 3615.60261  6.21%   182 3346s
 198008 126494 3510.35393   80  260 3404.29532 3615.60261  6.21%   182 3358s
 198198 136853 3446.99488   95  252 3404.29532 3615.60261  6.21%   183 3465s
 212198 136910 3476.40842  167  264 3404.29532 3615.60261  6.21%   184 3475s
 212368 136972 3600.52211   83  340 3404.29532 3615.60261  6.21%   184 3481s
 212499 138006 3585.52297   90  325 3404.29532 3615.60261  6.21%   184 3494s
 213865 138293 3491.22417  121  327 3404.29532 3615.60261  6.21%   184 3502s
 214280 139842 3615.02490   91  293 3404.29532 3615.60261  6.21%   184 3513s
 216250 141513 3447.42141  121  304 3404.29532 3615.59504  6.21%   184 3524s
 218227 141634 3591.06172   93  280 3404.29532 3615.59504  6.21%   184 3544s
 218419 152713 3594.24838  104  268 3404.29532 3615.59504  6.21%   184 3663s
 229419 152713 3436.48389  180  241 3404.29532 3615.59457  6.21%   184 3669s
 232419 152754 3574.87364   89  287 3404.29532 3615.59457  6.21%   184 3682s
H232442 152754                    3404.2953224 3615.59457  6.21%   184 3682s
 232503 152809 3574.02510   94  293 3404.29532 3615.59457  6.21%   184 3691s
 232604 152843 3573.48016  101  272 3404.29532 3615.59457  6.21%   184 3705s
H232605 152843                    3404.2953248 3615.59457  6.21%   184 3705s
 232646 152919 3573.48016  102  274 3404.29532 3615.59457  6.21%   184 3717s
 232756 154585 3572.32353  106  301 3404.29532 3615.59457  6.21%   184 3732s
 234717 155913 3488.96564  114  289 3404.29532 3615.58980  6.21%   184 3746s
 236253 157032 3485.57907  116  284 3404.29532 3615.58980  6.21%   184 3758s
 237670 157045 3614.19183   97  304 3404.29532 3615.58811  6.21%   184 3784s
 237685 167779 3509.86727   97  294 3404.29532 3615.58811  6.21%   184 4060s
 251685 171356 3444.98955  117  278 3404.29532 3615.58811  6.21%   184 4091s
 256293 172612 3436.21204  118  312 3404.29532 3615.58811  6.21%   183 4108s
 257950 175320 3474.23159  111  372 3404.29532 3615.58811  6.21%   183 4128s
 261178 175421 3435.46725  145  256 3404.29532 3615.58811  6.21%   183 4136s
 261307 176170 3431.89689  146  236 3404.29532 3615.58811  6.21%   183 4143s
 262253 177184 3465.26175  111  299 3404.29532 3615.58811  6.21%   183 4151s
 263870 178306 3602.92860   91  354 3404.29532 3615.58811  6.21%   183 4159s
 265079 178306 3584.65442   84  323 3404.29532 3615.58811  6.21%   182 4160s
 265348 180061 3585.81272   91  305 3404.29532 3615.58811  6.21%   182 4168s
 267254 181219 3560.32221  223  252 3404.29532 3615.58811  6.21%   182 4176s
 268601 182659 3556.55833  314  270 3404.29532 3615.58775  6.21%   182 4184s
 270249 183871 3591.09354   96  298 3404.29532 3615.58775  6.21%   182 4192s
 271749 184877 3543.41900  155  243 3404.29532 3615.58775  6.21%   182 4199s
 273012 186197 3475.58426  118  260 3404.29532 3615.58775  6.21%   182 4207s
 274634 187488 3434.22000  162  225 3404.29532 3615.58775  6.21%   181 4215s
 276088 188655 3597.55731  127  278 3404.29532 3615.58775  6.21%   181 4222s
 277420 190998 3597.55731  262  242 3404.29532 3615.58775  6.21%   181 4240s
 280258 191066 3590.74143  234  269 3404.29532 3615.58775  6.21%   181 4245s
 280363 192601 3584.06011  236  304 3404.29532 3615.58775  6.21%   181 4253s
 282103 193900 3481.64989  160  278 3404.29532 3615.58775  6.21%   181 4261s
 283663 193937 3464.26049  106  252 3404.29532 3615.58775  6.21%   181 4265s
 283779 195255 3464.23048  110  249 3404.29532 3615.58775  6.21%   181 4274s
 285428 196350 infeasible  100      3404.29532 3615.58775  6.21%   181 4283s
 286854 196432 3494.86990  189  281 3404.29532 3615.58775  6.21%   181 4288s
 286970 197928 3494.75281  190  281 3404.29532 3615.58775  6.21%   181 4298s
 288823 199098 3461.62735  338  224 3404.29532 3615.58775  6.21%   180 4306s
 290306 200203 3582.41730  115  331 3404.29532 3615.58775  6.21%   180 4314s
 291696 200275 3454.94875  203  284 3404.29532 3615.58775  6.21%   180 4320s
 291814 201072 3427.31207  204  280 3404.29532 3615.58767  6.21%   180 4327s
 293161 201215 3455.77371  115  263 3404.29532 3615.58767  6.21%   180 4337s
 293472 201316     cutoff  121      3404.29532 3615.58767  6.21%   180 4343s
 293603 202676 3438.63648  122  249 3404.29532 3615.58767  6.21%   180 4352s
 295697 204199 3512.05644   78  316 3404.29532 3615.58767  6.21%   180 4361s
 297395 206268 3436.10944  137  287 3404.29532 3615.58512  6.21%   180 4377s
 299758 206319 3615.03393  100  318 3404.29532 3615.58512  6.21%   180 4384s
 299875 207931 3615.03393  104  301 3404.29532 3615.58512  6.21%   180 4393s
 301633 207988 3535.33645  199  252 3404.29532 3615.58391  6.21%   180 4399s
 301750 209630 3535.00642  204  250 3404.29532 3615.58391  6.21%   180 4408s
 303629 209738 3583.66151   99  334 3404.29532 3615.58391  6.21%   180 4414s
 303805 210707 3583.66151  102  324 3404.29532 3615.58391  6.21%   180 4422s
 305116 211881 3535.55000   65  344 3404.29532 3615.58391  6.21%   180 4431s
 306609 211951 3517.41834  150  319 3404.29532 3615.58391  6.21%   180 4437s
 306726 213306 3517.01127  153  262 3404.29532 3615.58391  6.21%   180 4447s
 308445 214311     cutoff   94      3404.29532 3615.58333  6.21%   180 4456s
 309887 214396 3520.23345  106  248 3404.29532 3615.58333  6.21%   180 4463s
 310063 215834 3499.60876  121  203 3404.29532 3615.58333  6.21%   180 4474s
 312000 217281 3569.37766  142  259 3404.29532 3615.58333  6.21%   180 4483s
 313724 217436 3503.99588   99  310 3404.29532 3615.58333  6.21%   180 4489s
 313909 218860 3503.48227  103  316 3404.29532 3615.58333  6.21%   180 4498s
 315555 219874 3443.47499  254  246 3404.29532 3615.58333  6.21%   180 4507s
 317009 220670 3602.00792  102  302 3404.29532 3615.58333  6.21%   180 4525s
 318110 220809 infeasible  139      3404.29532 3615.58333  6.21%   180 4535s
 318366 224546 3604.53786  102  312 3404.29532 3615.58333  6.21%   181 4562s
 323011 226162 3455.71964  111  259 3404.29532 3615.58333  6.21%   180 4574s
 324890 227522 3497.96023  212  248 3404.29532 3615.58333  6.21%   180 4584s
 326531 227620 3464.32607  125  246 3404.29532 3615.58333  6.21%   180 4590s
 326701 229039 3460.82292  133  285 3404.29532 3615.58333  6.21%   180 4600s
 328471 230708 3512.66579  176  274 3404.29532 3615.58333  6.21%   180 4611s
 330367 231077 3501.03317  138  245 3404.29532 3615.58333  6.21%   180 4618s
 330884 231269 3495.01045  149  303 3404.29532 3615.58333  6.21%   180 4626s
 331219 232544 3610.67030  106  295 3404.29532 3615.58333  6.21%   180 4637s
 332845 233941 3484.28360  102  282 3404.29532 3615.58333  6.21%   180 4648s
 334478 233998 3438.53510  252  262 3404.29532 3615.58333  6.21%   180 4656s
 334577 235481 3615.03393   75  326 3404.29532 3615.58333  6.21%   180 4667s
 336223 237016 3436.27349  150  259 3404.29532 3615.58333  6.21%   181 4685s
 338040 237122 infeasible  165      3404.29532 3615.58333  6.21%   181 4692s
 338217 238886 3442.57802  170  248 3404.29532 3615.58333  6.21%   181 4706s
 340297 240097     cutoff  145      3404.29532 3615.58333  6.21%   181 4716s
 341994 240182     cutoff  194      3404.29532 3615.58333  6.21%   181 4722s
 342145 241495 3615.03391   79  294 3404.29532 3615.58333  6.21%   181 4733s
 343879 242660 3530.03992  106  312 3404.29532 3615.58333  6.21%   181 4743s
 345365 242678 3431.62135  154  258 3404.29532 3615.58333  6.21%   182 4752s
 345417 242758 3431.62135  155  227 3404.29532 3615.58333  6.21%   182 4760s
 345526 243998 3431.62135  156  256 3404.29532 3615.58333  6.21%   182 4771s
 347106 245550 3427.76081  219  236 3404.29532 3615.58333  6.21%   182 4783s
 349092 245666 3415.58487   95  316 3404.29532 3615.58333  6.21%   182 4790s
 349289 247019 3415.07099  100  290 3404.29532 3615.58333  6.21%   182 4800s
 350905 247345 3439.75361  117  245 3404.29532 3615.58333  6.21%   182 4807s
 351303 249056 3439.75361  135  240 3404.29532 3615.58333  6.21%   182 4819s
 353261 250591 3521.82830  298  260 3404.29532 3615.58333  6.21%   182 4830s
 355183 250868 3437.99436  131  288 3404.29532 3615.58333  6.21%   182 4836s
 355567 252222 3429.62962  137  275 3404.29532 3615.58333  6.21%   182 4853s
 357561 252757 3564.59264   93  308 3404.29532 3615.58333  6.21%   182 4862s
 358335 253514 3608.40443   93  325 3404.29532 3615.58333  6.21%   182 4871s
 359396 255615 3554.18487  148  248 3404.29532 3615.58333  6.21%   182 4886s
 362054 255722 3507.74165  246  248 3404.29532 3615.58333  6.21%   182 4893s
 362222 257332 3602.68420   71  334 3404.29532 3615.58333  6.21%   182 4905s
 364153 258989 3583.35706  107  309 3404.29532 3615.58333  6.21%   182 4916s
 365988 260450 3486.36519  184  224 3404.29532 3615.58333  6.21%   182 4927s
 367769 260528 3451.79836   95  272 3404.29532 3615.58333  6.21%   181 4934s
 367931 261510 3451.73849   97  276 3404.29532 3615.58333  6.21%   182 4943s
 369180 262383 3587.06678  108  274 3404.29532 3615.58333  6.21%   182 4952s
 370337 262580 3554.84178  165  210 3404.29532 3615.58333  6.21%   182 4959s
 370565 263713 3443.68536  179  216 3404.29532 3615.58333  6.21%   182 4969s
 371119 263713 3424.31069  159  225 3404.29532 3615.58333  6.21%   182 4970s
 372158 264808 3481.57361  270  175 3404.29532 3615.58333  6.21%   182 4982s
 373890 265635 3433.16042  120  263 3404.29532 3615.58333  6.21%   182 4992s
 375347 265794 3483.80120  115  278 3404.29532 3615.58333  6.21%   182 5003s
 375568 275343 3615.03393   77  297 3404.29532 3615.58333  6.21%   182 5108s
 388065 275448 3419.05232  127  232 3404.29532 3615.58333  6.21%   183 5129s
 388229 275594 3412.65232  136  219 3404.29532 3615.58333  6.21%   183 5142s
 388402 276001 3615.58333   78  314 3404.29532 3615.58333  6.21%   183 5162s
 388931 276618 3527.37695  106  300 3404.29532 3615.58333  6.21%   184 5178s
 389944 277046 3615.40336   97  339 3404.29532 3615.58333  6.21%   184 5194s
 390625 277149 3525.15834  106  376 3404.29532 3615.58333  6.21%   185 5209s
 390843 278198 3615.58333   82  318 3404.29532 3615.58333  6.21%   185 5227s
 392303 278804 3594.22291   93  365 3404.29532 3615.58333  6.21%   185 5243s
 393084 280225 3454.70923  137  245 3404.29532 3615.58333  6.21%   185 5264s
 394891 280341 3614.30666   83  290 3404.29532 3615.58333  6.21%   186 5290s
 395105 289878 3614.30666   90  277 3404.29532 3615.58333  6.21%   186 5431s
 407919 289949 3427.32916  161  270 3404.29532 3615.58333  6.21%   187 5445s
 408058 290065 3427.28978  162  271 3404.29532 3615.58333  6.21%   187 5454s
 408226 290115 3614.45562   70  303 3404.29532 3615.58333  6.21%   187 5468s
H408230 289021                    3406.0070628 3615.58333  6.15%   187 5468s
 408294 289159 3614.45562   74  335 3406.00706 3615.58333  6.15%   187 5477s
 408441 290749 3614.40986   80  301 3406.00706 3615.58333  6.15%   187 5493s
 410278 292161 3595.73757   71  348 3406.00706 3615.58333  6.15%   187 5508s
 412008 293439 infeasible  124      3406.00706 3615.58333  6.15%   187 5526s
 413754 294785 3614.19183  104  280 3406.00706 3615.58333  6.15%   187 5541s
 415436 294987 3504.07805   95  276 3406.00706 3615.58333  6.15%   187 5553s
 415664 305904 3491.81022  115  280 3406.00706 3615.58333  6.15%   187 5669s
 419487 305904 3497.18429  138  344 3406.00706 3615.58333  6.15%   187 5671s
 428818 305979 3614.37592   90  295 3406.00706 3615.58333  6.15%   187 5682s
 428985 305987 3473.40057   93  290 3406.00706 3615.58333  6.15%   187 5695s
H428989 303838                    3409.2220101 3615.58333  6.05%   187 5695s
 429007 303969 3614.37459   93  289 3409.22201 3615.58333  6.05%   187 5702s
H429203 303540                    3410.2117009 3615.58333  6.02%   187 5720s
 429241 303691 3497.36046   99  323 3410.21170 3615.58333  6.02%   187 5728s
 429449 304780 3415.45582  115  249 3410.21170 3615.58333  6.02%   187 5751s
 430977 305812 3429.66220  130  227 3410.21170 3615.58333  6.02%   187 5773s
 432302 307248 3506.43676  102  350 3410.21170 3615.58333  6.02%   187 5790s
 434000 307367 infeasible  140      3410.21170 3615.58333  6.02%   187 5798s
 434217 309069 3498.61758  100  302 3410.21170 3615.58333  6.02%   187 5818s
 436194 311110 3603.21588   77  310 3410.21170 3615.58333  6.02%   187 5845s
 438886 311204 3443.06489   96  276 3410.21170 3615.58333  6.02%   187 5851s
 439090 312363 3425.01484  100  275 3410.21170 3615.58333  6.02%   187 5865s
 440549 312527 3615.03393   74  311 3410.21170 3615.58333  6.02%   187 5874s
 440780 313672 3615.03393   80  326 3410.21170 3615.58333  6.02%   187 5892s
 442232 314965 3596.80655  125  303 3410.21170 3615.58333  6.02%   187 5907s
 443761 315152 3546.13980  188  283 3410.21170 3615.58333  6.02%   187 5916s
 444046 316445 3538.74243  269  278 3410.21170 3615.58333  6.02%   187 5933s
 445687 317880 3439.15315  145  238 3410.21170 3615.58333  6.02%   187 5963s
 446085 317880 3510.90333   80  315 3410.21170 3615.58333  6.02%   187 5965s
 447422 317964 3478.18045  241  258 3410.21170 3615.58333  6.02%   187 5978s
 447531 319334 3459.46858  248  228 3410.21170 3615.58333  6.02%   187 5999s
 447894 319334 3433.59731  107  270 3410.21170 3615.58333  6.02%   187 6000s
 449175 319758 3418.99706  144  276 3410.21170 3615.58333  6.02%   186 6028s
 449718 319855 3552.80559  104  329 3410.21170 3615.58333  6.02%   187 6041s
 449880 320916 3520.15132  113  295 3410.21170 3615.58333  6.02%   187 6055s
 451384 322003 3453.66758  149  249 3410.21170 3615.58333  6.02%   187 6069s
 452864 322099 3416.59522  110  228 3410.21170 3615.58333  6.02%   187 6076s
 453007 323697 3507.04782   80  289 3410.21170 3615.58333  6.02%   187 6091s
 454935 325122 3613.40743   98  335 3410.21170 3615.58333  6.02%   187 6103s
 456632 325265 3512.32441  132  285 3410.21170 3615.58333  6.02%   187 6115s
 456821 336730 infeasible  149      3410.21170 3615.58333  6.02%   187 6235s
 470821 336830 3482.30044  116  211 3410.21170 3615.58333  6.02%   186 6247s
 470995 336936 3615.03393   84  277 3410.21170 3615.58333  6.02%   186 6253s
 471158 338487 3612.03618   99  290 3410.21170 3615.58333  6.02%   186 6268s
 472966 339918 3423.31376  125  289 3410.21170 3615.58333  6.02%   186 6285s
 474757 341213 3529.03030  123  271 3410.21170 3615.58333  6.02%   186 6301s
 476267 341313 infeasible  247      3410.21170 3615.58333  6.02%   186 6333s
 476442 348520 3576.43636   81  313 3410.21170 3615.58333  6.02%   186 6469s
 482160 348520 3506.12731   90  292 3410.21170 3615.58333  6.02%   186 6471s
 486129 348931 3471.22012  192  216 3410.21170 3615.58333  6.02%   186 6486s
 486772 351397 3612.31648   90  297 3410.21170 3615.58333  6.02%   186 6516s
 490040 353689 3550.03904  151  277 3410.21170 3615.58333  6.02%   186 6540s
 492736 354383 3521.05643  367  268 3410.21170 3615.58333  6.02%   186 6564s
 493533 354666 3517.65350  387  269 3410.21170 3615.58333  6.02%   186 6573s
 493888 356845 3468.35192  464  246 3410.21170 3615.58333  6.02%   186 6596s
 496536 358569 3615.58333   68  346 3410.21170 3615.58333  6.02%   186 6619s
 498901 358672 3587.21575   94  271 3410.21170 3615.58333  6.02%   186 6627s
 499039 360045 3574.96303  104  324 3410.21170 3615.58333  6.02%   186 6641s
 500614 361153 3423.13344  103  308 3410.21170 3615.58333  6.02%   186 6653s
 501999 361276 3614.20457   85  332 3410.21170 3615.58333  6.02%   186 6660s
 502179 362591 3610.21340   96  289 3410.21170 3615.58333  6.02%   186 6674s
 503894 363647 3536.17237  237  245 3410.21170 3615.58333  6.02%   186 6689s
 505336 364727 3603.36501  143  283 3410.21170 3615.58333  6.02%   186 6705s
 506777 364862 3474.98135   96  237 3410.21170 3615.58333  6.02%   186 6716s
 506942 365946 3464.24962  100  297 3410.21170 3615.58333  6.02%   186 6731s
 508284 367412 3502.77562  123  292 3410.21170 3615.58333  6.02%   186 6751s
 510215 367542 3486.32197  126  218 3410.21170 3615.58333  6.02%   186 6764s
 510432 368592     cutoff  130      3410.21170 3615.58333  6.02%   186 6778s
 511820 370190 3561.36224  138  257 3410.21170 3615.58333  6.02%   187 6794s
 513882 371383 3615.02383   72  333 3410.21170 3615.58333  6.02%   186 6808s
 515343 371461 infeasible  118      3410.21170 3615.58333  6.02%   187 6815s
 515532 372614 3615.03393   80  294 3410.21170 3615.58333  6.02%   187 6829s
 517010 374152 3468.46186  152  279 3410.21170 3615.58333  6.02%   187 6856s
 519122 374248 3523.29441  141  277 3410.21170 3615.58333  6.02%   187 6864s
 519300 375546 3471.65837  154  254 3410.21170 3615.58333  6.02%   187 6881s
 521122 376414 3510.41667  107  306 3410.21170 3615.58333  6.02%   187 6895s
 522234 376507 3419.43472  140  257 3410.21170 3615.58333  6.02%   187 6917s
 522381 377608 infeasible  142      3410.21170 3615.58333  6.02%   187 6932s
 523864 377802 3613.03520  121  256 3410.21170 3615.58333  6.02%   187 6940s
 524138 379409 3613.03520  131  243 3410.21170 3615.58333  6.02%   187 6956s
 526128 381179 3579.08633  103  299 3410.21170 3615.58333  6.02%   187 6973s
 528305 381541 3520.53800  315  229 3410.21170 3615.58333  6.02%   187 6980s
 528710 383445 3520.53800  329  237 3410.21170 3615.58333  6.02%   187 6998s
 530963 384786 3474.35422  147  258 3410.21170 3615.58333  6.02%   187 7013s
 532707 386337 3556.02750  102  302 3410.21170 3615.58333  6.02%   187 7028s
 534492 387721 3553.03812  160  235 3410.21170 3615.58333  6.02%   187 7042s
 536197 387851     cutoff  394      3410.21170 3615.58333  6.02%   187 7055s
 536393 397243 3459.91153  113  220 3410.21170 3615.58333  6.02%   187 7194s
 549040 397373 3506.44923   72  366 3410.21170 3615.58333  6.02%   188 7208s
 549228 397552 3505.82273   79  357 3410.21170 3615.58333  6.02%   188 7217s
 549463 398486 3504.54530   87  370 3410.21170 3615.58333  6.02%   188 7258s
H549818 398486                    3410.2117017 3615.58333  6.02%   188 7258s
 550569 398870 3489.27605  101  355 3410.21170 3615.58333  6.02%   188 7274s
 551089 400872 3613.87731   98  280 3410.21170 3615.58333  6.02%   188 7305s
 553613 402405 3437.10671  171  256 3410.21170 3615.58333  6.02%   188 7329s
 553956 402405 3551.45141  479  274 3410.21170 3615.58333  6.02%   188 7330s
 555598 403495 3479.09469   73  323 3410.21170 3615.58333  6.02%   188 7360s
 557297 403638 3596.54187   87  337 3410.21170 3615.58333  6.02%   188 7375s
 557463 405467 3594.99492   96  316 3410.21170 3615.58333  6.02%   188 7402s
 559745 406832 3591.13126  106  277 3410.21170 3615.58333  6.02%   188 7424s
 561471 408138 3615.58327   86  328 3410.21170 3615.58333  6.02%   188 7441s
 563029 408239 3497.94581   98  300 3410.21170 3615.58333  6.02%   188 7455s
 563227 409185 3418.29914  108  251 3410.21170 3615.58333  6.02%   188 7474s
 564701 410305 3615.33214   97  342 3410.21170 3615.58333  6.02%   188 7486s
 566039 410816 3598.06741  139  297 3410.21170 3615.58333  6.02%   188 7494s
 566651 412177 3581.96134  197  279 3410.21170 3615.58333  6.02%   188 7509s
 568351 412384 3615.12240   77  360 3410.21170 3615.58333  6.02%   188 7516s
 568599 413030 3604.49840   88  307 3410.21170 3615.58333  6.02%   188 7537s
 569395 413910 3420.65128  124  284 3410.21170 3615.58333  6.02%   188 7559s
 570519 414987 3585.25079  132  209 3410.21170 3615.58333  6.02%   188 7576s
 571848 415153 3487.71188  118  261 3410.21170 3615.58333  6.02%   188 7584s
 572048 416453 3460.55601  129  233 3410.21170 3615.58333  6.02%   188 7602s
 573880 417638 3431.93186   81  319 3410.21170 3615.58333  6.02%   188 7619s
 575093 417638 3595.87574  110  332 3410.21170 3615.58333  6.02%   188 7620s
 575482 419116 3612.17960  101  356 3410.21170 3615.58333  6.02%   189 7645s
 577495 419226 3552.12886  112  265 3410.21170 3615.58333  6.02%   189 7652s
 577641 420535 3552.12886  119  251 3410.21170 3615.58333  6.02%   189 7672s
 579442 421878 3418.94995   89  307 3410.21170 3615.58333  6.02%   189 7690s
 581210 421995 3551.05368  115  333 3410.21170 3615.58333  6.02%   189 7697s
 581363 423324 3508.49391  129  270 3410.21170 3615.58333  6.02%   189 7715s
 583083 424681 3611.82659   92  325 3410.21170 3615.58333  6.02%   189 7731s
 584743 425750 3504.84175   81  350 3410.21170 3615.58333  6.02%   188 7746s
 586080 425842 3506.93534  115  344 3410.21170 3615.58333  6.02%   189 7753s
 586262 426901 3506.35622  119  330 3410.21170 3615.58333  6.02%   189 7768s
 587543 427926 3609.57389  106  357 3410.21170 3615.58333  6.02%   189 7782s
 588752 428674 3485.91562  122  282 3410.21170 3615.58333  6.02%   189 7793s
 589663 428939 3615.03393   81  308 3410.21170 3615.58333  6.02%   189 7802s
 590042 429984 3609.76784  101  343 3410.21170 3615.58333  6.02%   189 7819s
 591402 430550 3506.57428   98  278 3410.21170 3615.58333  6.02%   189 7831s
 592228 430639 3470.28850  114  302 3410.21170 3615.58333  6.02%   189 7841s
 592379 431768 3615.03393   90  307 3410.21170 3615.58333  6.02%   189 7858s
 593858 433095 3611.61869  102  300 3410.21170 3615.58333  6.02%   189 7878s
 595622 433249 3615.03341   93  328 3410.21170 3615.58333  6.02%   190 7893s
 595858 441538 3417.50025  101  283 3410.21170 3615.58333  6.02%   190 8033s
 606678 441661 3416.27083  134  314 3410.21170 3615.58333  6.02%   190 8046s
 606821 441701     cutoff  136      3410.21170 3615.58333  6.02%   190 8070s
 606863 441772     cutoff  135      3410.21170 3615.58333  6.02%   190 8092s
 606953 441933 3416.27083  136  306 3410.21170 3615.58333  6.02%   190 8102s
 607132 443456 3416.27083  138  293 3410.21170 3615.58333  6.02%   190 8126s
 609036 444450 3573.46228  120  281 3410.21170 3615.58333  6.02%   190 8154s
 610313 445665 3437.61863  159  274 3410.21170 3615.58333  6.02%   190 8173s
 611920 445778 3486.72312  136  294 3410.21170 3615.58333  6.02%   190 8182s
 612105 447087 3601.28387   94  313 3410.21170 3615.58333  6.02%   190 8202s
 613651 448390     cutoff  173      3410.21170 3615.58333  6.02%   190 8225s
 615404 448537 3583.04595  161  327 3410.21170 3615.58333  6.02%   190 8239s
 615631 456659 3449.28954  176  237 3410.21170 3615.58333  6.02%   191 8396s
 626513 456769 infeasible  139      3410.21170 3615.58333  6.02%   191 8412s
 626700 456941 3426.66781  148  254 3410.21170 3615.58333  6.02%   191 8420s
 626896 457221     cutoff  158      3410.21170 3615.58333  6.02%   191 8450s
 627256 457703 3426.66781  159  272 3410.21170 3615.58333  6.02%   191 8466s
 627834 459375 3426.66781  160  277 3410.21170 3615.58333  6.02%   192 8496s
 629836 459494 3418.87625  119  312 3410.21170 3615.58333  6.02%   192 8507s
 630026 460874 3607.82671   83  324 3410.21170 3615.58333  6.02%   192 8530s
 631740 462300 3536.17578  130  277 3410.21170 3615.58333  6.02%   192 8555s
 633641 462679 3571.09686  134  282 3410.21170 3615.58333  6.02%   192 8569s
 634141 464038 3547.80706  204  319 3410.21170 3615.58333  6.02%   192 8589s
 635746 465500 3614.76649   79  345 3410.21170 3615.58333  6.02%   192 8615s
 637472 465618 3610.71380   66  325 3410.21170 3615.58333  6.02%   192 8626s
 637648 467159 3568.37019   85  254 3410.21170 3615.58333  6.02%   192 8659s
 639635 468624 3548.43822  126  226 3410.21170 3615.58333  6.02%   192 8682s
 641330 469694 3554.30839  294  281 3410.21170 3615.58333  6.02%   192 8701s
 642780 469817 3477.00192   91  295 3410.21170 3615.58333  6.02%   192 8711s
 642964 470923 3488.86129   95  317 3410.21170 3615.58333  6.02%   192 8730s
 644562 472270 3560.49249   98  331 3410.21170 3615.58333  6.02%   192 8751s
 646254 473629 3589.45794  172  247 3410.21170 3615.58333  6.02%   192 8772s
 647860 473750 3586.99731  114  293 3410.21170 3615.58333  6.02%   192 8782s
 648042 474942 3586.99731  122  296 3410.21170 3615.58333  6.02%   192 8804s
 649553 476298 3442.59594  118  263 3410.21170 3615.58333  6.02%   192 8829s
 651517 476847 3611.01281  103  300 3410.21170 3615.58333  6.02%   192 8841s
 652215 478778 3564.97585  138  249 3410.21170 3615.58333  6.02%   192 8869s
 654529 480111 3606.41630  112  285 3410.21170 3615.58333  6.02%   192 8892s
 656190 481518 3449.03511  139  261 3410.21170 3615.58333  6.02%   192 8924s
 658032 481661 3613.00577   84  298 3410.21170 3615.58333  6.02%   192 8932s
 658290 483300 3602.29659   88  313 3410.21170 3615.58333  6.02%   192 8956s
 660491 483306 3585.81830  136  219 3410.21170 3615.58333  6.02%   192 8976s
 660513 483318 3474.95164  136  225 3410.21170 3615.58333  6.02%   192 8992s
 660528 483326 3585.81830  137  230 3410.21170 3615.58333  6.02%   192 9015s
 660551 483354 3576.53126  137  223 3410.21170 3615.58333  6.02%   192 9038s
 660585 483395 3585.81830  138  232 3410.21170 3615.58333  6.02%   192 9054s
 660631 483460 3442.61034  138  253 3410.21170 3615.58333  6.02%   192 9070s
 660708 483588 3585.81830  139  234 3410.21170 3615.58333  6.02%   192 9086s
 660859 485119 3585.81830  148  230 3410.21170 3615.58333  6.02%   192 9112s
 662738 485280 infeasible  189      3410.21170 3615.58333  6.02%   192 9123s
 663013 485884     cutoff  207      3410.21170 3615.58333  6.02%   192 9157s
 663973 486689 3510.35393  109  291 3410.21170 3615.58333  6.02%   192 9184s
 665383 486847     cutoff  115      3410.21170 3615.58333  6.02%   192 9194s
 665638 488669 3614.08008   86  326 3410.21170 3615.58333  6.02%   192 9222s
 668017 490407 3442.86262  118  271 3410.21170 3615.58333  6.02%   192 9248s
 670282 490639 3615.03393   86  324 3410.21170 3615.58333  6.02%   192 9258s
 670603 492313 3614.45012   94  335 3410.21170 3615.58333  6.02%   192 9283s
 672732 493870 3497.21218  177  319 3410.21170 3615.58333  6.02%   192 9305s
 674542 495072 3479.60951  159  271 3410.21170 3615.58333  6.02%   192 9320s
 676023 495268 3448.90069  260  318 3410.21170 3615.58333  6.02%   192 9334s
 676466 500656     cutoff  102      3410.21170 3615.58333  6.02%   193 9411s
 683369 500744 3576.41248  220  248 3410.21170 3615.58333  6.02%   193 9422s
 683527 500847 3576.41248  233  251 3410.21170 3615.58333  6.02%   193 9430s
 683649 502093 3576.41248  245  259 3410.21170 3615.58333  6.02%   193 9446s
 685169 503463 3571.96803  307  259 3410.21170 3615.58333  6.02%   193 9464s
 686553 503463 3487.84998  131  252 3410.21170 3615.58333  6.02%   193 9465s
 686798 503572 3597.33700   92  330 3410.21170 3615.58333  6.02%   193 9478s
 686929 504679 3526.46360   99  288 3410.21170 3615.58333  6.02%   193 9499s
 688285 505910 3521.67477  171  250 3410.21170 3615.58333  6.02%   193 9516s
 689817 505953 3423.89635  148  293 3410.21170 3615.58333  6.02%   193 9538s
 689899 506103 3414.48759  151  323 3410.21170 3615.58333  6.02%   193 9548s
 690105 507419 3417.21846  101  292 3410.21170 3615.58333  6.02%   193 9575s
 691897 508561 3612.51687   96  327 3410.21170 3615.58333  6.02%   193 9601s
 693301 509483 infeasible  339      3410.21170 3615.58333  6.02%   193 9621s
 694494 509616 3568.29580  132  274 3410.21170 3615.58333  6.02%   193 9629s
 694660 511066 3550.94640  149  233 3410.21170 3615.58333  6.02%   193 9647s
 696517 512308 3476.08098   98  340 3410.21170 3615.58333  6.02%   193 9669s
 698372 513164 3436.14709  109  338 3410.21170 3615.58333  6.02%   193 9687s
 699791 513256 3615.03393   68  299 3410.21170 3615.58333  6.02%   194 9694s
 699946 514670 3615.03393   75  293 3410.21170 3615.58333  6.02%   194 9712s
 701701 515431 3517.23514  128  314 3410.21170 3615.58333  6.02%   194 9724s
 702741 516429 3459.95773  106  313 3410.21170 3615.58333  6.02%   194 9741s
 704343 516578     cutoff  109      3410.21170 3615.58333  6.02%   194 9750s
 704637 518121 3598.78422   84  303 3410.21170 3615.58333  6.02%   194 9768s
 706589 520200 3595.21991  139  279 3410.21170 3615.58333  6.02%   194 9790s
 708945 520367 3597.48815   74  303 3410.21170 3615.58333  6.02%   194 9798s
 709225 521544 3594.86226   84  287 3410.21170 3615.58333  6.02%   194 9816s
 711030 522172 3495.08854   90  315 3410.21170 3615.58333  6.02%   194 9845s
 711971 523942 infeasible  145      3410.21170 3615.58333  6.02%   194 9867s
 714230 524188 3465.40917  133  316 3410.21170 3615.58333  6.02%   194 9876s
 714556 525958 3590.30851  114  300 3410.21170 3615.58333  6.02%   194 9895s
 716668 527669 3604.19745   86  296 3410.21170 3615.58333  6.02%   194 9933s
 718745 528689 3597.74593  136  319 3410.21170 3615.58333  6.02%   194 9950s
 720030 528832 3583.10453  110  285 3410.21170 3615.58333  6.02%   194 9963s
 720245 530047 3514.26075  146  233 3410.21170 3615.58333  6.02%   194 10000s
 722155 531127 3506.78555   99  310 3410.21170 3615.58333  6.02%   194 10015s
 723578 531265 infeasible  189      3410.21170 3615.58333  6.02%   194 10031s
 723844 532320 3434.64810  109  215 3410.21170 3615.58333  6.02%   194 10073s
 725347 533634 3475.19286  112  287 3410.21170 3615.58333  6.02%   194 10120s
 726925 533726 3501.93352   96  279 3410.21170 3615.58333  6.02%   194 10143s
 727208 534508 3503.75355  101  280 3410.21170 3615.58333  6.02%   194 10160s
 728359 534637 3465.77099  232  279 3410.21170 3615.58333  6.02%   194 10167s
 728652 535469 infeasible   96      3410.21170 3615.58333  6.02%   194 10180s
 730225 535636     cutoff  108      3410.21170 3615.58333  6.02%   194 10190s
 730509 537064 3457.16288   91  296 3410.21170 3615.58333  6.02%   194 10206s
 732330 537488     cutoff   76      3410.21170 3615.58333  6.02%   194 10227s
 732861 537654 3460.93184  103  277 3410.21170 3615.58333  6.02%   194 10236s
 733090 539573 3436.40896  114  240 3410.21170 3615.58333  6.02%   194 10253s
 735398 541257 3552.73179  174  242 3410.21170 3615.58333  6.02%   194 10269s
 737422 541958 3593.91300  104  296 3410.21170 3615.58333  6.02%   194 10284s
 738283 543645 3605.15158   83  339 3410.21170 3615.58333  6.02%   194 10308s
 740498 543808 3611.95447  117  310 3410.21170 3615.58333  6.02%   194 10318s
 740711 545976 3582.06870  125  290 3410.21170 3615.58333  6.02%   194 10344s
 743364 545976 3454.56612   90  300 3410.21170 3615.58333  6.02%   194 10345s
 743545 547610 3544.36518   94  303 3410.21170 3615.58333  6.02%   194 10362s
 745618 549405 3573.25130  123  359 3410.21170 3615.58333  6.02%   194 10380s
 747713 549571 3496.64140  137  308 3410.21170 3615.58333  6.02%   194 10388s
 747952 551133 3584.07109   73  296 3410.21170 3615.58333  6.02%   194 10431s
 750021 552584 3446.74136  162  176 3410.21170 3615.58333  6.02%   194 10480s
 751865 554218 3455.76106  131  280 3410.21170 3615.58333  6.02%   194 10530s
 753914 554359 3537.72293  116  365 3410.21170 3615.58333  6.02%   194 10550s
 754102 556339 3485.53305  122  329 3410.21170 3615.58333  6.02%   194 10569s
 756581 558837 3507.59722   64  327 3410.21170 3615.58333  6.02%   194 10611s
 759479 559949 3412.13555  115  262 3410.21170 3615.58333  6.02%   194 10650s
 760868 560044 3564.85767   89  260 3410.21170 3615.58333  6.02%   194 10663s
 761008 561182 3564.85767   93  287 3410.21170 3615.58333  6.02%   194 10699s
 761468 561182 3553.60929  105  317 3410.21170 3615.58333  6.02%   194 10700s
 762476 562163     cutoff  173      3410.21170 3615.58333  6.02%   194 10739s
 763766 562571 3610.11493   81  355 3410.21170 3615.58333  6.02%   193 10750s
 764357 563459 3437.41342   92  227 3410.21170 3615.58333  6.02%   193 10761s
 765732 563568 3578.87745   95  304 3410.21170 3615.58333  6.02%   193 10766s
 765888 564746 3578.20774  102  280 3410.21170 3615.58333  6.02%   193 10779s
 767418 565849 3411.49658  119  283 3410.21170 3615.58333  6.02%   193 10791s
 768757 565874 3579.31295   99  287 3410.21170 3615.58333  6.02%   193 10807s
H768766 565065                    3410.7542020 3615.58333  6.01%   193 10808s
 768788 565375 3579.31295  101  270 3410.75420 3615.58333  6.01%   193 10813s
 769182 566414 3543.15774  127  255 3410.75420 3615.58333  6.01%   193 10826s
 770600 567536 3427.79718  108  272 3410.75420 3615.58333  6.01%   193 10839s
 771600 567536 3486.00677   87  302 3410.75420 3615.58333  6.01%   193 10840s
 771995 567793 3557.67127  114  334 3410.75420 3615.58333  6.01%   193 10845s
 772310 569146 3485.84308  147  279 3410.75420 3615.58333  6.01%   193 10858s
 774001 570082 3455.74750  253  252 3410.75420 3615.58333  6.01%   193 10869s
 774956 570082     cutoff  247      3410.75420 3615.58333  6.01%   193 10870s
 775245 570185 3613.24775  104  373 3410.75420 3615.58333  6.01%   193 10876s
 775381 571035 3614.21891  106  271 3410.75420 3615.58333  6.01%   193 10885s
 776493 572426 3469.81288  134  267 3410.75420 3615.58333  6.01%   194 10905s
 778492 572652 3576.52544  146  240 3410.75420 3615.58333  6.01%   194 10912s
 778809 574123 3553.53115  161  200 3410.75420 3615.58333  6.01%   194 10927s
 780711 575378 3453.31054  219  224 3410.75420 3615.58333  6.01%   194 10940s
 782273 575519 3471.23692  151  276 3410.75420 3615.58333  6.01%   194 10946s
 782440 576965 3447.23916  158  264 3410.75420 3615.58333  6.01%   194 10961s
 784166 577976 3598.14199  123  271 3410.75420 3615.58333  6.01%   194 10977s
 785565 579106 3459.62198  186  214 3410.75420 3615.58333  6.01%   194 10991s
 787176 579433 3482.16093  128  230 3410.75420 3615.58333  6.01%   194 11012s
 787648 580162 3477.40518  160  239 3410.75420 3615.58333  6.01%   194 11026s
 788574 581448 3426.53876  107  277 3410.75420 3615.58333  6.01%   194 11042s
 790284 581531 3603.28811  111  316 3410.75420 3615.58333  6.01%   194 11050s
 790443 582271 infeasible  111      3410.75420 3615.58333  6.01%   194 11062s
 791853 583450     cutoff  126      3410.75420 3615.58333  6.01%   194 11077s
 793801 583576 3524.63819  245  255 3410.75420 3615.58333  6.01%   194 11084s
 793977 585106 3524.63819  256  259 3410.75420 3615.58333  6.01%   194 11101s
 795999 585694 3601.88284   82  321 3410.75420 3615.58333  6.01%   194 11127s
 796801 587080 3547.93156   99  268 3410.75420 3615.58333  6.01%   194 11150s
 798558 589627 3469.78854  128  233 3410.75420 3615.58333  6.01%   194 11180s
 801949 589747 3494.30160  141  301 3410.75420 3615.58333  6.01%   194 11190s
 802131 591650 3614.45562   94  324 3410.75420 3615.58333  6.01%   194 11208s
 804514 593233 3453.44868  106  276 3410.75420 3615.58333  6.01%   194 11226s
 806622 594816 3579.36868  130  300 3410.75420 3615.58333  6.01%   194 11242s
 808733 594914 3613.75443   89  397 3410.75420 3615.58333  6.01%   194 11248s
 808900 596173 3475.04804  100  333 3410.75420 3615.58333  6.01%   194 11262s
 810672 597328 3615.58333   97  331 3410.75420 3615.58333  6.01%   194 11275s
 812305 597449     cutoff  197      3410.75420 3615.58333  6.01%   194 11282s
 812502 598601 3506.60344  111  320 3410.75420 3615.58333  6.01%   194 11296s
 814107 599948     cutoff  147      3410.75420 3615.58333  6.01%   194 11310s
 816087 601270 3428.93244  180  227 3410.75420 3615.58333  6.01%   194 11329s
 817769 601447 3476.13984  180  291 3410.75420 3615.58333  6.01%   194 11336s
 818050 603727 3452.26606   87  289 3410.75420 3615.58333  6.01%   194 11357s
 820705 605016 3475.42716   72  365 3410.75420 3615.58333  6.01%   194 11370s
 822233 606434 3485.10358  114  362 3410.75420 3615.58333  6.01%   194 11384s
 823966 606561 3612.23340   93  289 3410.75420 3615.58333  6.01%   194 11391s
 824186 607727 3602.14364   97  265 3410.75420 3615.58333  6.01%   194 11404s
 825643 609021 3569.72679  140  263 3410.75420 3615.58333  6.01%   194 11418s
 827250 609170 3569.72679  172  197 3410.75420 3615.58333  6.01%   194 11425s
 827455 610138 3569.14848  179  178 3410.75420 3615.58333  6.01%   194 11438s
 828789 611269 3569.14848  222  183 3410.75420 3615.58333  6.01%   194 11452s
 830365 611552 3533.83017  318  206 3410.75420 3615.58333  6.01%   194 11471s
H830685 610401                    3411.4894894 3615.58333  5.98%   194 11471s
 830740 610509 3422.15216  135  315 3411.48949 3615.58333  5.98%   194 11479s
 830941 611929     cutoff  143      3411.48949 3615.58333  5.98%   194 11493s
 832809 612089 3448.55106  171  306 3411.48949 3615.58333  5.98%   194 11501s
 833026 613914 3614.13452  100  313 3411.48949 3615.58333  5.98%   194 11518s
 835302 615768 3610.69444  106  308 3411.48949 3615.58333  5.98%   194 11541s
H836261 614759                    3412.0112285 3615.58333  5.97%   194 11542s
H836400 613261                    3413.0167122 3615.58333  5.94%   194 11542s
 837661 614173 3548.22281  143  267 3413.01671 3615.58333  5.94%   194 11553s
 838774 614349 3594.18434  111  347 3413.01671 3615.58333  5.94%   194 11559s
 839019 615638 3535.24899  124  242 3413.01671 3615.58333  5.94%   194 11572s
 840585 616772 3540.87149  194  196 3413.01671 3615.58333  5.94%   194 11585s
 842063 617130 3614.51537  113  292 3413.01671 3615.58333  5.94%   194 11593s
 842532 618251 3436.61712  158  239 3413.01671 3615.58333  5.94%   194 11606s
 844095 619167 3463.39596  140  252 3413.01671 3615.58333  5.94%   194 11618s
 845529 619285 3614.71468   85  326 3413.01671 3615.58333  5.94%   194 11625s
 845776 620393 3547.64179   90  312 3413.01671 3615.58333  5.94%   194 11637s
 847340 621763 3585.39659  104  341 3413.01671 3615.58333  5.94%   194 11651s
 848944 621817 3612.36547  123  341 3413.01671 3615.58333  5.94%   194 11660s
 849104 623192 3611.49218  122  338 3413.01671 3615.58333  5.94%   194 11674s
 850844 624588 3588.88198  212  285 3413.01671 3615.58333  5.94%   194 11688s
 852704 624692     cutoff  318      3413.01671 3615.58333  5.94%   194 11699s
 852879 625805 3504.29248  113  350 3413.01671 3615.58333  5.94%   194 11711s
 854393 627008 3494.73886  213  294 3413.01671 3615.58333  5.94%   194 11734s
 855336 627008 3615.58333  107  331 3413.01671 3615.58333  5.94%   194 11735s
 855854 627413 3456.64739  146  233 3413.01671 3615.58333  5.94%   194 11743s
 856364 628899 3455.83383  174  266 3413.01671 3615.58333  5.94%   194 11763s
 858310 630295 3552.62995  100  334 3413.01671 3615.58333  5.94%   194 11781s
 860251 630399 3598.04594   81  328 3413.01671 3615.58333  5.94%   194 11793s
 860409 630845 3595.97661   91  322 3413.01671 3615.58333  5.94%   194 11815s
 860994 631664 3601.43225  104  327 3413.01671 3615.58333  5.94%   194 12024s
 862012 631743 3464.34017  191  304 3413.01671 3615.58333  5.94%   194 12036s
 862216 633175 3613.01467   94  331 3413.01671 3615.58333  5.94%   194 12055s
 864097 633936 3495.27759  104  275 3413.01671 3615.58333  5.94%   195 12073s
 865623 634136 3587.39867  119  339 3413.01671 3615.58333  5.94%   195 12084s
 865951 635830 3578.80758  139  352 3413.01671 3615.58333  5.94%   195 12105s
 868200 637347 3566.86470  109  320 3413.01671 3615.58333  5.94%   195 12123s
 870139 637987 3604.16652   98  308 3413.01671 3615.58333  5.94%   195 12135s
 870882 639669 3476.58142  112  305 3413.01671 3615.58333  5.94%   195 12154s
 873077 639728 3507.59722   93  292 3413.01671 3615.58333  5.94%   195 12176s
H873113 638505                    3413.5762247 3615.58333  5.92%   195 12176s
 873136 640049 3507.59722   94  307 3413.57622 3615.58333  5.92%   195 12196s
 875025 640124 infeasible  184      3413.57622 3615.58333  5.92%   195 12219s
 875130 651154 3601.48982   86  309 3413.57622 3615.58333  5.92%   195 12387s
 881130 651154 3575.32366  117  326 3413.57622 3615.58333  5.92%   195 12394s
 881938 651154 3615.58333   78  346 3413.57622 3615.58333  5.92%   195 12395s
 888130 651154 3604.23531   86  286 3413.57622 3615.58333  5.92%   195 12401s
 889130 651289 3494.49612   96  328 3413.57622 3615.58333  5.92%   195 12414s
 889309 651460 3583.82830   89  333 3413.57622 3615.58333  5.92%   195 12426s
 889526 652849 3557.41877  105  312 3413.57622 3615.58333  5.92%   195 12449s
 891177 654168 3435.43612  158  280 3413.57622 3615.58333  5.92%   195 12472s
 892836 654276     cutoff  154      3413.57622 3615.58333  5.92%   195 12484s
 892972 655171 3615.02490   86  326 3413.57622 3615.58333  5.92%   195 12499s
 893958 656207 3615.02489  100  288 3413.57622 3615.58333  5.92%   195 12516s
 895171 657500 3615.02488  113  294 3413.57622 3615.58333  5.92%   195 12546s
 896798 657623 3615.02488  128  298 3413.57622 3615.58333  5.92%   195 12562s
 896951 658849 3615.02488  132  281 3413.57622 3615.58333  5.92%   195 12584s
 898556 659874 3611.45089  160  274 3413.57622 3615.58333  5.92%   196 12605s
 899996 660053 3610.87258  191  246 3413.57622 3615.58333  5.92%   196 12621s
 900205 661241 3610.87258  199  259 3413.57622 3615.58333  5.92%   196 12638s
 901742 662446 3604.39800  226  274 3413.57622 3615.58333  5.92%   196 12652s
 903202 663526 3482.31761  264  244 3413.57622 3615.58333  5.92%   196 12667s
 904663 663673 3605.38723   99  333 3413.57622 3615.58333  5.92%   196 12675s
H904813 662186                    3415.0090605 3615.58333  5.87%   196 12697s
 906385 663435 3478.04961  102  281 3415.00906 3615.58333  5.87%   196 12713s
 908093 665035 3461.90810  107  303 3415.00906 3615.58333  5.87%   196 12731s
 910036 665677 3614.39075   99  316 3415.00906 3615.58333  5.87%   196 12742s
 910805 665709 3613.03520  102  314 3415.00906 3615.58333  5.87%   196 12765s
H910810 665709                    3415.0090609 3615.58333  5.87%   196 12765s
 910837 665802 3613.03520  103  304 3415.00906 3615.58333  5.87%   196 12792s
H910858 665802                    3415.0090614 3615.58333  5.87%   196 12792s
 910979 666090 3612.97898  104  300 3415.00906 3615.58333  5.87%   196 12811s
 911340 667603 3458.00199  150  278 3415.00906 3615.58333  5.87%   196 12831s
 913346 668857 3605.94434  100  295 3415.00906 3615.58333  5.87%   196 12847s
 914832 668962 infeasible  119      3415.00906 3615.58333  5.87%   196 12858s
 914987 679727 3544.77136  126  236 3415.00906 3615.58333  5.87%   197 13035s
 921987 679727 3615.58333  102  307 3415.00906 3615.58333  5.87%   196 13042s
 926987 679727 3500.19767  144  255 3415.00906 3615.58333  5.87%   197 13048s
 928921 679809 3441.28067  231  281 3415.00906 3615.58333  5.87%   197 13069s
 929095 679911 3615.58224   99  310 3415.00906 3615.58333  5.87%   197 13082s
 929231 680747 3604.78152  109  320 3415.00906 3615.58333  5.87%   197 13102s
 930326 682156 3510.39780  251  283 3415.00906 3615.58333  5.87%   197 13126s
 932103 682303 3582.09457  166  254 3415.00906 3615.58333  5.87%   197 13141s
 932353 683740 3578.09457  184  257 3415.00906 3615.58333  5.87%   197 13164s
 934151 685116 3602.90109   95  369 3415.00906 3615.58333  5.87%   197 13198s
 935922 686327 3575.87444  161  319 3415.00906 3615.58333  5.87%   197 13221s
 937521 686531 3464.39481  255  294 3415.00906 3615.58333  5.87%   197 13234s
 937758 687841 3470.22428  259  253 3415.00906 3615.58333  5.87%   197 13255s
 939383 689069 3615.55690   96  366 3415.00906 3615.58333  5.87%   197 13272s
 940985 690400 3443.77209  184  302 3415.00906 3615.58333  5.87%   197 13289s
 942704 690552 3595.84353  119  328 3415.00906 3615.58333  5.87%   197 13302s
 942919 691767 3532.21469  127  264 3415.00906 3615.58333  5.87%   197 13326s
 944454 693076 3615.03393   92  305 3415.00906 3615.58333  5.87%   197 13350s
 946120 694366 3613.87703  107  299 3415.00906 3615.58333  5.87%   197 13379s
 947673 694484 3615.56060   93  321 3415.00906 3615.58333  5.87%   197 13395s
 947858 695851 3615.27373   98  329 3415.00906 3615.58333  5.87%   197 13421s
 949542 697449 3586.60657  121  355 3415.00906 3615.58333  5.87%   197 13446s
 951463 698482 infeasible   95      3415.00906 3615.58333  5.87%   197 13468s
 952984 698604     cutoff  125      3415.00906 3615.58333  5.87%   197 13480s
 953164 700069 3430.70541  134  238 3415.00906 3615.58333  5.87%   197 13503s
 954999 701685 3566.97291  130  292 3415.00906 3615.58333  5.87%   197 13539s
 957018 702744 3459.16480  185  257 3415.00906 3615.58333  5.87%   197 13561s
 958479 702836 3505.07171  142  347 3415.00906 3615.58333  5.87%   197 13573s
 958608 704094 3615.03393  114  294 3415.00906 3615.58333  5.87%   197 13596s
 960242 705484 3508.41342  124  219 3415.00906 3615.58333  5.87%   197 13620s
 962056 705742 3590.16273  120  304 3415.00906 3615.58333  5.87%   197 13635s
 962437 706957 3489.49818   97  294 3415.00906 3615.58333  5.87%   197 13657s
 964045 707712 3436.92299  162  250 3415.00906 3615.58333  5.87%   197 13673s
 965129 707823 3427.45431  124  240 3415.00906 3615.58333  5.87%   197 13680s
 965265 708810     cutoff  127      3415.00906 3615.58333  5.87%   197 13692s
 966536 709698 3494.92792  157  257 3415.00906 3615.58333  5.87%   197 13706s
 967638 709817 3615.03393  100  277 3415.00906 3615.58333  5.87%   197 13715s
 967812 710793 3607.47780  104  269 3415.00906 3615.58333  5.87%   197 13737s
 969033 711755 3502.03352  128  278 3415.00906 3615.58333  5.87%   197 13754s
 970385 712288 3562.70777  152  276 3415.00906 3615.58333  5.87%   197 13765s
 971062 713331 3517.65623  184  233 3415.00906 3615.58333  5.87%   197 13781s
 972584 713434 3597.26754   92  303 3415.00906 3615.58333  5.87%   197 13790s
 972776 714475 3441.68272   97  310 3415.00906 3615.58333  5.87%   198 13805s
 974386 715840 3501.45407  113  283 3415.00906 3615.58333  5.87%   198 13826s
 976115 715942 3610.33936  127  361 3415.00906 3615.58333  5.87%   198 13834s
 976286 717450 3557.17863  135  321 3415.00906 3615.58333  5.87%   198 13852s
 978158 718829 3448.91361  253  325 3415.00906 3615.58333  5.87%   198 13869s
 979900 720058     cutoff  288      3415.00906 3615.58333  5.87%   198 13887s
 981471 720173 3538.30857  162  303 3415.00906 3615.58333  5.87%   198 13896s
 981644 721684 3527.92924  176  279 3415.00906 3615.58333  5.87%   198 13913s
 983402 723048 3591.53363  112  314 3415.00906 3615.58333  5.87%   198 13930s
 985055 724370 3471.38480  133  295 3415.00906 3615.58333  5.87%   198 13948s
 986750 724496 3563.61856  186  254 3415.00906 3615.58333  5.87%   198 13956s
 986891 726049 3560.72699  200  230 3415.00906 3615.58333  5.87%   198 13975s
 988750 727506 3432.84787  129  283 3415.00906 3615.58333  5.87%   198 13994s
 990624 728501 3567.13657  263  245 3415.00906 3615.58333  5.87%   198 14011s
 992085 729653 3499.76370  314  276 3415.00906 3615.58333  5.87%   198 14027s
 993664 729814 infeasible  158      3415.00906 3615.58333  5.87%   198 14044s
 993911 738993 3576.86675  128  273 3415.00906 3615.58333  5.87%   198 14173s
 998636 738993 3472.14980  111  321 3415.00906 3615.58333  5.87%   198 14175s
 1006597 739093 3423.02776  232  212 3415.00906 3615.58333  5.87%   198 14194s
 1006773 739267 3615.58333   85  320 3415.00906 3615.58333  5.87%   198 14201s
 1006970 740315 3615.03393   88  283 3415.00906 3615.58333  5.87%   198 14221s
 1008306 740340     cutoff  125      3415.00906 3615.58333  5.87%   198 14261s
 1008353 740465 3416.53445  131  254 3415.00906 3615.58333  5.87%   198 14278s
 1008510 741807 3416.53445  133  266 3415.00906 3615.58333  5.87%   198 14295s
 1010311 743325 3526.74308  132  308 3415.00906 3615.58333  5.87%   198 14314s
 1011479 743325     cutoff  116      3415.00906 3615.58333  5.87%   198 14315s
 1012228 743423 infeasible  118      3415.00906 3615.58333  5.87%   198 14323s
 1012390 745010 3614.64662  107  359 3415.00906 3615.58333  5.87%   198 14340s
 1014193 746580 3497.62923  156  295 3415.00906 3615.58333  5.87%   198 14362s
 1016193 746927 3601.01266  114  312 3415.00906 3615.58333  5.87%   198 14372s
 1016709 748321 3615.03393   92  310 3415.00906 3615.58333  5.87%   198 14390s
 1018450 748406     cutoff  331      3415.00906 3615.58333  5.87%   198 14398s
 1018576 749835 3601.24573  101  300 3415.00906 3615.58333  5.87%   198 14414s
 1020271 751070 3489.84328  221  248 3415.00906 3615.58333  5.87%   198 14432s
 1021952 752304     cutoff  285      3415.00906 3615.58333  5.87%   198 14449s
 1023128 752304 3613.02425   89  293 3415.00906 3615.58333  5.87%   198 14450s
 1023702 752416 3445.46083  118  320 3415.00906 3615.58333  5.87%   198 14457s
 1023850 753846 3517.33949   77  309 3415.00906 3615.58333  5.87%   198 14473s
 1025528 755158 infeasible  137      3415.00906 3615.58333  5.87%   198 14490s
 1027126 755552 3528.38991   99  300 3415.00906 3615.58333  5.87%   198 14499s
 1027601 757072 3493.63464  141  290 3415.00906 3615.58333  5.87%   198 14516s
 1029386 757071 3437.48579  266  226 3415.00906 3615.58333  5.87%   198 14530s
 1029414 757079 3446.36210  267  232 3415.00906 3615.58333  5.87%   198 14542s
 1029434 757089     cutoff  267      3415.00906 3615.58333  5.87%   198 14556s
 1029452 757092     cutoff  269      3415.00906 3615.58333  5.87%   198 14574s
 1029476 757105 3604.30017   82  340 3415.00906 3615.58333  5.87%   198 14594s
 1029491 757111 3603.58333   83  317 3415.00906 3615.58333  5.87%   198 14615s
 1029513 757129 3603.03393   84  320 3415.00906 3615.58333  5.87%   198 14636s
 1029531 757145 3603.58333   84  332 3415.00906 3615.58333  5.87%   198 14663s
 1029551 757174 3603.58333   85  320 3415.00906 3615.58333  5.87%   198 14680s
 1029598 757208 3603.58333   86  330 3415.00906 3615.58333  5.87%   198 14699s
 1029634 757240 3603.58333   87  317 3415.00906 3615.58333  5.87%   198 14717s
 1029676 757302 3603.58333   86  314 3415.00906 3615.58333  5.87%   198 14733s
 1029744 757371 3603.58333   87  312 3415.00906 3615.58333  5.87%   198 14745s
 1029824 757436 3603.03393   88  289 3415.00906 3615.58333  5.87%   198 14760s
 1029918 757499 3603.03393   89  288 3415.00906 3615.58333  5.87%   198 14781s
 1030010 758141 3603.03393   90  299 3415.00906 3615.58333  5.87%   198 14798s
 1030787 759422 3601.87731  110  288 3415.00906 3615.58333  5.87%   198 14822s
 1032341 760382 3504.11277  206  281 3415.00906 3615.58333  5.87%   198 14842s
 1033657 760404     cutoff  296      3415.00906 3615.58333  5.87%   198 14870s
H1033685 760404                    3415.0090649 3615.58333  5.87%   198 14871s
 1033697 771342     cutoff  300      3415.00906 3615.58333  5.87%   198 15094s
 1034697 771342 3509.28895   81  326 3415.00906 3615.58333  5.87%   198 15095s
 1047697 773063 3434.11192  122  275 3415.00906 3615.58333  5.87%   199 15135s
 1050139 773601 3607.53636   98  319 3415.00906 3615.58333  5.87%   199 15192s
H1050643 773601                    3415.0090666 3615.58333  5.87%   199 15192s
 1050908 776005     cutoff  159      3415.00907 3615.58333  5.87%   199 15224s
 1053247 776005 3608.99126  192  219 3415.00907 3615.58333  5.87%   199 15225s
 1054001 777476 3446.33039  232  255 3415.00907 3615.58333  5.87%   199 15247s
 1055849 778908 3523.36734  146  287 3415.00907 3615.58333  5.87%   199 15265s
 1057590 780339 3500.79731  119  287 3415.00907 3615.58333  5.87%   199 15281s
 1059204 780801 3500.79731  222  290 3415.00907 3615.58333  5.87%   199 15302s
 1059735 781661 3500.79731  298  282 3415.00907 3615.58333  5.87%   199 15316s
 1060948 782334 3504.83367   98  307 3415.00907 3615.58333  5.87%   199 15330s
 1062282 782814 3602.17373   82  325 3415.00907 3615.58333  5.87%   199 15345s
 1063802 783824     cutoff  116      3415.00907 3615.58333  5.87%   199 15364s
 1065544 784078 3584.67241  113  343 3415.00907 3615.58333  5.87%   199 15373s
 1065910 785232 3460.89348  124  276 3415.00907 3615.58333  5.87%   200 15389s
 1067415 786344 3430.88657  117  275 3415.00907 3615.58333  5.87%   200 15404s
 1068825 786491 3615.40641   72  341 3415.00907 3615.58333  5.87%   200 15413s
 1069024 787904 3610.32400   83  324 3415.00907 3615.58333  5.87%   200 15432s
 1070901 789129 3443.37467  144  239 3415.00907 3615.58333  5.87%   200 15450s
 1072577 790392 3511.99819  109  351 3415.00907 3615.58333  5.87%   200 15467s
 1074214 790559 3416.28905  132  232 3415.00907 3615.58333  5.87%   200 15479s
 1074490 798778 3460.38555   98  260 3415.00907 3615.58333  5.87%   200 15609s
 1076847 798778 3432.45638  109  298 3415.00907 3615.58333  5.87%   200 15610s
 1085521 798867 3482.09586   98  314 3415.00907 3615.58333  5.87%   200 15625s
 1085655 799019 3476.98990  103  306 3415.00907 3615.58333  5.87%   200 15631s
 1085819 799825 3451.00149  111  275 3415.00907 3615.58333  5.87%   200 15663s
 1086914 800021 3598.45456  122  323 3415.00907 3615.58333  5.87%   200 15672s
 1087210 801211 3605.76515   85  300 3415.00907 3615.58333  5.87%   200 15692s
 1088960 802722 3555.44181  117  278 3415.00907 3615.58333  5.87%   200 15712s
 1090854 802808 3422.32790  139  288 3415.00907 3615.58333  5.87%   200 15725s
 1091013 804287 3436.41089  149  228 3415.00907 3615.58333  5.87%   200 15744s
 1092882 805691 3421.36703  151  267 3415.00907 3615.58333  5.87%   200 15761s
 1094583 805805 3614.33331   96  321 3415.00907 3615.58333  5.87%   200 15775s
 1094783 815567 3614.22068  101  330 3415.00907 3615.58333  5.87%   200 15930s
 1105571 815567 3551.05085  173  269 3415.00907 3615.58333  5.87%   200 15936s
 1108287 815643 3479.51085  223  249 3415.00907 3615.58333  5.87%   200 15959s
 1108404 815800 3479.51085  227  240 3415.00907 3615.58333  5.87%   200 15966s
 1108603 815957 3479.51085  238  226 3415.00907 3615.58333  5.87%   200 15973s
 1108795 817562 3479.51085  248  234 3415.00907 3615.58333  5.87%   200 15994s
 1110479 817562 3495.91510   76  283 3415.00907 3615.58333  5.87%   200 15995s
 1110908 818548 3475.47788  154  220 3415.00907 3615.58333  5.87%   200 16014s
 1112541 818649 3592.27518   94  329 3415.00907 3615.58333  5.87%   200 16024s
 1112695 819402 3562.80005  107  291 3415.00907 3615.58333  5.87%   200 16047s
 1113677 819844 3537.28339  252  263 3415.00907 3615.58333  5.87%   200 16064s
 1114235 824777 3590.05842   93  335 3415.00907 3615.58333  5.87%   200 16145s
 1120455 824898 3572.30793  216  245 3415.00907 3615.58333  5.87%   200 16166s
 1120663 826122 3572.30793  219  250 3415.00907 3615.58333  5.87%   200 16190s
 1122224 827071 3507.59722   89  327 3415.00907 3615.58333  5.87%   200 16215s
 1123638 827176 infeasible  120      3415.00907 3615.58333  5.87%   200 16228s
 1123842 828469 3578.20700   95  297 3415.00907 3615.58333  5.87%   200 16252s
 1125403 828602 3579.49764  146  287 3415.00907 3615.58333  5.87%   200 16266s
 1125580 829778 3579.45796  146  301 3415.00907 3615.58333  5.87%   200 16291s
 1126965 831047 3557.76320  218  251 3415.00907 3615.58333  5.87%   200 16319s
 1128192 831047 3612.52439  100  289 3415.00907 3615.58333  5.87%   200 16320s
 1128775 831104 3612.95427  103  306 3415.00907 3615.58333  5.87%   200 16341s
 1128857 831464 3612.95427  104  304 3415.00907 3615.58333  5.87%   200 16352s
 1129269 832615 3612.38622  113  332 3415.00907 3615.58333  5.87%   200 16366s
 1130772 832738 3602.89945  153  338 3415.00907 3615.58333  5.87%   200 16374s
 1130955 834013 3570.44034  163  291 3415.00907 3615.58333  5.87%   200 16390s
 1132546 834973 3454.52060  321  257 3415.00907 3615.58333  5.87%   200 16403s
 1133716 836124 3501.95892  135  315 3415.00907 3615.58333  5.87%   200 16423s
 1135359 836261 3496.08892  117  264 3415.00907 3615.58333  5.87%   200 16432s
 1135589 837941 3572.13796  109  287 3415.00907 3615.58333  5.87%   200 16454s
 1137536 838864 3553.46914  321  244 3415.00907 3615.58333  5.87%   200 16473s
 1138801 839977 3425.16422  150  273 3415.00907 3615.58333  5.87%   200 16493s
 1140414 840136 3508.37911   75  339 3415.00907 3615.58333  5.87%   200 16503s
 1140651 841966 3588.98630   81  315 3415.00907 3615.58333  5.87%   200 16529s
 1143009 843322 3468.95022  171  251 3415.00907 3615.58333  5.87%   200 16557s
 1144798 843743 3607.58129   99  320 3415.00907 3615.58333  5.87%   200 16577s
 1145411 845355 infeasible  124      3415.00907 3615.58333  5.87%   200 16614s
 1146851 845355 3536.31800  108  287 3415.00907 3615.58333  5.87%   200 16615s
 1147462 845542 3484.39652  151  264 3415.00907 3615.58333  5.87%   200 16633s
 1147760 847041 3473.57246  161  258 3415.00907 3615.58333  5.87%   200 16664s
 1149746 848445 3483.70590   80  304 3415.00907 3615.58333  5.87%   200 16695s
 1151776 850069 3591.09354  113  350 3415.00907 3615.58333  5.87%   200 16730s
 1153968 850241 3570.64601  104  262 3415.00907 3615.58333  5.87%   200 16756s
 1154232 858390 3615.00366   81  309 3415.00907 3615.58333  5.87%   200 16956s
 1157421 858390 3583.44617   84  333 3415.00907 3615.58333  5.87%   200 16961s
 1164227 858390 3602.66268   92  339 3415.00907 3615.58333  5.87%   200 16966s
 1164815 858481 3574.79979  159  334 3415.00907 3615.58333  5.87%   200 16976s
 1164960 858629 3574.78984  165  327 3415.00907 3615.58333  5.87%   200 16984s
 1165135 859407 3574.36664  175  301 3415.00907 3615.58333  5.87%   200 17016s
 1166111 860822 3557.88481  229  289 3415.00907 3615.58333  5.87%   200 17043s
 1167938 862143 3473.90449  134  268 3415.00907 3615.58333  5.87%   200 17072s
 1169613 862277 3542.98957  196  242 3415.00907 3615.58333  5.87%   200 17087s
 1169776 863823 3521.87846  214  252 3415.00907 3615.58333  5.87%   200 17119s
 1170266 863823 3610.60876  106  333 3415.00907 3615.58333  5.87%   200 17120s
 1171741 865066 3581.45290  109  282 3415.00907 3615.58333  5.87%   200 17150s
 1173520 866712 3433.04829  114  249 3415.00907 3615.58333  5.87%   200 17191s
 1175481 866834 3590.48501   98  306 3415.00907 3615.58333  5.87%   200 17205s
 1175658 868604 3589.96583  100  292 3415.00907 3615.58333  5.87%   201 17238s
 1176517 868604 3565.61011  124  221 3415.00907 3615.58333  5.87%   200 17240s
 1177678 868988 3541.84134  137  271 3415.00907 3615.58333  5.87%   200 17290s
 1178211 870358 infeasible  147      3415.00907 3615.58333  5.87%   200 17315s
 1180103 870440 3586.64837  117  339 3415.00907 3615.58333  5.87%   200 17328s
 1180240 871543 3578.77613  125  305 3415.00907 3615.58333  5.87%   200 17351s
 1181682 872705 3522.02932  118  315 3415.00907 3615.58333  5.87%   200 17380s
 1183397 872833 infeasible  134      3415.00907 3615.58333  5.87%   200 17398s
 1183617 874530 3530.50731  104  247 3415.00907 3615.58333  5.87%   201 17432s
 1185832 876007 3615.40401   85  330 3415.00907 3615.58333  5.87%   200 17464s
 1187659 876493 3560.75782  153  340 3415.00907 3615.58333  5.87%   200 17481s
 1188285 877711 3469.46342  170  274 3415.00907 3615.58333  5.87%   200 17505s
 1189758 877989 3426.97047  150  292 3415.00907 3615.58333  5.87%   200 17522s
 1190125 879552 3572.65596   99  327 3415.00907 3615.58333  5.87%   200 17552s
 1192055 879790 3464.60389  187  211 3415.00907 3615.58333  5.87%   200 17568s
 1192334 881186 3447.05667  194  246 3415.00907 3615.58333  5.87%   200 17600s
 1194102 882935 3491.74005  113  287 3415.00907 3615.58333  5.87%   200 17643s
 1196382 883214 3541.58462  122  283 3415.00907 3615.58333  5.87%   200 17659s
 1196794 883918 3486.92655   90  333 3415.00907 3615.58333  5.87%   200 17678s
 1197765 884728 3614.94618   97  343 3415.00907 3615.58333  5.87%   200 17698s
 1198778 886599 3514.63163  119  266 3415.00907 3615.58333  5.87%   200 17736s
 1201180 886723 3510.96934  128  263 3415.00907 3615.58333  5.87%   200 17754s
 1201355 887952 3496.55781  142  292 3415.00907 3615.58333  5.87%   200 17775s
 1202903 888588 3534.37522  154  263 3415.00907 3615.58333  5.87%   200 17814s
 1203242 888588 3612.27083   98  328 3415.00907 3615.58333  5.87%   200 17815s
 1203631 889220     cutoff  199      3415.00907 3615.58333  5.87%   200 17829s
 1204340 890694 3493.19922  135  282 3415.00907 3615.58333  5.87%   200 17853s
 1206108 891254 3579.40577   91  291 3415.00907 3615.58333  5.87%   200 17867s
 1206819 893194 3543.86586  149  307 3415.00907 3615.58333  5.87%   200 17899s
 1207944 893194 3415.00954  169  215 3415.00907 3615.58333  5.87%   200 17900s
 1209233 894349 3605.27367  100  334 3415.00907 3615.58333  5.87%   200 17931s
 1210939 894453     cutoff   96      3415.00907 3615.58333  5.87%   200 17940s
 1211093 895992 3446.78395  107  247 3415.00907 3615.58333  5.87%   200 17965s
 1212926 897322 3430.39274  197  223 3415.00907 3615.58333  5.87%   200 17989s
 1213590 897322 3426.41441   97  291 3415.00907 3615.58333  5.87%   200 17990s
 1214624 899134 3481.53520  185  281 3415.00907 3615.58333  5.87%   200 18028s
 1216742 899227 3434.28117  186  182 3415.00907 3615.58333  5.87%   200 18036s
 1216901 901082 3514.42282  107  285 3415.00907 3615.58333  5.87%   200 18068s
 1219008 902254 3615.47073  103  289 3415.00907 3615.58333  5.87%   200 18089s
 1220490 902362 3532.98467  131  293 3415.00907 3615.58333  5.87%   200 18098s
 1220640 903495 3532.97931  136  285 3415.00907 3615.58333  5.87%   200 18125s
 1222011 904920 3439.96635  191  225 3415.00907 3615.58333  5.87%   200 18156s
 1223780 905312 3431.85470  144  273 3415.00907 3615.58333  5.87%   200 18194s
 1223951 905312 3594.08753  105  364 3415.00907 3615.58333  5.87%   200 18195s
 1224308 905430 3495.53393   87  295 3415.00907 3615.58333  5.87%   200 18205s
 1224483 906859 3495.53393   95  299 3415.00907 3615.58333  5.87%   200 18236s
 1226327 908021 infeasible  250      3415.00907 3615.58333  5.87%   200 18258s

Cutting planes:
  Gomory: 10
  Cover: 86
  Implied bound: 129
  Projected implied bound: 28
  Clique: 33
  MIR: 573
  Mixing: 6
  StrongCG: 14
  Flow cover: 628
  GUB cover: 40
  Inf proof: 9
  Zero half: 13
  RLT: 96
  Relax-and-lift: 496
  BQP: 1

Explored 1227810 nodes (245827506 simplex iterations) in 18260.41 seconds (13392.24 work units)
Thread count was 20 (of 20 available processors)

Solution count 10: 3415.01 3415.01 3415.01 ... 3410.75

Solve interrupted
Best objective 3.415009066610e+03, best bound 3.615583332184e+03, gap 5.8733%
