run_tag,window_index,tick_end,state,dispatch_action,charge_action,reward,completed_delta,overdue_delta,distance_delta,q_dispatch_before,q_dispatch_after,q_charge_before,q_charge_after,vehicle_count
38795988,25,500,0|0|3|0|0|1,dispatch_urgent_first,charge_task_first,20.528,56,1,1623.6,0.0,5.260828,0.0,5.260828,8
38795988,26,520,0|0|2|0|0|1,dispatch_urgent_first,charge_proactive,1.106,3,0,94.7,0.60625,0.860016,0.60625,0.860016,8
38795988,27,540,0|0|2|0|0|1,dispatch_urgent_first,charge_proactive,3.974,6,0,101.3,0.860016,1.821265,0.860016,1.821265,8
38795988,28,560,0|0|2|0|0|1,dispatch_urgent_first,charge_proactive,0.934,3,0,103.3,1.821265,1.986468,1.821265,1.986468,8
38795988,29,580,0|0|2|0|0|1,dispatch_urgent_first,charge_proactive,3.308,5,0,84.6,1.986468,2.316851,1.986468,2.316851,8
38795988,30,600,0|0|1|0|0|1,dispatch_energy_safe,charge_task_first,2.95,5,0,102.5,0.0,0.7375,0.0,0.7375,8
38795988,31,620,0|0|1|0|0|1,dispatch_energy_safe,charge_task_first,5.02,7,0,99.0,0.7375,1.964844,0.7375,1.964844,8
38795988,32,640,0|0|1|0|0|1,dispatch_energy_safe,charge_task_first,1.922,4,0,103.9,1.964844,1.954133,1.964844,1.954133,8
38795988,33,660,0|0|0|0|0|1,dispatch_bundle_first,charge_balanced,3.416,5,0,79.2,0.0,1.269253,0.0,1.269253,8
38795988,34,680,0|0|1|0|0|1,dispatch_energy_safe,charge_task_first,1.36,3,0,82.0,1.954133,2.220853,1.954133,2.220853,8
38795988,35,700,0|0|1|0|0|1,dispatch_energy_safe,charge_task_first,4.166,6,0,91.7,2.220853,3.179071,2.220853,3.179071,8
38795988,36,720,0|0|1|0|0|1,dispatch_energy_safe,charge_task_first,0.448,2,0,77.6,3.179071,3.171856,3.179071,3.171856,8
38795988,37,740,0|0|1|0|0|1,dispatch_energy_safe,charge_task_first,3.156,4,0,42.2,3.171856,3.167892,3.171856,3.167892,8
38795988,38,760,0|0|2|0|1|1,dispatch_balanced,charge_balanced,0.0,0,0,0.0,0.0,0.0,0.0,0.0,8
38795988,39,780,0|0|4|0|1|1,dispatch_urgent_first,charge_balanced,-0.08,0,0,4.0,0.0,-0.02,0.0,-0.02,8
38795988,40,800,0|0|4|0|3|1,dispatch_balanced,charge_proactive,-110.054,63,34,3552.7,0.0,-27.5135,0.0,-27.5135,15
38795988,41,820,1|3|0|0|0|1,dispatch_bundle_first,charge_proactive,-1.88,10,3,144.0,0.0,-0.47,0.0,-0.47,15
38795988,42,840,1|4|0|0|0|1,dispatch_urgent_first,charge_task_first,0.826,4,0,158.7,0.0,0.2065,0.0,0.2065,15
38795988,43,860,1|4|0|0|0|1,dispatch_urgent_first,charge_task_first,3.92,7,0,154.0,0.2065,1.134875,0.2065,1.134875,15
38795988,44,880,1|4|1|0|0|1,dispatch_urgent_first,charge_proactive,-16.104,5,6,155.2,0.0,-4.026,0.0,-4.026,15
38795988,45,900,1|4|1|0|0|2,dispatch_balanced,charge_balanced,1.094,5,0,195.3,0.0,0.2735,0.0,0.2735,15
38795988,46,920,1|4|1|0|0|2,dispatch_bundle_first,charge_balanced,0.52,7,1,174.0,0.0,0.188119,0.2735,0.393244,15
38795988,47,940,1|4|1|0|0|2,dispatch_balanced,charge_balanced,-3.92,5,2,146.0,0.2735,-0.716756,0.393244,-0.601503,15
38795988,48,960,1|4|1|0|0|2,dispatch_bundle_first,charge_task_first,-14.506,4,5,175.3,0.188119,-3.445436,0.0,-3.6265,15
38795988,49,980,1|4|1|0|0|2,dispatch_bundle_first,charge_proactive,1.164,5,0,191.8,-3.445436,-2.293077,0.0,0.291,15
38795988,50,1000,1|4|1|0|0|2,dispatch_urgent_first,charge_proactive,0.146,7,1,192.7,0.0,0.0365,0.291,0.316587,15
38795988,51,1020,1|4|1|0|0|2,dispatch_urgent_first,charge_balanced,-4.548,5,2,177.4,0.0365,-1.101869,-0.601503,-1.520852,15
38795988,52,1040,1|4|1|0|0|2,dispatch_energy_safe,charge_proactive,-7.652,5,3,182.6,0.0,-1.913,0.316587,-1.608285,15
38795988,53,1060,1|4|1|0|0|2,dispatch_urgent_first,charge_balanced,2.22,9,1,189.0,-1.101869,-0.423712,-1.520852,-0.90882,15
38795988,54,1080,1|4|1|0|0|2,dispatch_urgent_first,charge_balanced,-3.61,3,1,180.5,-0.423712,-1.310323,-0.90882,-1.77724,15
38795988,55,1100,1|4|1|0|0|2,dispatch_balanced,charge_proactive,-0.766,6,1,188.3,-0.716756,-0.881378,-1.608285,-1.739474,15
38795988,56,1120,1|4|1|0|0|2,dispatch_balanced,charge_proactive,0.924,8,1,203.8,-0.881378,-0.430033,-1.739474,-1.073605,15
38795988,57,1140,1|4|0|0|0|2,dispatch_balanced,charge_balanced,-1.922,5,1,196.1,0.0,-0.4805,0.0,-0.4805,15
38795988,58,1160,1|4|0|0|0|2,dispatch_urgent_first,charge_proactive,-3.554,6,2,177.7,0.0,-0.8885,0.0,-0.8885,15
38795988,59,1180,1|4|0|0|0|2,dispatch_energy_safe,charge_task_first,-0.298,6,1,164.9,0.0,-0.0745,0.0,-0.0745,15
38795988,60,1200,1|4|0|0|0|2,dispatch_bundle_first,charge_task_first,-3.086,6,2,154.3,0.0,-0.7715,-0.0745,-0.827375,15
38795988,61,1220,0|4|1|0|0|2,dispatch_balanced,charge_balanced,-3.896,2,1,144.8,0.0,-0.974,0.0,-0.974,15
38795988,62,1240,0|4|1|0|0|2,dispatch_urgent_first,charge_task_first,-1.06,3,0,203.0,0.0,-0.265,0.0,-0.265,15
38795988,63,1260,0|4|1|0|0|2,dispatch_energy_safe,charge_proactive,-2.044,5,1,202.2,0.0,-0.511,0.0,-0.511,15
38795988,64,1280,0|4|1|0|0|2,dispatch_bundle_first,charge_task_first,-2.712,4,1,185.6,0.0,-0.678,-0.265,-0.87675,15
run_tag,window_index,tick_end,state,dispatch_action,charge_action,reward,completed_delta,overdue_delta,distance_delta,q_dispatch_before,q_dispatch_after,q_charge_before,q_charge_after,vehicle_count
38795988,1,20,0|0|4|0|4|0,dispatch_urgent_first,charge_task_first,0.734,1,0,13.3,0.0,0.1835,0.0,0.1835,3
38795988,2,40,0|0|4|0|3|0,dispatch_balanced,charge_task_first,0.698,1,0,15.1,0.0,0.1745,0.0,0.1745,3
38795988,3,60,0|0|4|0|3|0,dispatch_urgent_first,charge_task_first,1.734,2,0,13.3,0.0,0.4335,0.1745,0.564375,3
38795988,4,80,0|0|4|0|1|0,dispatch_energy_safe,charge_proactive,0.606,1,0,19.7,0.0,0.1515,0.0,0.1515,3
38795988,5,100,0|0|4|0|1|0,dispatch_energy_safe,charge_proactive,1.628,2,0,18.6,0.1515,0.520625,0.1515,0.520625,3
38795988,6,120,0|0|4|0|0|0,dispatch_balanced,charge_balanced,2.252,3,0,37.4,0.0,0.563,0.0,0.563,3
38795988,7,140,1|1|4|0|3|0,dispatch_energy_safe,charge_proactive,2.312,3,0,34.4,0.0,0.578,0.0,0.578,3
38795988,8,160,1|1|3|0|0|0,dispatch_bundle_first,charge_proactive,1.27,2,0,36.5,0.0,0.3175,0.0,0.3175,3
38795988,9,180,2|0|3|0|0|0,dispatch_urgent_first,charge_task_first,2.296,3,0,35.2,0.0,0.574,0.0,0.574,3
38795988,10,200,1|0|3|0|1|0,dispatch_urgent_first,charge_balanced,1.296,2,0,35.2,0.0,0.324,0.0,0.324,3
38795988,11,220,1|0|2|0|0|0,dispatch_urgent_first,charge_proactive,3.306,4,0,34.7,0.0,0.8265,0.0,0.8265,3
38795988,12,240,0|0|2|0|0|0,dispatch_urgent_first,charge_proactive,1.342,2,0,32.9,0.0,0.3355,0.0,0.3355,3
38795988,13,260,0|0|2|0|1|0,dispatch_bundle_first,charge_proactive,2.506,3,0,24.7,0.0,0.6265,0.0,0.6265,3
38795988,14,280,0|0|2|0|1|0,dispatch_bundle_first,charge_proactive,0.642,1,0,17.9,0.6265,0.701669,0.6265,0.701669,3
38795988,15,300,0|0|2|0|0|0,dispatch_balanced,charge_proactive,0.446,1,0,27.7,0.0,0.1115,0.3355,0.363125,3
38795988,16,320,0|0|3|0|0|0,dispatch_bundle_first,charge_task_first,1.35,2,0,32.5,0.0,0.408794,0.0,0.414664,3
38795988,17,340,0|0|2|0|0|0,dispatch_urgent_first,charge_proactive,2.316,3,0,34.2,0.3355,1.006256,0.363125,1.026975,3
38795988,18,360,1|0|2|0|0|0,dispatch_urgent_first,charge_proactive,2.372,3,0,31.4,0.8265,1.426704,0.8265,1.431107,3
38795988,19,380,0|0|2|0|0|0,dispatch_energy_safe,charge_proactive,2.262,3,0,36.9,0.0,0.5655,1.026975,1.335731,3
38795988,20,400,0|0|1|0|1|0,dispatch_bundle_first,charge_task_first,2.412,3,0,29.4,0.0,0.603,0.0,0.603,3
38795988,21,420,0|0|1|0|0|0,dispatch_balanced,charge_proactive,0.456,1,0,27.2,0.0,0.242138,0.0,0.242138,3
38795988,22,440,0|0|1|0|1|0,dispatch_bundle_first,charge_task_first,1.628,2,0,18.6,0.603,0.85925,0.603,0.85925,3
38795988,23,460,0|0|2|0|0|1,dispatch_urgent_first,charge_proactive,2.412,3,0,29.4,0.0,0.603,0.0,0.603,3
38795988,24,480,0|0|2|0|0|1,dispatch_urgent_first,charge_proactive,0.616,1,0,19.2,0.603,0.60625,0.603,0.60625,3
38795988,25,500,0|0|3|0|0|1,dispatch_urgent_first,charge_task_first,20.598,56,1,1620.1,0.0,5.278328,0.0,5.278328,8
38795988,26,520,0|0|2|0|0|1,dispatch_urgent_first,charge_proactive,1.076,3,0,96.2,0.60625,0.852516,0.60625,0.852516,8
38795988,27,540,0|0|2|0|0|1,dispatch_urgent_first,charge_proactive,4.096,6,0,95.2,0.852516,1.844546,0.852516,1.844546,8
38795988,28,560,0|0|2|0|0|1,dispatch_urgent_first,charge_proactive,-0.05,2,0,102.5,1.844546,1.762876,1.844546,1.762876,8
38795988,29,580,0|0|2|0|0|1,dispatch_urgent_first,charge_proactive,4.156,6,0,92.2,1.762876,2.735768,1.762876,2.735768,8
38795988,30,600,0|0|2|0|0|1,dispatch_urgent_first,charge_proactive,1.958,4,0,102.1,2.735768,2.541326,2.735768,2.541326,8
38795988,31,620,0|0|1|0|0|1,dispatch_bundle_first,charge_task_first,6.23,8,0,88.5,0.0,1.5575,0.0,1.5575,8
38795988,32,640,0|0|1|0|0|1,dispatch_urgent_first,charge_task_first,1.85,4,0,107.5,0.0,0.793469,1.5575,1.961594,8
38795988,33,660,0|0|1|0|0|1,dispatch_bundle_first,charge_task_first,2.342,4,0,82.9,1.5575,2.084594,1.961594,2.473534,8
38795988,34,680,0|0|1|0|0|1,dispatch_bundle_first,charge_task_first,2.468,4,0,76.6,2.084594,2.623421,2.473534,2.997776,8
38795988,35,700,0|0|1|0|0|1,dispatch_bundle_first,charge_task_first,4.226,6,0,88.7,2.623421,3.581543,2.997776,3.94186,8
38795988,36,720,0|0|1|0|0|1,dispatch_bundle_first,charge_task_first,1.586,3,0,70.7,3.581543,3.843735,3.94186,4.19054,8
38795988,37,740,0|0|1|0|0|1,dispatch_bundle_first,charge_task_first,2.336,3,0,33.2,3.843735,3.466801,4.19054,3.726905,8
38795988,38,760,0|0|2|0|1|1,dispatch_balanced,charge_balanced,-0.04,0,0,2.0,0.0,-0.01,0.0,-0.01,8
38795988,39,780,0|0|3|0|1|1,dispatch_urgent_first,charge_balanced,-0.132,0,0,6.6,0.0,-0.033,0.0,-0.033,8
38795988,40,800,0|0|4|0|3|1,dispatch_balanced,charge_proactive,-148.252,55,46,3262.6,0.0,-37.063,0.0,-37.063,15
38795988,41,820,1|4|1|0|0|1,dispatch_bundle_first,charge_proactive,-2.314,6,2,115.7,0.0,-0.5785,0.0,-0.5785,15
38795988,42,840,1|4|1|0|0|1,dispatch_balanced,charge_balanced,-6.444,2,2,122.2,0.0,-1.611,0.0,-1.611,15
38795988,43,860,1|4|2|0|0|1,dispatch_balanced,charge_task_first,4.44,7,0,128.0,0.0,1.11,0.0,1.11,15
38795988,44,880,2|4|2|0|0|1,dispatch_energy_safe,charge_task_first,-26.598,3,9,129.9,0.0,-6.6495,0.0,-6.6495,15
38795988,45,900,2|4|2|0|0|2,dispatch_bundle_first,charge_task_first,-0.444,6,1,172.2,0.0,-0.111,0.0,-0.111,15
38795988,46,920,2|4|2|0|0|2,dispatch_energy_safe,charge_balanced,-3.44,6,2,172.0,0.0,-0.86,0.0,-0.86,15
38795988,47,940,2|4|2|0|0|2,dispatch_balanced,charge_proactive,-11.028,5,4,201.4,0.0,-2.757,0.0,-2.757,15
38795988,48,960,2|4|2|0|0|2,dispatch_urgent_first,charge_task_first,-13.862,5,5,193.1,0.0,-3.4655,-0.111,-3.572338,15
38795988,49,980,2|4|2|0|0|2,dispatch_bundle_first,charge_balanced,1.94,6,0,203.0,-0.111,0.40175,-0.86,-0.16,15
38795988,50,1000,2|4|1|0|0|2,dispatch_balanced,charge_balanced,1.712,6,0,214.4,0.0,0.428,0.0,0.428,15
38795988,51,1020,2|4|1|0|0|2,dispatch_balanced,charge_balanced,-0.49,6,1,174.5,0.428,0.1985,0.428,0.1985,15
38795988,52,1040,1|4|1|0|0|2,dispatch_bundle_first,charge_task_first,-5.89,4,2,194.5,0.0,-1.430319,0.0,-1.430319,15
38795988,53,1060,2|4|1|0|0|2,dispatch_balanced,charge_balanced,-1.924,8,2,196.2,0.1985,-0.289944,0.1985,-0.289944,15
38795988,54,1080,2|4|1|0|0|2,dispatch_urgent_first,charge_proactive,-2.518,4,1,175.9,0.0,-0.6295,0.0,-0.6295,15
38795988,55,1100,2|4|1|0|0|2,dispatch_bundle_first,charge_task_first,0.094,7,1,195.3,0.0,0.0235,0.0,0.0235,15
38795988,56,1120,2|4|1|0|0|2,dispatch_bundle_first,charge_task_first,-4.51,8,3,175.5,0.0235,-1.104881,0.0235,-1.104881,15
38795988,57,1140,2|4|1|0|0|2,dispatch_energy_safe,charge_balanced,-3.95,5,2,147.5,0.0,-0.9875,-0.289944,-1.266571,15
38795988,58,1160,2|4|1|0|0|2,dispatch_urgent_first,charge_proactive,-0.64,6,1,182.0,-0.6295,-0.632125,-0.6295,-0.632125,15
38795988,59,1180,1|4|1|0|0|2,dispatch_energy_safe,charge_balanced,0.044,4,0,197.8,0.0,0.011,0.0,0.011,15
38795988,60,1200,1|4|1|0|0|2,dispatch_energy_safe,charge_balanced,2.766,9,1,161.7,0.011,0.702087,0.011,0.702087,15
38795988,61,1220,1|4|1|0|0|2,dispatch_energy_safe,charge_balanced,-4.872,1,1,143.6,0.702087,-0.542241,0.702087,-0.542241,15
38795988,62,1240,1|4|1|0|0|2,dispatch_urgent_first,charge_proactive,-3.596,3,1,179.8,0.0,-0.899,0.0,-0.899,15
38795988,63,1260,1|4|1|0|0|2,dispatch_balanced,charge_balanced,2.206,9,1,189.7,0.0,0.5515,-0.542241,0.144819,15
38795988,64,1280,0|4|1|0|0|2,dispatch_energy_safe,charge_task_first,-5.81,1,1,190.5,0.0,-1.4525,0.0,-1.4525,15
run_tag,window_index,tick_end,state,dispatch_action,charge_action,reward,completed_delta,overdue_delta,distance_delta,q_dispatch_before,q_dispatch_after,q_charge_before,q_charge_after,vehicle_count
38795988,1,20,0|0|4|0|4|0,dispatch_urgent_first,charge_task_first,0.734,1,0,13.3,0.0,0.1835,0.0,0.1835,3
38795988,2,40,0|0|4|0|3|0,dispatch_balanced,charge_task_first,0.698,1,0,15.1,0.0,0.1745,0.0,0.1745,3
38795988,3,60,0|0|4|0|3|0,dispatch_urgent_first,charge_task_first,1.734,2,0,13.3,0.0,0.4335,0.1745,0.564375,3
38795988,4,80,0|0|4|0|1|0,dispatch_energy_safe,charge_proactive,0.606,1,0,19.7,0.0,0.1515,0.0,0.1515,3
38795988,5,100,0|0|4|0|1|0,dispatch_energy_safe,charge_proactive,1.628,2,0,18.6,0.1515,0.520625,0.1515,0.520625,3
38795988,6,120,0|0|4|0|0|0,dispatch_balanced,charge_balanced,2.252,3,0,37.4,0.0,0.563,0.0,0.563,3
38795988,7,140,1|1|4|0|3|0,dispatch_energy_safe,charge_proactive,2.312,3,0,34.4,0.0,0.578,0.0,0.578,3
38795988,8,160,1|1|3|0|0|0,dispatch_bundle_first,charge_proactive,1.27,2,0,36.5,0.0,0.3175,0.0,0.3175,3
38795988,9,180,2|0|3|0|0|0,dispatch_urgent_first,charge_task_first,2.296,3,0,35.2,0.0,0.574,0.0,0.574,3
38795988,10,200,1|0|3|0|1|0,dispatch_urgent_first,charge_balanced,1.296,2,0,35.2,0.0,0.324,0.0,0.324,3
38795988,11,220,1|0|2|0|0|0,dispatch_urgent_first,charge_proactive,3.306,4,0,34.7,0.0,0.8265,0.0,0.8265,3
38795988,12,240,0|0|2|0|0|0,dispatch_urgent_first,charge_proactive,1.342,2,0,32.9,0.0,0.3355,0.0,0.3355,3
38795988,13,260,0|0|2|0|1|0,dispatch_bundle_first,charge_proactive,2.506,3,0,24.7,0.0,0.6265,0.0,0.6265,3
38795988,14,280,0|0|2|0|1|0,dispatch_bundle_first,charge_proactive,0.642,1,0,17.9,0.6265,0.701669,0.6265,0.701669,3
38795988,15,300,0|0|2|0|0|0,dispatch_balanced,charge_proactive,0.446,1,0,27.7,0.0,0.1115,0.3355,0.363125,3
38795988,16,320,0|0|3|0|0|0,dispatch_bundle_first,charge_task_first,1.35,2,0,32.5,0.0,0.408794,0.0,0.414664,3
38795988,17,340,0|0|2|0|0|0,dispatch_urgent_first,charge_proactive,2.316,3,0,34.2,0.3355,1.006256,0.363125,1.026975,3
38795988,18,360,1|0|2|0|0|0,dispatch_urgent_first,charge_proactive,2.372,3,0,31.4,0.8265,1.426704,0.8265,1.431107,3
38795988,19,380,0|0|2|0|0|0,dispatch_energy_safe,charge_proactive,2.262,3,0,36.9,0.0,0.5655,1.026975,1.335731,3
38795988,20,400,0|0|1|0|1|0,dispatch_bundle_first,charge_task_first,2.412,3,0,29.4,0.0,0.603,0.0,0.603,3
38795988,21,420,0|0|1|0|0|0,dispatch_balanced,charge_proactive,0.456,1,0,27.2,0.0,0.242138,0.0,0.242138,3
38795988,22,440,0|0|1|0|1|0,dispatch_bundle_first,charge_task_first,1.628,2,0,18.6,0.603,0.85925,0.603,0.85925,3
38795988,23,460,0|0|2|0|0|1,dispatch_urgent_first,charge_proactive,2.412,3,0,29.4,0.0,0.603,0.0,0.603,3
38795988,24,480,0|0|2|0|0|1,dispatch_urgent_first,charge_proactive,0.616,1,0,19.2,0.603,0.60625,0.603,0.60625,3
38795988,25,500,0|0|3|0|0|1,dispatch_urgent_first,charge_task_first,20.528,56,1,1623.6,0.0,5.260828,0.0,5.260828,8
38795988,26,520,0|0|2|0|0|1,dispatch_urgent_first,charge_proactive,1.106,3,0,94.7,0.60625,0.860016,0.60625,0.860016,8
38795988,27,540,0|0|2|0|0|1,dispatch_urgent_first,charge_proactive,3.974,6,0,101.3,0.860016,1.821265,0.860016,1.821265,8
38795988,28,560,0|0|2|0|0|1,dispatch_urgent_first,charge_proactive,0.934,3,0,103.3,1.821265,1.986468,1.821265,1.986468,8
38795988,29,580,0|0|2|0|0|1,dispatch_urgent_first,charge_proactive,3.308,5,0,84.6,1.986468,2.316851,1.986468,2.316851,8
38795988,30,600,0|0|1|0|0|1,dispatch_energy_safe,charge_task_first,2.95,5,0,102.5,0.0,0.7375,0.0,0.7375,8
38795988,31,620,0|0|1|0|0|1,dispatch_energy_safe,charge_task_first,5.02,7,0,99.0,0.7375,1.964844,0.7375,1.964844,8
38795988,32,640,0|0|1|0|0|1,dispatch_energy_safe,charge_task_first,1.922,4,0,103.9,1.964844,1.954133,1.964844,1.954133,8
38795988,33,660,0|0|0|0|0|1,dispatch_bundle_first,charge_balanced,3.416,5,0,79.2,0.0,1.269253,0.0,1.269253,8
38795988,34,680,0|0|1|0|0|1,dispatch_energy_safe,charge_task_first,1.36,3,0,82.0,1.954133,2.220853,1.954133,2.220853,8
38795988,35,700,0|0|1|0|0|1,dispatch_energy_safe,charge_task_first,4.166,6,0,91.7,2.220853,3.179071,2.220853,3.179071,8
38795988,36,720,0|0|1|0|0|1,dispatch_energy_safe,charge_task_first,0.448,2,0,77.6,3.179071,3.171856,3.179071,3.171856,8
38795988,37,740,0|0|1|0|0|1,dispatch_energy_safe,charge_task_first,3.156,4,0,42.2,3.171856,3.167892,3.171856,3.167892,8
38795988,38,760,0|0|2|0|1|1,dispatch_balanced,charge_balanced,0.0,0,0,0.0,0.0,0.0,0.0,0.0,8
38795988,39,780,0|0|4|0|1|1,dispatch_urgent_first,charge_balanced,-0.08,0,0,4.0,0.0,-0.02,0.0,-0.02,8
38795988,40,800,0|0|4|0|3|1,dispatch_balanced,charge_proactive,-110.054,63,34,3552.7,0.0,-27.5135,0.0,-27.5135,15
38795988,41,820,1|3|0|0|0|1,dispatch_bundle_first,charge_proactive,-1.88,10,3,144.0,0.0,-0.47,0.0,-0.47,15
38795988,42,840,1|4|0|0|0|1,dispatch_urgent_first,charge_task_first,0.826,4,0,158.7,0.0,0.2065,0.0,0.2065,15
38795988,43,860,1|4|0|0|0|1,dispatch_urgent_first,charge_task_first,3.92,7,0,154.0,0.2065,1.134875,0.2065,1.134875,15
38795988,44,880,1|4|1|0|0|1,dispatch_urgent_first,charge_proactive,-16.104,5,6,155.2,0.0,-4.026,0.0,-4.026,15
38795988,45,900,1|4|1|0|0|2,dispatch_balanced,charge_balanced,1.094,5,0,195.3,0.0,0.2735,0.0,0.2735,15
38795988,46,920,1|4|1|0|0|2,dispatch_bundle_first,charge_balanced,0.52,7,1,174.0,0.0,0.188119,0.2735,0.393244,15
38795988,47,940,1|4|1|0|0|2,dispatch_balanced,charge_balanced,-3.92,5,2,146.0,0.2735,-0.716756,0.393244,-0.601503,15
38795988,48,960,1|4|1|0|0|2,dispatch_bundle_first,charge_task_first,-14.506,4,5,175.3,0.188119,-3.445436,0.0,-3.6265,15
38795988,49,980,1|4|1|0|0|2,dispatch_bundle_first,charge_proactive,1.164,5,0,191.8,-3.445436,-2.293077,0.0,0.291,15
38795988,50,1000,1|4|1|0|0|2,dispatch_urgent_first,charge_proactive,0.146,7,1,192.7,0.0,0.0365,0.291,0.316587,15
38795988,51,1020,1|4|1|0|0|2,dispatch_urgent_first,charge_balanced,-4.548,5,2,177.4,0.0365,-1.101869,-0.601503,-1.520852,15
38795988,52,1040,1|4|1|0|0|2,dispatch_energy_safe,charge_proactive,-7.652,5,3,182.6,0.0,-1.913,0.316587,-1.608285,15
38795988,53,1060,1|4|1|0|0|2,dispatch_urgent_first,charge_balanced,2.22,9,1,189.0,-1.101869,-0.423712,-1.520852,-0.90882,15
38795988,54,1080,1|4|1|0|0|2,dispatch_urgent_first,charge_balanced,-3.61,3,1,180.5,-0.423712,-1.310323,-0.90882,-1.77724,15
38795988,55,1100,1|4|1|0|0|2,dispatch_balanced,charge_proactive,-0.766,6,1,188.3,-0.716756,-0.881378,-1.608285,-1.739474,15
38795988,56,1120,1|4|1|0|0|2,dispatch_balanced,charge_proactive,0.924,8,1,203.8,-0.881378,-0.430033,-1.739474,-1.073605,15
38795988,57,1140,1|4|0|0|0|2,dispatch_balanced,charge_balanced,-1.922,5,1,196.1,0.0,-0.4805,0.0,-0.4805,15
38795988,58,1160,1|4|0|0|0|2,dispatch_urgent_first,charge_proactive,-3.554,6,2,177.7,0.0,-0.8885,0.0,-0.8885,15
38795988,59,1180,1|4|0|0|0|2,dispatch_energy_safe,charge_task_first,-0.298,6,1,164.9,0.0,-0.0745,0.0,-0.0745,15
38795988,60,1200,1|4|0|0|0|2,dispatch_bundle_first,charge_task_first,-3.086,6,2,154.3,0.0,-0.7715,-0.0745,-0.827375,15
38795988,61,1220,0|4|1|0|0|2,dispatch_balanced,charge_balanced,-3.896,2,1,144.8,0.0,-0.974,0.0,-0.974,15
38795988,62,1240,0|4|1|0|0|2,dispatch_urgent_first,charge_task_first,-1.06,3,0,203.0,0.0,-0.265,0.0,-0.265,15
38795988,63,1260,0|4|1|0|0|2,dispatch_energy_safe,charge_proactive,-2.044,5,1,202.2,0.0,-0.511,0.0,-0.511,15
38795988,64,1280,0|4|1|0|0|2,dispatch_bundle_first,charge_task_first,-2.712,4,1,185.6,0.0,-0.678,-0.265,-0.87675,15
run_tag,window_index,tick_end,state,dispatch_action,charge_action,reward,completed_delta,overdue_delta,distance_delta,q_dispatch_before,q_dispatch_after,q_charge_before,q_charge_after,vehicle_count
38795988,1,20,0|0|4|0|4|0,dispatch_urgent_first,charge_task_first,0.734,1,0,13.3,0.0,0.1835,0.0,0.1835,3
38795988,2,40,0|0|4|0|3|0,dispatch_balanced,charge_task_first,0.698,1,0,15.1,0.0,0.1745,0.0,0.1745,3
38795988,3,60,0|0|4|0|3|0,dispatch_urgent_first,charge_task_first,1.734,2,0,13.3,0.0,0.4335,0.1745,0.564375,3
38795988,4,80,0|0|4|0|1|0,dispatch_energy_safe,charge_proactive,0.606,1,0,19.7,0.0,0.1515,0.0,0.1515,3
38795988,5,100,0|0|4|0|1|0,dispatch_energy_safe,charge_proactive,1.628,2,0,18.6,0.1515,0.520625,0.1515,0.520625,3
38795988,6,120,0|0|4|0|0|0,dispatch_balanced,charge_balanced,2.252,3,0,37.4,0.0,0.563,0.0,0.563,3
38795988,7,140,1|1|4|0|3|0,dispatch_energy_safe,charge_proactive,2.312,3,0,34.4,0.0,0.578,0.0,0.578,3
38795988,8,160,1|1|3|0|0|0,dispatch_bundle_first,charge_proactive,1.27,2,0,36.5,0.0,0.3175,0.0,0.3175,3
38795988,9,180,2|0|3|0|0|0,dispatch_urgent_first,charge_task_first,2.296,3,0,35.2,0.0,0.574,0.0,0.574,3
38795988,10,200,1|0|3|0|1|0,dispatch_urgent_first,charge_balanced,1.296,2,0,35.2,0.0,0.324,0.0,0.324,3
38795988,11,220,1|0|2|0|0|0,dispatch_urgent_first,charge_proactive,3.306,4,0,34.7,0.0,0.8265,0.0,0.8265,3
38795988,12,240,0|0|2|0|0|0,dispatch_urgent_first,charge_proactive,1.342,2,0,32.9,0.0,0.3355,0.0,0.3355,3
38795988,13,260,0|0|2|0|1|0,dispatch_bundle_first,charge_proactive,2.506,3,0,24.7,0.0,0.6265,0.0,0.6265,3
38795988,14,280,0|0|2|0|1|0,dispatch_bundle_first,charge_proactive,0.642,1,0,17.9,0.6265,0.701669,0.6265,0.701669,3
38795988,15,300,0|0|2|0|0|0,dispatch_balanced,charge_proactive,0.446,1,0,27.7,0.0,0.1115,0.3355,0.363125,3
38795988,16,320,0|0|3|0|0|0,dispatch_bundle_first,charge_task_first,1.35,2,0,32.5,0.0,0.408794,0.0,0.414664,3
38795988,17,340,0|0|2|0|0|0,dispatch_urgent_first,charge_proactive,2.316,3,0,34.2,0.3355,1.006256,0.363125,1.026975,3
38795988,18,360,1|0|2|0|0|0,dispatch_urgent_first,charge_proactive,2.372,3,0,31.4,0.8265,1.426704,0.8265,1.431107,3
38795988,19,380,0|0|2|0|0|0,dispatch_energy_safe,charge_proactive,2.262,3,0,36.9,0.0,0.5655,1.026975,1.335731,3
38795988,20,400,0|0|1|0|1|0,dispatch_bundle_first,charge_task_first,2.412,3,0,29.4,0.0,0.603,0.0,0.603,3
38795988,21,420,0|0|1|0|0|0,dispatch_balanced,charge_proactive,0.456,1,0,27.2,0.0,0.242138,0.0,0.242138,3
38795988,22,440,0|0|1|0|1|0,dispatch_bundle_first,charge_task_first,1.628,2,0,18.6,0.603,0.85925,0.603,0.85925,3
38795988,23,460,0|0|2|0|0|1,dispatch_urgent_first,charge_proactive,2.412,3,0,29.4,0.0,0.603,0.0,0.603,3
38795988,24,480,0|0|2|0|0|1,dispatch_urgent_first,charge_proactive,0.616,1,0,19.2,0.603,0.60625,0.603,0.60625,3
38795988,25,500,0|0|3|0|0|1,dispatch_urgent_first,charge_task_first,20.528,56,1,1623.6,0.0,5.260828,0.0,5.260828,8
38795988,26,520,0|0|2|0|0|1,dispatch_urgent_first,charge_proactive,1.106,3,0,94.7,0.60625,0.860016,0.60625,0.860016,8
38795988,27,540,0|0|2|0|0|1,dispatch_urgent_first,charge_proactive,3.974,6,0,101.3,0.860016,1.821265,0.860016,1.821265,8
38795988,28,560,0|0|2|0|0|1,dispatch_urgent_first,charge_proactive,0.934,3,0,103.3,1.821265,1.986468,1.821265,1.986468,8
38795988,29,580,0|0|2|0|0|1,dispatch_urgent_first,charge_proactive,3.308,5,0,84.6,1.986468,2.316851,1.986468,2.316851,8
38795988,30,600,0|0|1|0|0|1,dispatch_energy_safe,charge_task_first,2.95,5,0,102.5,0.0,0.7375,0.0,0.7375,8
38795988,31,620,0|0|1|0|0|1,dispatch_energy_safe,charge_task_first,5.02,7,0,99.0,0.7375,1.964844,0.7375,1.964844,8
38795988,32,640,0|0|1|0|0|1,dispatch_energy_safe,charge_task_first,1.922,4,0,103.9,1.964844,1.954133,1.964844,1.954133,8
38795988,33,660,0|0|0|0|0|1,dispatch_bundle_first,charge_balanced,3.416,5,0,79.2,0.0,1.269253,0.0,1.269253,8
38795988,34,680,0|0|1|0|0|1,dispatch_energy_safe,charge_task_first,1.36,3,0,82.0,1.954133,2.220853,1.954133,2.220853,8
38795988,35,700,0|0|1|0|0|1,dispatch_energy_safe,charge_task_first,4.166,6,0,91.7,2.220853,3.179071,2.220853,3.179071,8
38795988,36,720,0|0|1|0|0|1,dispatch_energy_safe,charge_task_first,0.448,2,0,77.6,3.179071,3.171856,3.179071,3.171856,8
38795988,37,740,0|0|1|0|0|1,dispatch_energy_safe,charge_task_first,3.156,4,0,42.2,3.171856,3.167892,3.171856,3.167892,8
38795988,38,760,0|0|2|0|1|1,dispatch_balanced,charge_balanced,0.0,0,0,0.0,0.0,0.0,0.0,0.0,8
38795988,39,780,0|0|4|0|1|1,dispatch_urgent_first,charge_balanced,-0.08,0,0,4.0,0.0,-0.02,0.0,-0.02,8
38795988,40,800,0|0|4|0|3|1,dispatch_balanced,charge_proactive,-147.76,55,46,3238.0,0.0,-36.94,0.0,-36.94,15
38795988,41,820,1|4|1|0|0|1,dispatch_bundle_first,charge_proactive,-2.314,6,2,115.7,0.0,-0.5785,0.0,-0.5785,15
38795988,42,840,1|4|1|0|0|1,dispatch_balanced,charge_balanced,-6.444,2,2,122.2,0.0,-1.611,0.0,-1.611,15
38795988,43,860,1|4|2|0|0|1,dispatch_balanced,charge_task_first,4.44,7,0,128.0,0.0,1.11,0.0,1.11,15
38795988,44,880,2|4|2|0|0|1,dispatch_energy_safe,charge_task_first,-26.598,3,9,129.9,0.0,-6.6495,0.0,-6.6495,15
38795988,45,900,2|4|2|0|0|2,dispatch_bundle_first,charge_task_first,-0.444,6,1,172.2,0.0,-0.111,0.0,-0.111,15
38795988,46,920,2|4|2|0|0|2,dispatch_energy_safe,charge_balanced,-3.44,6,2,172.0,0.0,-0.86,0.0,-0.86,15
38795988,47,940,2|4|2|0|0|2,dispatch_balanced,charge_proactive,-11.028,5,4,201.4,0.0,-2.757,0.0,-2.757,15
38795988,48,960,2|4|2|0|0|2,dispatch_urgent_first,charge_task_first,-13.862,5,5,193.1,0.0,-3.4655,-0.111,-3.572338,15
38795988,49,980,2|4|2|0|0|2,dispatch_bundle_first,charge_balanced,1.94,6,0,203.0,-0.111,0.40175,-0.86,-0.16,15
38795988,50,1000,2|4|1|0|0|2,dispatch_balanced,charge_balanced,1.712,6,0,214.4,0.0,0.428,0.0,0.428,15
38795988,51,1020,2|4|1|0|0|2,dispatch_balanced,charge_balanced,-0.49,6,1,174.5,0.428,0.1985,0.428,0.1985,15
38795988,52,1040,1|4|1|0|0|2,dispatch_bundle_first,charge_task_first,-5.89,4,2,194.5,0.0,-1.430319,0.0,-1.430319,15
38795988,53,1060,2|4|1|0|0|2,dispatch_balanced,charge_balanced,-1.924,8,2,196.2,0.1985,-0.289944,0.1985,-0.289944,15
38795988,54,1080,2|4|1|0|0|2,dispatch_urgent_first,charge_proactive,-2.518,4,1,175.9,0.0,-0.6295,0.0,-0.6295,15
38795988,55,1100,2|4|1|0|0|2,dispatch_bundle_first,charge_task_first,0.094,7,1,195.3,0.0,0.0235,0.0,0.0235,15
38795988,56,1120,2|4|1|0|0|2,dispatch_bundle_first,charge_task_first,-4.51,8,3,175.5,0.0235,-1.104881,0.0235,-1.104881,15
38795988,57,1140,2|4|1|0|0|2,dispatch_energy_safe,charge_balanced,-3.95,5,2,147.5,0.0,-0.9875,-0.289944,-1.266571,15
38795988,58,1160,2|4|1|0|0|2,dispatch_urgent_first,charge_proactive,-0.64,6,1,182.0,-0.6295,-0.632125,-0.6295,-0.632125,15
38795988,59,1180,1|4|1|0|0|2,dispatch_energy_safe,charge_balanced,0.044,4,0,197.8,0.0,0.011,0.0,0.011,15
38795988,60,1200,1|4|1|0|0|2,dispatch_energy_safe,charge_balanced,2.766,9,1,161.7,0.011,0.702087,0.011,0.702087,15
38795988,61,1220,1|4|1|0|0|2,dispatch_energy_safe,charge_balanced,-4.872,1,1,143.6,0.702087,-0.542241,0.702087,-0.542241,15
38795988,62,1240,1|4|1|0|0|2,dispatch_urgent_first,charge_proactive,-3.596,3,1,179.8,0.0,-0.899,0.0,-0.899,15
38795988,63,1260,1|4|1|0|0|2,dispatch_balanced,charge_balanced,2.206,9,1,189.7,0.0,0.5515,-0.542241,0.144819,15
38795988,64,1280,0|4|1|0|0|2,dispatch_energy_safe,charge_task_first,-5.81,1,1,190.5,0.0,-1.4525,0.0,-1.4525,15
run_tag,window_index,tick_end,state,dispatch_action,charge_action,reward,completed_delta,overdue_delta,distance_delta,q_dispatch_before,q_dispatch_after,q_charge_before,q_charge_after,vehicle_count
38795988,1,20,0|0|4|0|4|0,dispatch_urgent_first,charge_task_first,0.734,1,0,13.3,0.0,0.1835,0.0,0.1835,3
38795988,2,40,0|0|4|0|3|0,dispatch_balanced,charge_task_first,0.698,1,0,15.1,0.0,0.1745,0.0,0.1745,3
38795988,3,60,0|0|4|0|3|0,dispatch_urgent_first,charge_task_first,1.694,2,0,15.3,0.0,0.4235,0.1745,0.554375,3
38795988,4,80,0|0|4|0|1|0,dispatch_energy_safe,charge_proactive,0.626,1,0,18.7,0.0,0.1565,0.0,0.1565,3
38795988,5,100,0|0|4|0|1|0,dispatch_energy_safe,charge_proactive,1.628,2,0,18.6,0.1565,0.524375,0.1565,0.524375,3
38795988,6,120,0|0|4|0|0|0,dispatch_balanced,charge_balanced,2.272,3,0,36.4,0.0,0.568,0.0,0.568,3
38795988,7,140,1|1|4|0|3|0,dispatch_energy_safe,charge_proactive,2.312,3,0,34.4,0.0,0.578,0.0,0.578,3
38795988,8,160,0|2|3|0|0|0,dispatch_bundle_first,charge_proactive,1.27,2,0,36.5,0.0,0.3175,0.0,0.3175,3
38795988,9,180,1|0|3|0|0|0,dispatch_urgent_first,charge_task_first,2.342,3,0,32.9,0.0,0.5855,0.0,0.5855,3
38795988,10,200,1|0|3|0|0|0,dispatch_urgent_first,charge_task_first,2.272,3,0,36.4,0.5855,1.007125,0.5855,1.007125,3
38795988,11,220,1|1|2|0|0|0,dispatch_urgent_first,charge_proactive,2.312,3,0,34.4,0.0,0.578,0.0,0.578,3
38795988,12,240,0|0|2|0|0|0,dispatch_urgent_first,charge_proactive,1.462,2,0,26.9,0.0,0.3655,0.0,0.3655,3
38795988,13,260,0|0|2|0|0|0,dispatch_urgent_first,charge_proactive,2.416,3,0,29.2,0.3655,0.878125,0.3655,0.878125,3
38795988,14,280,0|0|2|0|3|0,dispatch_urgent_first,charge_balanced,0.726,1,0,13.7,0.0,0.1815,0.0,0.1815,3
38795988,15,300,0|0|3|0|0|0,dispatch_balanced,charge_proactive,0.498,1,0,25.1,0.0,0.1245,0.0,0.1245,3
38795988,16,320,0|0|3|0|1|0,dispatch_bundle_first,charge_task_first,0.432,1,0,28.4,0.0,0.134456,0.0,0.134456,3
38795988,17,340,0|0|3|0|0|0,dispatch_balanced,charge_proactive,2.246,3,0,37.7,0.1245,0.841477,0.1245,0.841477,3
38795988,18,360,0|0|2|0|0|0,dispatch_urgent_first,charge_proactive,2.384,3,0,30.8,0.878125,1.441195,0.878125,1.441195,3
38795988,19,380,0|0|2|0|0|0,dispatch_energy_safe,charge_proactive,2.394,3,0,30.3,0.0,0.904754,1.441195,1.98565,3
38795988,20,400,0|0|2|0|0|0,dispatch_urgent_first,charge_proactive,2.266,3,0,36.7,1.441195,1.647396,1.98565,2.055738,3
38795988,21,420,0|0|1|0|0|0,dispatch_bundle_first,charge_proactive,1.456,2,0,27.2,0.0,0.364,0.0,0.364,3
38795988,22,440,0|0|1|0|0|0,dispatch_bundle_first,charge_proactive,1.35,2,0,32.5,0.364,0.6105,0.364,0.6105,3
38795988,23,460,0|0|1|0|0|1,dispatch_energy_safe,charge_task_first,1.394,2,0,30.3,0.0,0.3485,0.0,0.3485,3
38795988,24,480,0|0|1|0|0|1,dispatch_energy_safe,charge_task_first,1.708,2,0,14.6,0.3485,0.688375,0.3485,0.688375,3
38795988,25,500,0|0|2|0|0|1,dispatch_balanced,charge_balanced,15.558,53,2,1572.1,0.0,3.8895,0.0,3.8895,8
38795988,26,520,0|0|2|0|0|1,dispatch_balanced,charge_balanced,3.396,5,0,80.2,3.8895,3.766125,3.8895,3.766125,8
38795988,27,540,0|0|3|0|0|1,dispatch_bundle_first,charge_task_first,0.006,2,0,99.7,0.0,0.801802,0.0,0.801802,8
38795988,28,560,0|0|2|0|0|1,dispatch_balanced,charge_balanced,5.976,8,0,101.2,3.766125,5.118895,3.766125,5.118895,8
38795988,29,580,0|0|2|0|0|1,dispatch_balanced,charge_balanced,-0.682,1,0,84.1,5.118895,4.756437,5.118895,4.756437,8
38795988,30,600,0|0|2|0|0|1,dispatch_balanced,charge_balanced,3.924,6,0,103.8,4.756437,5.55907,4.756437,5.55907,8
38795988,31,620,0|0|2|0|0|1,dispatch_balanced,charge_balanced,2.88,5,0,106.0,5.55907,5.035582,5.55907,5.035582,8
38795988,32,640,0|0|1|0|0|1,dispatch_energy_safe,charge_task_first,3.326,5,0,83.7,0.688375,1.347781,0.688375,1.347781,8
38795988,33,660,0|2|1|0|0|1,dispatch_bundle_first,charge_task_first,2.346,4,0,82.7,0.0,0.872904,0.0,0.872904,8
38795988,34,680,0|0|1|0|0|1,dispatch_energy_safe,charge_task_first,-0.648,4,1,82.4,1.347781,0.848836,1.347781,0.848836,8
38795988,35,700,0|1|1|0|0|1,dispatch_bundle_first,charge_balanced,4.974,7,0,101.3,0.0,1.423878,0.0,1.423878,8
38795988,36,720,0|0|1|0|0|1,dispatch_energy_safe,charge_task_first,-1.932,3,1,96.6,0.848836,0.153627,0.848836,0.153627,8
38795988,37,740,0|4|1|0|0|1,dispatch_balanced,charge_balanced,0.448,5,1,77.6,0.0,0.144646,0.0,0.144646,8
38795988,38,760,0|0|1|0|0|1,dispatch_energy_safe,charge_task_first,0.692,1,0,15.4,0.153627,0.458603,0.153627,0.458603,8
38795988,39,780,0|0|3|0|0|1,dispatch_bundle_first,charge_task_first,0.0,0,0,0.0,0.801802,0.601351,0.801802,0.601351,8
38795988,40,800,0|0|4|0|1|1,dispatch_bundle_first,charge_proactive,-93.152,61,28,3507.6,0.0,-23.288,0.0,-23.288,15
38795988,41,820,1|3|0|0|0|1,dispatch_urgent_first,charge_task_first,-8.778,4,3,188.9,0.0,-2.1945,0.0,-2.1945,15
38795988,42,840,1|4|0|0|0|1,dispatch_energy_safe,charge_balanced,-4.092,11,4,154.6,0.0,-1.023,0.0,-1.023,15
38795988,43,860,0|4|0|0|0|1,dispatch_urgent_first,charge_proactive,1.164,4,0,141.8,0.0,0.291,0.0,0.291,15
38795988,44,880,1|4|1|0|0|1,dispatch_balanced,charge_balanced,3.158,6,0,142.1,0.0,0.7895,0.0,0.7895,15
38795988,45,900,1|4|1|0|0|2,dispatch_bundle_first,charge_balanced,-9.82,5,4,141.0,0.0,-2.455,0.0,-2.455,15
38795988,46,920,1|3|1|0|0|2,dispatch_balanced,charge_balanced,-3.154,4,1,207.7,0.0,-0.7885,0.0,-0.7885,15
38795988,47,940,1|4|1|0|0|2,dispatch_urgent_first,charge_task_first,1.212,8,1,189.4,0.0,0.303,0.0,0.303,15
38795988,48,960,1|4|1|0|0|2,dispatch_bundle_first,charge_task_first,-10.542,4,4,127.1,-2.455,-4.412362,0.303,-2.343862,15
38795988,49,980,1|4|1|0|0|2,dispatch_urgent_first,charge_proactive,-19.466,5,7,173.3,0.303,-4.574862,0.0,-4.8665,15
38795988,50,1000,1|4|1|0|0|2,dispatch_balanced,charge_balanced,-2.284,5,1,214.2,0.0,-0.571,-2.455,-2.910321,15
38795988,51,1020,1|4|1|0|0|2,dispatch_energy_safe,charge_task_first,-0.91,6,1,195.5,0.0,-0.2275,-2.343862,-2.483468,15
38795988,52,1040,1|4|1|0|0|2,dispatch_urgent_first,charge_task_first,-3.346,6,2,167.3,-4.574862,-4.267647,-2.483468,-2.699101,15
38795988,53,1060,1|3|1|0|0|2,dispatch_urgent_first,charge_proactive,-1.958,5,1,197.9,0.0,-0.537844,0.0,-1.063059,15
38795988,54,1080,1|4|1|0|0|2,dispatch_energy_safe,charge_proactive,-0.772,9,2,188.6,-0.2275,-0.411969,-4.8665,-4.416434,15
38795988,55,1100,1|4|1|0|0|2,dispatch_energy_safe,charge_task_first,0.068,3,0,146.6,-0.411969,-0.37952,-2.699101,-2.580884,15
38795988,56,1120,1|4|1|0|0|2,dispatch_energy_safe,charge_balanced,-1.468,6,1,223.4,-0.37952,-0.732288,-2.910321,-3.098179,15
38795988,57,1140,1|4|1|0|0|2,dispatch_balanced,charge_task_first,-0.808,9,2,190.4,-0.571,-0.63025,-2.580884,-2.137663,15
38795988,58,1160,1|4|0|0|0|2,dispatch_energy_safe,charge_balanced,0.628,4,0,168.6,0.0,0.157,0.0,0.157,15
38795988,59,1180,1|4|0|0|0|2,dispatch_energy_safe,charge_balanced,-8.816,7,4,190.8,0.157,-2.052887,0.157,-2.052887,15
38795988,60,1200,1|4|0|0|0|2,dispatch_balanced,charge_balanced,0.508,7,1,174.6,0.0,0.127,-2.052887,-1.412666,15
38795988,61,1220,1|4|0|0|0|2,dispatch_balanced,charge_task_first,-4.37,1,1,118.5,0.127,-0.99725,0.0,-1.0925,15
38795988,62,1240,0|4|1|0|0|2,dispatch_energy_safe,charge_task_first,1.344,5,0,182.8,0.0,0.336,0.0,0.336,15
38795988,63,1260,0|4|1|0|0|2,dispatch_energy_safe,charge_task_first,-2.416,5,1,220.8,0.336,-0.2806,0.336,-0.2806,15
38795988,64,1280,0|4|1|0|0|2,dispatch_bundle_first,charge_proactive,-2.938,4,1,196.9,0.0,-0.7345,0.0,-0.7345,15
run_tag,window_index,tick_end,state,dispatch_action,charge_action,reward,completed_delta,overdue_delta,distance_delta,q_dispatch_before,q_dispatch_after,q_charge_before,q_charge_after,vehicle_count
38795988,1,20,0|0|4|0|4|0,dispatch_urgent_first,charge_task_first,-0.666,0,0,33.3,0.0,-0.1665,0.0,-0.1665,15
38795988,2,40,0|0|4|0|3|0,dispatch_balanced,charge_task_first,2.434,5,0,128.3,0.0,0.6085,0.0,0.6085,15
38795988,3,60,0|0|4|0|0|0,dispatch_urgent_first,charge_balanced,1.346,6,0,232.7,0.0,0.3365,0.0,0.3365,15
38795988,4,80,0|1|4|0|0|0,dispatch_energy_safe,charge_proactive,3.538,8,0,223.1,0.0,0.8845,0.0,0.8845,15
38795988,5,100,0|0|3|0|0|0,dispatch_bundle_first,charge_proactive,0.474,8,1,226.3,0.0,0.1185,0.0,0.1185,15
38795988,6,120,0|0|3|0|0|0,dispatch_bundle_first,charge_proactive,0.868,5,0,206.6,0.1185,0.305875,0.1185,0.305875,15
38795988,7,140,0|0|2|0|0|0,dispatch_energy_safe,charge_proactive,2.318,7,0,234.1,0.0,0.5795,0.0,0.5795,15
38795988,8,160,0|0|2|0|0|0,dispatch_energy_safe,charge_proactive,1.588,6,0,220.6,0.5795,0.954769,0.5795,0.954769,15
38795988,9,180,0|0|2|0|0|0,dispatch_energy_safe,charge_proactive,3.55,8,0,222.5,0.954769,1.603577,0.954769,1.603577,15
38795988,10,200,0|2|1|0|0|0,dispatch_urgent_first,charge_task_first,3.13,7,0,193.5,0.0,0.7825,0.0,0.7825,15
38795988,11,220,0|4|1|0|0|0,dispatch_urgent_first,charge_proactive,1.5,8,1,175.0,0.0,0.375,0.0,0.375,15
38795988,12,240,0|0|1|0|0|0,dispatch_urgent_first,charge_proactive,2.358,6,0,182.1,0.0,0.5895,0.0,0.5895,15
38795988,13,260,0|0|1|0|0|0,dispatch_urgent_first,charge_proactive,4.742,9,0,212.9,0.5895,1.627625,0.5895,1.627625,15
38795988,14,280,0|2|0|0|0|0,dispatch_urgent_first,charge_balanced,2.728,6,0,163.6,0.0,0.682,0.0,0.682,15
38795988,15,300,0|4|0|0|0|0,dispatch_balanced,charge_proactive,1.51,5,0,174.5,0.0,0.543781,0.0,0.543781,15
38795988,16,320,0|2|1|0|0|0,dispatch_urgent_first,charge_task_first,-4.158,5,2,157.9,0.7825,-0.106755,0.7825,-0.106755,15
38795988,17,340,0|0|1|0|0|0,dispatch_energy_safe,charge_proactive,1.39,5,0,180.5,0.0,0.69337,1.627625,1.914089,15
38795988,18,360,0|0|1|0|0|0,dispatch_urgent_first,charge_proactive,-0.066,3,0,153.3,1.627625,1.550089,1.914089,1.825811,15
38795988,19,380,0|0|1|0|0|0,dispatch_urgent_first,charge_proactive,3.032,6,0,148.4,1.550089,2.261327,1.825811,2.468118,15
38795988,20,400,0|0|2|0|0|0,dispatch_energy_safe,charge_proactive,2.138,6,0,193.1,1.603577,2.217714,1.603577,2.261658,15
38795988,21,420,0|0|1|0|0|0,dispatch_urgent_first,charge_proactive,-2.068,4,1,153.4,2.261327,1.650259,2.468118,1.814691,15
38795988,22,440,0|0|2|0|0|0,dispatch_energy_safe,charge_proactive,0.02,4,0,199.0,2.217714,1.668286,2.261658,1.701243,15
38795988,23,460,0|2|1|0|0|1,dispatch_urgent_first,charge_balanced,3.244,7,0,187.8,0.0,0.811,0.0,0.811,15
38795988,24,480,0|3|1|0|0|1,dispatch_urgent_first,charge_task_first,3.12,7,0,194.0,0.0,0.78,0.0,0.78,15
38795988,25,500,0|1|1|0|0|1,dispatch_energy_safe,charge_balanced,0.136,7,1,193.2,0.0,0.206338,0.0,0.206338,15
38795988,26,520,0|2|1|0|0|1,dispatch_urgent_first,charge_balanced,-0.572,6,1,178.6,0.811,0.46525,0.811,0.46525,15
38795988,27,540,0|0|1|0|0|1,dispatch_bundle_first,charge_task_first,2.59,6,0,170.5,0.0,0.6475,0.0,0.6475,15
38795988,28,560,0|0|1|0|0|1,dispatch_bundle_first,charge_task_first,3.82,7,0,159.0,0.6475,1.578219,0.6475,1.578219,15
38795988,29,580,0|0|1|0|0|1,dispatch_bundle_first,charge_task_first,0.788,5,0,210.6,1.578219,1.546414,1.578219,1.546414,15
38795988,30,600,0|3|1|0|0|1,dispatch_urgent_first,charge_task_first,3.958,8,0,202.1,0.78,1.74025,0.78,1.74025,15
38795988,31,620,0|3|1|0|0|1,dispatch_urgent_first,charge_task_first,-3.544,6,2,177.2,1.74025,0.788991,1.74025,0.788991,15
38795988,32,640,0|3|1|0|0|1,dispatch_urgent_first,charge_task_first,-0.26,6,1,163.0,0.788991,0.694403,0.788991,0.694403,15
38795988,33,660,0|3|1|0|0|1,dispatch_urgent_first,charge_task_first,-3.744,6,2,187.2,0.694403,-0.415197,0.694403,-0.415197,15
38795988,34,680,0|4|1|0|0|1,dispatch_bundle_first,charge_task_first,-2.688,4,1,184.4,0.0,-0.672,0.0,-0.672,15
38795988,35,700,0|3|1|0|0|1,dispatch_balanced,charge_balanced,6.184,10,0,190.8,0.0,1.546,0.0,1.546,15
38795988,36,720,0|3|0|0|0|1,dispatch_balanced,charge_task_first,-3.102,6,2,155.1,0.0,-0.7755,0.0,-0.7755,15
38795988,37,740,0|4|1|0|0|1,dispatch_urgent_first,charge_balanced,-3.396,3,1,169.8,0.0,-0.849,0.0,-0.849,15
38795988,38,760,0|4|1|0|0|1,dispatch_balanced,charge_proactive,-3.03,10,3,201.5,0.0,-0.7575,0.0,-0.7575,15
38795988,39,780,1|3|0|0|0|1,dispatch_urgent_first,charge_task_first,0.81,4,0,159.5,0.0,0.2025,0.0,0.2025,15
38795988,40,800,1|3|1|0|0|1,dispatch_balanced,charge_proactive,1.398,8,1,180.1,0.0,0.3495,0.0,0.3495,15
38795988,41,820,0|4|0|0|0|1,dispatch_bundle_first,charge_proactive,-2.378,4,1,168.9,0.0,-0.5945,0.0,-0.7373,15
38795988,42,840,0|4|1|0|0|1,dispatch_energy_safe,charge_task_first,-8.514,4,3,175.7,0.0,-1.799975,-0.672,-2.303975,15
38795988,43,860,0|3|1|0|0|1,dispatch_balanced,charge_balanced,-0.036,7,1,201.8,1.546,1.193531,1.546,1.193531,15
38795988,44,880,1|3|0|0|0|1,dispatch_urgent_first,charge_task_first,3.872,7,0,156.4,0.2025,1.119875,0.2025,1.119875,15
38795988,45,900,1|4|1|0|0|2,dispatch_urgent_first,charge_task_first,-4.122,5,2,156.1,0.0,-1.0305,0.0,-1.0305,15
38795988,46,920,1|4|1|0|0|2,dispatch_balanced,charge_balanced,-6.074,4,2,203.7,0.0,-1.5185,0.0,-1.5185,15
38795988,47,940,1|4|1|0|0|2,dispatch_bundle_first,charge_proactive,-18.464,6,7,173.2,0.0,-4.616,0.0,-4.616,15
38795988,48,960,1|4|1|0|0|2,dispatch_energy_safe,charge_task_first,-0.01,7,1,200.5,0.0,-0.0025,-1.0305,-0.775375,15
38795988,49,980,1|3|0|0|0|2,dispatch_balanced,charge_balanced,2.26,6,0,187.0,0.0,0.565,0.0,0.565,15
38795988,50,1000,1|3|0|0|0|2,dispatch_bundle_first,charge_balanced,4.15,7,0,142.5,0.0,1.036969,0.565,1.296483,15
38795988,51,1020,1|4|1|0|0|2,dispatch_energy_safe,charge_task_first,-9.44,6,4,172.0,-0.0025,-2.362406,-0.775375,-3.106298,15
38795988,52,1040,1|4|1|0|0|2,dispatch_urgent_first,charge_balanced,-0.466,3,0,173.3,-1.0305,-1.108356,-1.5185,-1.578056,15
38795988,53,1060,1|4|1|0|0|2,dispatch_urgent_first,charge_balanced,-2.08,7,2,154.0,-1.108356,-1.586793,-1.578056,-2.038879,15
38795988,54,1080,1|4|1|0|0|2,dispatch_balanced,charge_balanced,-7.346,2,2,167.3,-1.5185,-2.975375,-2.038879,-3.365659,15
38795988,55,1100,0|4|1|0|0|2,dispatch_urgent_first,charge_proactive,-4.538,5,2,176.9,0.0,-1.1345,0.0,-1.1345,15
38795988,56,1120,0|4|1|0|0|2,dispatch_bundle_first,charge_task_first,1.662,6,0,216.9,0.0,0.4155,0.0,0.4155,15
38795988,57,1140,0|4|1|0|0|2,dispatch_bundle_first,charge_balanced,-0.334,4,0,216.7,0.4155,0.228125,0.0,-0.0835,15
38795988,58,1160,0|3|1|0|0|2,dispatch_balanced,charge_task_first,3.42,7,0,179.0,0.0,0.903477,0.0,0.943294,15
38795988,59,1180,0|4|1|0|0|2,dispatch_bundle_first,charge_task_first,-2.586,4,1,179.3,0.228125,-0.42693,0.4155,-0.246581,15
38795988,60,1200,0|4|1|0|0|2,dispatch_energy_safe,charge_balanced,0.706,4,0,164.7,0.0,0.1765,-0.0835,0.096131,15
38795988,61,1220,0|4|1|0|0|2,dispatch_energy_safe,charge_balanced,1.602,5,0,169.9,0.1765,0.570381,0.096131,0.493026,15
38795988,62,1240,0|4|1|0|0|2,dispatch_energy_safe,charge_balanced,-3.212,3,1,160.6,0.570381,-0.375214,0.493026,-0.43323,15
38795988,63,1260,0|0|1|0|0|2,dispatch_energy_safe,charge_task_first,-3.426,2,1,121.3,0.0,-0.8565,0.0,-0.8565,15
38795988,64,1280,0|0|2|0|0|2,dispatch_energy_safe,charge_balanced,-0.672,1,0,83.6,0.0,-0.168,0.0,-0.168,15
run_tag,window_index,tick_end,state,dispatch_action,charge_action,reward,completed_delta,overdue_delta,distance_delta,q_dispatch_before,q_dispatch_after,q_charge_before,q_charge_after,vehicle_count
38795988,1,20,0|0|4|0|4|0,dispatch_urgent_first,charge_task_first,-0.854,0,0,42.7,0.0,-0.2135,0.0,-0.2135,15
38795988,2,40,0|4|4|0|2|0,dispatch_balanced,charge_task_first,2.038,5,0,148.1,0.0,0.5095,0.0,0.5095,15
38795988,3,60,0|0|4|0|2|0,dispatch_urgent_first,charge_balanced,4.894,8,0,155.3,0.0,1.2235,0.0,1.2235,15
38795988,4,80,0|0|4|0|0|0,dispatch_energy_safe,charge_proactive,0.486,4,0,175.7,0.0,0.1215,0.0,0.1215,15
38795988,5,100,0|0|4|0|1|0,dispatch_bundle_first,charge_proactive,3.452,7,0,177.4,0.0,0.888819,0.0,0.888819,15
38795988,6,120,0|0|4|0|0|0,dispatch_energy_safe,charge_proactive,4.138,7,0,143.1,0.1215,1.314499,0.1215,1.314499,15
38795988,7,140,0|0|4|0|1|0,dispatch_bundle_first,charge_proactive,-0.888,2,0,144.4,0.888819,0.444614,0.888819,0.444614,15
38795988,8,160,0|0|3|0|1|0,dispatch_bundle_first,charge_proactive,3.382,7,0,180.9,0.0,0.8455,0.0,0.8455,15
38795988,9,180,0|0|3|0|0|0,dispatch_urgent_first,charge_task_first,1.348,6,0,232.6,0.0,0.337,0.0,0.337,15
38795988,10,200,0|0|3|0|0|0,dispatch_urgent_first,charge_task_first,4.396,9,0,230.2,0.337,1.35175,0.337,1.35175,15
38795988,11,220,0|0|2|0|0|0,dispatch_urgent_first,charge_proactive,-0.244,4,0,212.2,0.0,-0.061,0.0,-0.061,15
38795988,12,240,0|0|2|0|0|0,dispatch_urgent_first,charge_proactive,4.936,9,0,203.2,-0.061,1.18825,-0.061,1.18825,15
38795988,13,260,0|0|2|0|0|0,dispatch_urgent_first,charge_proactive,2.83,7,0,208.5,1.18825,1.598687,1.18825,1.598687,15
38795988,14,280,0|0|1|0|0|0,dispatch_urgent_first,charge_balanced,0.016,7,1,199.2,0.0,0.004,0.0,0.004,15
38795988,15,300,0|0|1|0|0|0,dispatch_balanced,charge_balanced,2.034,6,0,198.3,0.0,0.50935,0.004,0.51235,15
38795988,16,320,0|0|1|0|0|0,dispatch_balanced,charge_balanced,4.16,8,0,192.0,0.50935,1.530249,0.51235,1.533137,15
38795988,17,340,0|0|1|0|0|0,dispatch_energy_safe,charge_balanced,0.54,4,0,173.0,0.0,0.460178,1.533137,1.610644,15
38795988,18,360,0|0|1|0|0|0,dispatch_balanced,charge_proactive,4.806,8,0,159.7,1.530249,2.674365,0.0,1.543762,15
38795988,19,380,0|0|1|0|0|0,dispatch_balanced,charge_balanced,1.266,3,0,86.7,2.674365,2.322274,1.610644,1.524483,15
38795988,20,400,0|0|2|0|1|0,dispatch_balanced,charge_proactive,0.8,3,0,110.0,0.0,0.539721,0.0,0.539721,15
38795988,21,420,0|0|2|0|0|0,dispatch_urgent_first,charge_proactive,2.77,6,0,161.5,1.598687,2.231237,1.598687,2.231237,15
38795988,22,440,0|0|2|0|0|0,dispatch_urgent_first,charge_proactive,1.65,6,0,217.5,2.231237,2.085928,2.231237,2.085928,15
38795988,23,460,0|1|2|0|0|1,dispatch_urgent_first,charge_balanced,3.842,8,0,207.9,0.0,0.9605,0.0,0.9605,15
38795988,24,480,0|0|2|0|0|1,dispatch_urgent_first,charge_task_first,0.778,5,0,211.1,0.0,0.1945,0.0,0.1945,15
38795988,25,500,0|0|1|0|0|1,dispatch_energy_safe,charge_balanced,2.856,7,0,207.2,0.0,0.714,0.0,0.714,15
38795988,26,520,0|1|1|0|0|1,dispatch_urgent_first,charge_balanced,2.76,7,0,212.0,0.0,0.69,0.0,0.69,15
38795988,27,540,0|2|1|0|0|1,dispatch_bundle_first,charge_task_first,-2.094,5,1,204.7,0.0,-0.376875,0.0,-0.376875,15
38795988,28,560,0|1|1|0|0|1,dispatch_urgent_first,charge_balanced,3.278,7,0,186.1,0.69,1.337,0.69,1.337,15
38795988,29,580,0|2|1|0|0|1,dispatch_energy_safe,charge_proactive,3.684,8,0,215.8,0.0,0.921,0.0,0.921,15
38795988,30,600,0|1|0|0|0|1,dispatch_bundle_first,charge_task_first,0.262,3,0,136.9,0.0,0.0655,0.0,0.0655,15
38795988,31,620,0|4|1|0|1|1,dispatch_urgent_first,charge_task_first,-2.3,4,1,165.0,0.0,-0.423275,0.0,-0.423275,15
38795988,32,640,0|0|1|0|0|1,dispatch_energy_safe,charge_balanced,3.136,7,0,193.2,0.714,1.515212,0.714,1.515212,15
38795988,33,660,0|2|1|0|0|1,dispatch_energy_safe,charge_proactive,5.062,9,0,196.9,0.921,1.95625,0.921,1.95625,15
38795988,34,680,0|3|0|0|0|1,dispatch_bundle_first,charge_proactive,-4.138,2,1,156.9,0.0,-0.712517,0.0,-0.712517,15
38795988,35,700,0|0|1|0|0|1,dispatch_energy_safe,charge_balanced,3.792,6,0,110.4,1.515212,2.406392,1.515212,2.406392,15
38795988,36,720,0|0|1|0|0|1,dispatch_energy_safe,charge_balanced,-0.034,3,0,151.7,2.406392,1.837625,2.406392,1.837625,15
38795988,37,740,0|0|2|0|0|1,dispatch_urgent_first,charge_task_first,-1.334,5,1,166.7,0.1945,-0.146294,0.1945,-0.146294,15
38795988,38,760,0|0|2|0|0|1,dispatch_balanced,charge_balanced,3.776,8,0,211.2,0.0,1.334495,0.0,1.334495,15
38795988,39,780,0|0|1|0|0|1,dispatch_energy_safe,charge_balanced,3.054,7,0,197.3,1.837625,2.425831,1.837625,2.425831,15
38795988,40,800,0|1|1|0|0|1,dispatch_urgent_first,charge_balanced,3.696,10,1,165.2,1.337,2.342453,1.337,2.342453,15
38795988,41,820,0|2|1|0|0|1,dispatch_energy_safe,charge_proactive,-2.716,4,1,185.8,1.95625,1.285959,1.95625,1.285959,15
38795988,42,840,0|1|1|0|0|1,dispatch_urgent_first,charge_balanced,-2.382,8,2,219.1,2.342453,1.659111,2.342453,1.659111,15
38795988,43,860,0|1|1|0|0|1,dispatch_urgent_first,charge_balanced,3.02,7,0,199.0,1.659111,1.999333,1.659111,1.999333,15
38795988,44,880,0|2|0|0|0|1,dispatch_balanced,charge_balanced,4.27,8,0,186.5,0.0,1.0675,0.0,1.0675,15
38795988,45,900,0|3|0|0|0|2,dispatch_bundle_first,charge_balanced,-2.278,7,2,163.9,0.0,-0.5695,0.0,-0.5695,15
38795988,46,920,0|4|0|0|0|2,dispatch_balanced,charge_balanced,-1.2,5,1,160.0,0.0,-0.3,0.0,-0.3,15
38795988,47,940,0|3|1|0|0|2,dispatch_bundle_first,charge_task_first,-1.888,5,1,194.4,0.0,-0.472,0.0,-0.472,15
38795988,48,960,0|4|0|0|0|2,dispatch_energy_safe,charge_task_first,1.49,7,1,125.5,0.0,0.3725,0.0,0.3725,15
38795988,49,980,0|4|1|0|0|2,dispatch_balanced,charge_balanced,-7.822,4,3,141.1,0.0,-1.9555,0.0,-1.9555,15
38795988,50,1000,0|4|1|0|0|2,dispatch_bundle_first,charge_task_first,-12.408,3,4,170.4,0.0,-3.102,0.0,-3.102,15
38795988,51,1020,0|3|1|0|0|2,dispatch_balanced,charge_balanced,-2.772,7,2,188.6,0.0,-0.693,0.0,-0.693,15
38795988,52,1040,0|3|1|0|0|2,dispatch_energy_safe,charge_proactive,0.954,5,0,202.3,0.0,0.2385,0.0,0.2385,15
38795988,53,1060,0|4|1|0|0|2,dispatch_urgent_first,charge_proactive,-3.426,6,2,171.3,0.0,-0.8565,0.0,-0.8565,15
38795988,54,1080,0|4|1|0|0|2,dispatch_energy_safe,charge_proactive,2.974,7,0,201.3,0.0,0.7435,-0.8565,-0.080881,15
38795988,55,1100,0|4|1|0|0|2,dispatch_energy_safe,charge_proactive,0.804,5,0,209.8,0.7435,0.758625,-0.080881,0.140339,15
38795988,56,1120,0|2|1|0|0|2,dispatch_energy_safe,charge_proactive,6.064,10,0,196.8,0.0,1.516,0.0,1.516,15
38795988,57,1140,0|3|0|0|0|2,dispatch_balanced,charge_balanced,-0.58,3,0,179.0,0.0,-0.065844,-0.5695,-0.492969,15
38795988,58,1160,0|4|0|0|0|2,dispatch_energy_safe,charge_task_first,2.89,6,0,155.5,0.3725,1.081031,0.3725,1.081031,15
38795988,59,1180,0|4|0|0|0|2,dispatch_energy_safe,charge_task_first,-0.642,6,1,182.1,1.081031,0.811481,1.081031,0.680095,15
38795988,60,1200,0|4|1|0|0|2,dispatch_energy_safe,charge_proactive,-5.456,3,2,122.8,0.758625,-0.795031,0.140339,-1.258746,15
38795988,61,1220,0|0|1|0|0|2,dispatch_balanced,charge_balanced,-3.934,2,1,146.7,0.0,-0.9835,0.0,-0.9835,15
38795988,62,1240,0|0|2|0|0|2,dispatch_balanced,charge_task_first,2.582,5,0,120.9,0.0,0.6455,0.0,0.6455,15
38795988,63,1260,0|0|2|0|1|2,dispatch_bundle_first,charge_proactive,-1.63,0,0,81.5,0.0,-0.4075,0.0,-0.4075,15
38795988,64,1280,0|0|3|0|2|2,dispatch_energy_safe,charge_task_first,0.54,1,0,23.0,0.0,0.135,0.0,0.135,15
run_tag,window_index,tick_end,state,dispatch_action,charge_action,reward,completed_delta,overdue_delta,distance_delta,q_dispatch_before,q_dispatch_after,q_charge_before,q_charge_after,vehicle_count
38795988,1,20,0|0|4|0|4|0,dispatch_urgent_first,charge_task_first,-0.854,0,0,42.7,0.0,-0.2135,0.0,-0.2135,15
38795988,2,40,0|4|4|0|2|0,dispatch_balanced,charge_task_first,2.038,5,0,148.1,0.0,0.5095,0.0,0.5095,15
38795988,3,60,0|0|4|0|2|0,dispatch_urgent_first,charge_balanced,4.894,8,0,155.3,0.0,1.2235,0.0,1.2235,15
38795988,4,80,0|0|4|0|0|0,dispatch_energy_safe,charge_proactive,0.486,4,0,175.7,0.0,0.1215,0.0,0.1215,15
38795988,5,100,0|0|4|0|1|0,dispatch_bundle_first,charge_proactive,3.452,7,0,177.4,0.0,0.888819,0.0,0.888819,15
38795988,6,120,0|0|4|0|0|0,dispatch_energy_safe,charge_proactive,4.138,7,0,143.1,0.1215,1.314499,0.1215,1.314499,15
38795988,7,140,0|0|4|0|1|0,dispatch_bundle_first,charge_proactive,-0.888,2,0,144.4,0.888819,0.444614,0.888819,0.444614,15
38795988,8,160,0|0|3|0|1|0,dispatch_bundle_first,charge_proactive,3.382,7,0,180.9,0.0,0.8455,0.0,0.8455,15
38795988,9,180,0|0|3|0|0|0,dispatch_urgent_first,charge_task_first,1.348,6,0,232.6,0.0,0.337,0.0,0.337,15
38795988,10,200,0|0|3|0|0|0,dispatch_urgent_first,charge_task_first,4.396,9,0,230.2,0.337,1.35175,0.337,1.35175,15
38795988,11,220,0|0|2|0|0|0,dispatch_urgent_first,charge_proactive,-0.244,4,0,212.2,0.0,-0.061,0.0,-0.061,15
38795988,12,240,0|0|2|0|0|0,dispatch_urgent_first,charge_proactive,4.936,9,0,203.2,-0.061,1.18825,-0.061,1.18825,15
38795988,13,260,0|0|2|0|0|0,dispatch_urgent_first,charge_proactive,2.83,7,0,208.5,1.18825,1.598687,1.18825,1.598687,15
38795988,14,280,0|0|1|0|0|0,dispatch_urgent_first,charge_balanced,0.016,7,1,199.2,0.0,0.004,0.0,0.004,15
38795988,15,300,0|0|1|0|0|0,dispatch_balanced,charge_balanced,2.034,6,0,198.3,0.0,0.50935,0.004,0.51235,15
38795988,16,320,0|0|1|0|0|0,dispatch_balanced,charge_balanced,4.16,8,0,192.0,0.50935,1.530249,0.51235,1.533137,15
38795988,17,340,0|0|1|0|0|0,dispatch_energy_safe,charge_balanced,0.54,4,0,173.0,0.0,0.460178,1.533137,1.610644,15
38795988,18,360,0|0|1|0|0|0,dispatch_balanced,charge_proactive,4.806,8,0,159.7,1.530249,2.674365,0.0,1.543762,15
38795988,19,380,0|0|1|0|0|0,dispatch_balanced,charge_balanced,1.266,3,0,86.7,2.674365,2.322274,1.610644,1.524483,15
38795988,20,400,0|0|2|0|1|0,dispatch_balanced,charge_proactive,0.8,3,0,110.0,0.0,0.539721,0.0,0.539721,15
38795988,21,420,0|0|2|0|0|0,dispatch_urgent_first,charge_proactive,2.77,6,0,161.5,1.598687,2.231237,1.598687,2.231237,15
38795988,22,440,0|0|2|0|0|0,dispatch_urgent_first,charge_proactive,1.65,6,0,217.5,2.231237,2.085928,2.231237,2.085928,15
38795988,23,460,0|1|2|0|0|1,dispatch_urgent_first,charge_balanced,3.842,8,0,207.9,0.0,0.9605,0.0,0.9605,15
38795988,24,480,0|0|2|0|0|1,dispatch_urgent_first,charge_task_first,0.778,5,0,211.1,0.0,0.1945,0.0,0.1945,15
38795988,25,500,0|0|1|0|0|1,dispatch_energy_safe,charge_balanced,2.856,7,0,207.2,0.0,0.714,0.0,0.714,15
38795988,26,520,0|1|1|0|0|1,dispatch_urgent_first,charge_balanced,2.76,7,0,212.0,0.0,0.69,0.0,0.69,15
38795988,27,540,0|2|1|0|0|1,dispatch_bundle_first,charge_task_first,-2.094,5,1,204.7,0.0,-0.376875,0.0,-0.376875,15
38795988,28,560,0|1|1|0|0|1,dispatch_urgent_first,charge_balanced,3.278,7,0,186.1,0.69,1.337,0.69,1.337,15
38795988,29,580,0|2|1|0|0|1,dispatch_energy_safe,charge_proactive,3.684,8,0,215.8,0.0,0.921,0.0,0.921,15
38795988,30,600,0|1|0|0|0|1,dispatch_bundle_first,charge_task_first,0.262,3,0,136.9,0.0,0.0655,0.0,0.0655,15
38795988,31,620,0|4|1|0|1|1,dispatch_urgent_first,charge_task_first,-2.3,4,1,165.0,0.0,-0.423275,0.0,-0.423275,15
38795988,32,640,0|0|1|0|0|1,dispatch_energy_safe,charge_balanced,3.136,7,0,193.2,0.714,1.515212,0.714,1.515212,15
38795988,33,660,0|2|1|0|0|1,dispatch_energy_safe,charge_proactive,5.062,9,0,196.9,0.921,1.95625,0.921,1.95625,15
38795988,34,680,0|3|0|0|0|1,dispatch_bundle_first,charge_proactive,-4.138,2,1,156.9,0.0,-0.712517,0.0,-0.712517,15
38795988,35,700,0|0|1|0|0|1,dispatch_energy_safe,charge_balanced,3.792,6,0,110.4,1.515212,2.406392,1.515212,2.406392,15
38795988,36,720,0|0|1|0|0|1,dispatch_energy_safe,charge_balanced,-0.034,3,0,151.7,2.406392,1.837625,2.406392,1.837625,15
38795988,37,740,0|0|2|0|0|1,dispatch_urgent_first,charge_task_first,-1.334,5,1,166.7,0.1945,-0.146294,0.1945,-0.146294,15
38795988,38,760,0|0|2|0|0|1,dispatch_balanced,charge_balanced,3.776,8,0,211.2,0.0,1.334495,0.0,1.334495,15
38795988,39,780,0|0|1|0|0|1,dispatch_energy_safe,charge_balanced,3.054,7,0,197.3,1.837625,2.425831,1.837625,2.425831,15
38795988,40,800,0|1|1|0|0|1,dispatch_urgent_first,charge_balanced,3.696,10,1,165.2,1.337,2.342453,1.337,2.342453,15
38795988,41,820,0|2|1|0|0|1,dispatch_energy_safe,charge_proactive,-2.716,4,1,185.8,1.95625,1.285959,1.95625,1.285959,15
38795988,42,840,0|1|1|0|0|1,dispatch_urgent_first,charge_balanced,-2.382,8,2,219.1,2.342453,1.659111,2.342453,1.659111,15
38795988,43,860,0|1|1|0|0|1,dispatch_urgent_first,charge_balanced,3.02,7,0,199.0,1.659111,1.999333,1.659111,1.999333,15
38795988,44,880,0|2|0|0|0|1,dispatch_balanced,charge_balanced,4.27,8,0,186.5,0.0,1.0675,0.0,1.0675,15
38795988,45,900,0|3|0|0|0|2,dispatch_bundle_first,charge_balanced,-2.278,7,2,163.9,0.0,-0.5695,0.0,-0.5695,15
38795988,46,920,0|4|0|0|0|2,dispatch_balanced,charge_balanced,-1.2,5,1,160.0,0.0,-0.3,0.0,-0.3,15
38795988,47,940,0|3|1|0|0|2,dispatch_bundle_first,charge_task_first,-1.888,5,1,194.4,0.0,-0.472,0.0,-0.472,15
38795988,48,960,0|4|0|0|0|2,dispatch_energy_safe,charge_task_first,1.49,7,1,125.5,0.0,0.3725,0.0,0.3725,15
38795988,49,980,0|4|1|0|0|2,dispatch_balanced,charge_balanced,-7.822,4,3,141.1,0.0,-1.9555,0.0,-1.9555,15
38795988,50,1000,0|4|1|0|0|2,dispatch_bundle_first,charge_task_first,-12.408,3,4,170.4,0.0,-3.102,0.0,-3.102,15
38795988,51,1020,0|3|1|0|0|2,dispatch_balanced,charge_balanced,-2.772,7,2,188.6,0.0,-0.693,0.0,-0.693,15
38795988,52,1040,0|3|1|0|0|2,dispatch_energy_safe,charge_proactive,0.954,5,0,202.3,0.0,0.2385,0.0,0.2385,15
38795988,53,1060,0|4|1|0|0|2,dispatch_urgent_first,charge_proactive,-3.426,6,2,171.3,0.0,-0.8565,0.0,-0.8565,15
38795988,54,1080,0|4|1|0|0|2,dispatch_energy_safe,charge_proactive,2.974,7,0,201.3,0.0,0.7435,-0.8565,-0.080881,15
38795988,55,1100,0|4|1|0|0|2,dispatch_energy_safe,charge_proactive,0.804,5,0,209.8,0.7435,0.758625,-0.080881,0.140339,15
38795988,56,1120,0|2|1|0|0|2,dispatch_energy_safe,charge_proactive,6.064,10,0,196.8,0.0,1.516,0.0,1.516,15
38795988,57,1140,0|3|0|0|0|2,dispatch_balanced,charge_balanced,-0.58,3,0,179.0,0.0,-0.065844,-0.5695,-0.492969,15
38795988,58,1160,0|4|0|0|0|2,dispatch_energy_safe,charge_task_first,2.89,6,0,155.5,0.3725,1.081031,0.3725,1.081031,15
38795988,59,1180,0|4|0|0|0|2,dispatch_energy_safe,charge_task_first,-0.642,6,1,182.1,1.081031,0.811481,1.081031,0.680095,15
38795988,60,1200,0|4|1|0|0|2,dispatch_energy_safe,charge_proactive,-5.456,3,2,122.8,0.758625,-0.795031,0.140339,-1.258746,15
38795988,61,1220,0|0|1|0|0|2,dispatch_balanced,charge_balanced,-3.934,2,1,146.7,0.0,-0.9835,0.0,-0.9835,15
38795988,62,1240,0|0|2|0|0|2,dispatch_balanced,charge_task_first,2.582,5,0,120.9,0.0,0.6455,0.0,0.6455,15
38795988,63,1260,0|0|2|0|1|2,dispatch_bundle_first,charge_proactive,-1.63,0,0,81.5,0.0,-0.4075,0.0,-0.4075,15
38795988,64,1280,0|0|3|0|2|2,dispatch_energy_safe,charge_task_first,0.54,1,0,23.0,0.0,0.135,0.0,0.135,15
run_tag,window_index,tick_end,state,dispatch_action,charge_action,reward,completed_delta,overdue_delta,distance_delta,q_dispatch_before,q_dispatch_after,q_charge_before,q_charge_after,vehicle_count
38795988,1,20,0|0|4|0|4|0,dispatch_urgent_first,charge_task_first,-0.754,0,0,37.7,0.0,-0.1885,0.0,-0.1885,15
38795988,2,40,0|0|4|0|2|0,dispatch_balanced,charge_task_first,2.232,5,0,138.4,0.0,0.558,0.0,0.558,15
38795988,3,60,0|0|4|0|2|0,dispatch_urgent_first,charge_task_first,4.356,7,0,132.2,0.0,1.089,0.558,1.5075,15
38795988,4,80,0|0|4|0|1|0,dispatch_energy_safe,charge_proactive,-0.404,3,0,170.2,0.0,-0.101,0.0,-0.101,15
38795988,5,100,0|0|4|0|0|0,dispatch_bundle_first,charge_proactive,1.898,5,0,155.1,0.0,0.4745,0.0,0.4745,15
38795988,6,120,0|0|4|0|0|0,dispatch_bundle_first,charge_proactive,6.966,10,0,151.7,0.4745,2.097375,0.4745,2.097375,15
38795988,7,140,0|0|3|0|1|0,dispatch_energy_safe,charge_proactive,0.142,3,0,142.9,0.0,0.0355,0.0,0.0355,15
38795988,8,160,0|0|3|0|1|0,dispatch_energy_safe,charge_proactive,1.902,5,0,154.9,0.0355,0.502125,0.0355,0.502125,15
38795988,9,180,0|0|3|0|0|0,dispatch_urgent_first,charge_task_first,0.392,5,0,230.4,0.0,0.098,0.0,0.098,15
38795988,10,200,0|0|3|0|0|0,dispatch_urgent_first,charge_task_first,4.434,9,0,228.3,0.098,1.182,0.098,1.182,15
38795988,11,220,0|0|2|0|0|0,dispatch_urgent_first,charge_proactive,1.406,6,0,229.7,0.0,0.3515,0.0,0.3515,15
38795988,12,240,0|0|2|0|0|0,dispatch_urgent_first,charge_proactive,2.462,7,0,226.9,0.3515,0.879125,0.3515,0.879125,15
38795988,13,260,0|1|1|0|0|0,dispatch_bundle_first,charge_proactive,4.76,9,0,212.0,0.0,1.19,0.0,1.19,15
38795988,14,280,0|0|1|0|0|0,dispatch_urgent_first,charge_balanced,1.932,6,0,203.4,0.0,0.483,0.0,0.483,15
38795988,15,300,0|4|1|0|0|0,dispatch_balanced,charge_proactive,3.92,8,0,204.0,0.0,1.082637,0.0,1.082637,15
38795988,16,320,0|0|1|0|0|0,dispatch_urgent_first,charge_balanced,-0.712,6,1,185.6,0.483,0.18425,0.483,0.18425,15
38795988,17,340,0|0|0|0|0|0,dispatch_energy_safe,charge_task_first,6.644,10,0,167.8,0.0,1.661,0.0,1.661,15
38795988,18,360,0|0|0|0|0|0,dispatch_energy_safe,charge_task_first,-0.768,2,0,138.4,1.661,1.092903,1.661,1.092903,15
38795988,19,380,0|0|1|0|0|0,dispatch_energy_safe,charge_balanced,1.3,4,0,135.0,0.0,0.364153,0.18425,0.502341,15
38795988,20,400,0|0|1|0|0|0,dispatch_energy_safe,charge_balanced,-1.544,5,1,177.2,0.364153,-0.035503,0.502341,0.097503,15
38795988,21,420,0|0|1|0|0|0,dispatch_urgent_first,charge_balanced,2.662,10,1,216.9,0.18425,0.803687,0.097503,0.738627,15
38795988,22,440,0|2|1|0|0|0,dispatch_bundle_first,charge_balanced,-0.106,4,0,205.3,0.0,-0.0265,0.0,-0.0265,15
38795988,23,460,0|2|1|0|0|1,dispatch_energy_safe,charge_task_first,-1.562,8,2,178.1,0.0,-0.3905,0.0,-0.3905,15
38795988,24,480,0|2|1|0|0|1,dispatch_balanced,charge_balanced,1.254,8,1,187.3,0.0,0.3135,0.0,0.3135,15
38795988,25,500,0|3|0|0|0|1,dispatch_balanced,charge_balanced,-5.742,4,2,187.1,0.0,-1.4355,0.0,-1.4355,15
38795988,26,520,0|4|0|0|0|1,dispatch_urgent_first,charge_balanced,-5.926,7,3,196.3,0.0,-1.4815,0.0,-1.4815,15
38795988,27,540,0|4|0|0|0|1,dispatch_energy_safe,charge_proactive,1.296,8,1,185.2,0.0,0.324,0.0,0.324,15
38795988,28,560,0|3|0|0|0|1,dispatch_bundle_first,charge_task_first,-8.266,4,3,163.3,0.0,-2.0665,0.0,-2.0665,15
38795988,29,580,0|3|0|0|0|1,dispatch_energy_safe,charge_proactive,-3.176,3,1,158.8,0.0,-0.727381,0.0,-0.727381,15
38795988,30,600,0|2|1|0|0|1,dispatch_balanced,charge_balanced,3.512,8,0,224.4,0.3135,1.113125,0.3135,0.958556,15
38795988,31,620,0|3|0|0|0|1,dispatch_urgent_first,charge_proactive,1.758,8,1,162.1,0.0,0.50835,-0.727381,-0.037186,15
38795988,32,640,0|4|0|0|0|1,dispatch_energy_safe,charge_proactive,-2.96,6,2,148.0,0.324,-0.497,0.324,-0.497,15
38795988,33,660,0|3|1|0|0|1,dispatch_balanced,charge_proactive,-10.618,5,4,180.9,0.0,-2.417961,0.0,-2.450807,15
38795988,34,680,0|2|1|0|0|1,dispatch_balanced,charge_balanced,3.07,7,0,196.5,1.113125,1.602344,0.958556,1.486417,15
38795988,35,700,1|3|0|0|0|1,dispatch_urgent_first,charge_proactive,0.182,7,1,190.9,0.0,0.0455,0.0,0.0455,15
38795988,36,720,1|4|0|0|0|1,dispatch_urgent_first,charge_balanced,-2.82,3,1,141.0,0.0,-0.705,0.0,-0.705,15
38795988,37,740,1|3|1|0|0|1,dispatch_energy_safe,charge_balanced,-8.204,10,5,160.2,0.0,-2.051,0.0,-2.051,15
38795988,38,760,1|3|1|0|0|1,dispatch_balanced,charge_proactive,-7.688,8,4,184.4,0.0,-1.912331,0.0,-1.912331,15
38795988,39,780,1|3|0|0|0|1,dispatch_urgent_first,charge_proactive,-3.94,6,2,197.0,0.0455,-0.950875,0.0455,-0.950875,15
38795988,40,800,1|4|0|0|0|1,dispatch_bundle_first,charge_task_first,-4.134,5,2,156.7,0.0,-1.0335,0.0,-1.0335,15
38795988,41,820,1|4|0|0|0|1,dispatch_energy_safe,charge_proactive,6.076,10,0,196.2,0.0,1.519,0.0,1.519,15
38795988,42,840,1|4|0|0|0|1,dispatch_energy_safe,charge_proactive,-6.04,6,3,152.0,1.519,-0.37075,1.519,-0.37075,15
38795988,43,860,1|4|1|0|0|1,dispatch_urgent_first,charge_proactive,-8.496,1,2,174.8,0.0,-2.124,0.0,-2.124,15
38795988,44,880,1|4|1|0|0|1,dispatch_energy_safe,charge_proactive,5.724,12,1,163.8,0.0,1.431,-2.124,-0.162,15
38795988,45,900,1|4|1|0|0|2,dispatch_bundle_first,charge_balanced,-3.752,2,1,137.6,0.0,-0.938,0.0,-0.938,15
38795988,46,920,1|4|1|0|0|2,dispatch_energy_safe,charge_task_first,-12.71,2,4,135.5,0.0,-3.1775,0.0,-3.1775,15
38795988,47,940,1|4|1|0|0|2,dispatch_balanced,charge_proactive,-9.032,7,4,201.6,0.0,-2.258,0.0,-2.258,15
38795988,48,960,1|4|1|0|0|2,dispatch_urgent_first,charge_task_first,-0.938,6,1,196.9,0.0,-0.2345,-3.1775,-2.81695,15
38795988,49,980,1|4|1|0|0|2,dispatch_urgent_first,charge_balanced,-0.434,6,1,171.7,-0.2345,-0.334206,-0.938,-1.011325,15
38795988,50,1000,1|4|1|0|0|2,dispatch_bundle_first,charge_balanced,-5.204,5,2,210.2,-0.938,-2.075519,-1.011325,-2.2744,15
38795988,51,1020,1|4|1|0|0|2,dispatch_urgent_first,charge_proactive,3.142,7,0,192.9,-0.334206,0.534845,-2.258,-0.908,15
38795988,52,1040,1|3|1|0|0|2,dispatch_bundle_first,charge_task_first,1.34,5,0,183.0,0.0,0.335,0.0,0.335,15
38795988,53,1060,0|4|1|0|0|2,dispatch_balanced,charge_balanced,-2.764,5,1,238.2,0.0,-0.691,0.0,-0.691,15
38795988,54,1080,1|3|0|0|0|2,dispatch_urgent_first,charge_balanced,4.506,8,0,174.7,0.0,1.1265,0.0,1.1265,15
38795988,55,1100,0|4|0|0|0|2,dispatch_balanced,charge_task_first,2.88,6,0,156.0,0.0,0.72,0.0,0.72,15
38795988,56,1120,0|4|0|0|0|2,dispatch_balanced,charge_proactive,-0.828,2,0,141.4,0.72,0.333,0.0,-0.207,15
38795988,57,1140,0|4|1|0|0|2,dispatch_bundle_first,charge_task_first,-4.606,5,2,180.3,0.0,-1.1515,0.0,-1.1515,15
38795988,58,1160,0|4|1|0|0|2,dispatch_urgent_first,charge_balanced,1.71,6,0,214.5,0.0,0.498263,-0.691,0.06225,15
38795988,59,1180,0|4|0|0|0|2,dispatch_balanced,charge_task_first,-5.192,4,2,159.6,0.333,-0.942369,0.72,-0.744772,15
38795988,60,1200,0|4|1|0|0|2,dispatch_urgent_first,charge_balanced,0.206,3,0,139.7,0.498263,0.425197,0.06225,0.098188,15
38795988,61,1220,0|0|1|0|0|2,dispatch_bundle_first,charge_proactive,0.84,4,0,158.0,0.0,0.21,0.0,0.21,15
38795988,62,1240,0|0|2|0|0|2,dispatch_balanced,charge_balanced,1.956,5,0,152.2,0.0,0.489,0.0,0.489,15
38795988,63,1260,0|0|2|0|1|2,dispatch_balanced,charge_task_first,-1.918,0,0,95.9,0.0,-0.4795,0.0,-0.4795,15
38795988,64,1280,0|0|2|0|2|2,dispatch_bundle_first,charge_proactive,-0.462,0,0,23.1,0.0,-0.1155,0.0,-0.1155,15
run_tag,window_index,tick_end,state,dispatch_action,charge_action,reward,completed_delta,overdue_delta,distance_delta,q_dispatch_before,q_dispatch_after,q_charge_before,q_charge_after,vehicle_count
38795988,1,20,0|0|4|0|4|0,dispatch_urgent_first,charge_task_first,0.828,2,0,58.6,0.0,0.207,0.0,0.207,15
38795988,2,40,0|0|4|0|2|0,dispatch_balanced,charge_task_first,1.392,4,0,130.4,0.0,0.348,0.0,0.348,15
38795988,3,60,0|0|4|0|2|0,dispatch_urgent_first,charge_task_first,3.87,7,0,156.5,0.0,0.9675,0.348,1.2285,15
38795988,4,80,0|0|4|0|1|0,dispatch_energy_safe,charge_proactive,1.204,4,0,139.8,0.0,0.301,0.0,0.301,15
38795988,5,100,0|0|4|0|1|0,dispatch_energy_safe,charge_proactive,1.896,5,0,155.2,0.301,0.69975,0.301,0.69975,15
38795988,6,120,0|0|3|0|0|0,dispatch_balanced,charge_balanced,4.506,8,0,174.7,0.0,1.1265,0.0,1.1265,15
38795988,7,140,0|0|3|0|0|0,dispatch_balanced,charge_proactive,-0.954,2,0,147.7,1.1265,0.845756,0.0,0.000881,15
38795988,8,160,0|0|3|0|0|0,dispatch_balanced,charge_balanced,-0.54,3,0,177.0,0.845756,0.67904,1.1265,0.949256,15
38795988,9,180,0|0|3|0|0|0,dispatch_balanced,charge_balanced,4.414,8,0,179.3,0.67904,1.757076,0.949256,2.017159,15
38795988,10,200,0|0|3|0|0|0,dispatch_balanced,charge_balanced,1.408,5,0,179.6,1.757076,2.043186,2.017159,2.293516,15
38795988,11,220,0|0|3|0|0|0,dispatch_balanced,charge_task_first,2.188,5,0,140.6,2.043186,2.07939,0.0,0.547,15
38795988,12,240,0|0|3|0|1|0,dispatch_balanced,charge_proactive,3.326,6,0,133.7,0.0,0.8315,0.0,0.8315,15
38795988,13,260,0|4|3|0|1|0,dispatch_bundle_first,charge_proactive,2.892,6,0,155.4,0.0,0.899694,0.0,0.899694,15
38795988,14,280,0|0|3|0|1|0,dispatch_balanced,charge_proactive,0.104,3,0,144.8,0.8315,0.826319,0.8315,0.826319,15
38795988,15,300,0|0|3|0|1|0,dispatch_balanced,charge_proactive,3.07,5,0,96.5,0.826319,1.562832,0.826319,1.562832,15
38795988,16,320,0|0|3|0|1|0,dispatch_balanced,charge_proactive,3.476,6,0,126.2,1.562832,2.373226,1.562832,2.373226,15
38795988,17,340,0|0|3|0|1|0,dispatch_energy_safe,charge_proactive,2.196,5,0,140.2,0.0,1.05331,2.373226,2.83323,15
38795988,18,360,0|0|3|0|1|0,dispatch_balanced,charge_proactive,4.898,8,0,155.1,2.373226,3.446289,2.83323,3.836794,15
38795988,19,380,0|0|3|0|0|0,dispatch_balanced,charge_balanced,-1.206,2,0,160.3,2.07939,1.699912,2.293516,1.906009,15
38795988,20,400,0|0|3|0|0|0,dispatch_balanced,charge_balanced,3.956,7,0,152.2,1.699912,2.263934,1.906009,2.418507,15
38795988,21,420,0|0|2|0|1|0,dispatch_energy_safe,charge_proactive,0.084,3,0,145.8,0.0,0.021,0.0,0.021,15
38795988,22,440,0|0|2|0|1|0,dispatch_energy_safe,charge_proactive,2.372,5,0,131.4,0.021,0.60875,0.021,0.60875,15
38795988,23,460,0|0|2|0|1|1,dispatch_urgent_first,charge_balanced,1.506,5,0,174.7,0.0,0.3765,0.0,0.3765,15
38795988,24,480,0|0|2|0|0|1,dispatch_urgent_first,charge_task_first,2.756,6,0,162.2,0.0,0.689,0.0,0.689,15
38795988,25,500,0|0|2|0|0|1,dispatch_urgent_first,charge_task_first,0.3,4,0,185.0,0.689,0.738163,0.689,0.738163,15
38795988,26,520,0|0|2|0|0|1,dispatch_urgent_first,charge_task_first,5.172,9,0,191.4,0.738163,1.846622,0.738163,1.846622,15
38795988,27,540,0|2|2|0|0|1,dispatch_bundle_first,charge_task_first,2.814,7,0,209.3,0.0,0.7035,0.0,0.7035,15
38795988,28,560,0|0|1|0|0|1,dispatch_balanced,charge_proactive,-1.058,3,0,202.9,0.0,-0.2645,0.0,-0.2645,15
38795988,29,580,0|0|1|0|0|1,dispatch_energy_safe,charge_task_first,7.138,11,0,193.1,0.0,1.7845,0.0,1.7845,15
38795988,30,600,0|4|1|0|0|1,dispatch_bundle_first,charge_task_first,-0.05,4,0,202.5,0.0,-0.0125,0.0,-0.0125,15
38795988,31,620,0|4|1|0|1|1,dispatch_urgent_first,charge_task_first,-0.18,3,0,159.0,0.0,0.334206,0.0,0.334206,15
38795988,32,640,0|0|1|0|0|1,dispatch_energy_safe,charge_task_first,0.156,6,1,142.2,1.7845,1.756581,1.7845,1.756581,15
38795988,33,660,0|0|1|0|0|1,dispatch_energy_safe,charge_task_first,2.24,6,0,188.0,1.756581,1.877436,1.756581,1.877436,15
38795988,34,680,0|2|1|0|0|1,dispatch_bundle_first,charge_proactive,2.364,6,0,181.8,0.0,0.591,0.0,0.591,15
38795988,35,700,0|2|1|0|0|1,dispatch_bundle_first,charge_proactive,-1.74,5,1,187.0,0.591,0.407205,0.591,0.407205,15
38795988,36,720,0|0|1|0|0|1,dispatch_energy_safe,charge_task_first,1.296,5,0,185.2,1.877436,1.732077,1.877436,1.732077,15
38795988,37,740,0|4|1|0|0|1,dispatch_energy_safe,charge_proactive,7.626,11,0,168.7,0.0,1.9065,0.0,1.9065,15
38795988,38,760,0|3|1|0|1|1,dispatch_balanced,charge_balanced,-4.832,4,2,141.6,0.0,-0.802869,0.0,-0.802869,15
38795988,39,780,0|4|1|0|0|1,dispatch_energy_safe,charge_proactive,0.398,4,0,180.1,1.9065,1.529375,1.9065,1.529375,15
38795988,40,800,0|3|1|0|0|1,dispatch_balanced,charge_proactive,0.024,7,1,198.8,0.0,0.092531,0.0,0.092531,15
38795988,41,820,0|2|1|0|0|1,dispatch_bundle_first,charge_proactive,3.368,7,0,181.6,0.407205,1.233935,0.407205,1.233935,15
38795988,42,840,0|2|1|0|0|1,dispatch_bundle_first,charge_proactive,-3.324,6,2,166.2,1.233935,0.462518,1.233935,0.462518,15
38795988,43,860,0|0|1|0|0|1,dispatch_energy_safe,charge_task_first,0.11,4,0,194.5,1.732077,1.424843,1.732077,1.424843,15
38795988,44,880,0|2|1|0|0|1,dispatch_bundle_first,charge_proactive,5.97,10,0,201.5,0.462518,1.839388,0.462518,1.839388,15
38795988,45,900,0|2|0|0|0|2,dispatch_urgent_first,charge_task_first,2.446,6,0,177.7,0.0,0.6115,0.0,0.6115,15
38795988,46,920,0|2|0|0|0|2,dispatch_urgent_first,charge_task_first,-1.422,5,1,171.1,0.6115,0.103125,0.6115,0.103125,15
38795988,47,940,0|4|0|0|0|2,dispatch_urgent_first,charge_proactive,0.926,10,2,153.7,0.0,0.2315,0.0,0.2315,15
38795988,48,960,0|3|0|0|0|2,dispatch_bundle_first,charge_task_first,-3.038,3,1,151.9,0.0,-0.737586,0.0,-0.737586,15
38795988,49,980,0|2|0|0|0|2,dispatch_urgent_first,charge_task_first,-4.716,7,3,135.8,0.103125,-1.101656,0.103125,-1.101656,15
38795988,50,1000,0|4|1|0|0|2,dispatch_bundle_first,charge_proactive,-5.946,3,2,147.3,0.0,-1.4865,0.0,-1.4865,15
38795988,51,1020,0|3|1|0|0|2,dispatch_balanced,charge_balanced,-2.036,7,2,151.8,0.0,-0.509,0.0,-0.509,15
38795988,52,1040,0|4|1|0|0|2,dispatch_urgent_first,charge_balanced,-17.134,4,6,156.7,0.0,-4.2835,0.0,-4.2835,15
38795988,53,1060,1|4|1|0|0|2,dispatch_urgent_first,charge_balanced,1.56,8,1,172.0,0.0,0.39,0.0,0.39,15
38795988,54,1080,1|4|1|0|0|2,dispatch_urgent_first,charge_balanced,-12.032,3,4,151.6,0.39,-2.632625,0.39,-2.632625,15
38795988,55,1100,1|4|1|0|0|2,dispatch_energy_safe,charge_proactive,-4.88,8,3,194.0,0.0,-1.22,0.0,-1.22,15
38795988,56,1120,1|3|1|0|0|2,dispatch_bundle_first,charge_proactive,2.606,6,0,169.7,0.0,0.6515,0.0,0.6515,15
38795988,57,1140,1|4|1|0|0|2,dispatch_bundle_first,charge_task_first,-8.268,7,4,163.4,0.0,-2.067,0.0,-2.067,15
38795988,58,1160,1|4|1|0|0|2,dispatch_urgent_first,charge_proactive,0.948,7,1,152.6,-2.632625,-1.737469,-1.22,-0.93725,15
38795988,59,1180,1|4|1|0|0|2,dispatch_balanced,charge_proactive,-9.774,2,3,138.7,0.0,-2.4435,-0.93725,-3.345603,15
38795988,60,1200,1|4|1|0|0|2,dispatch_energy_safe,charge_task_first,-5.964,4,2,198.2,-1.22,-2.66525,-2.067,-3.480487,15
38795988,61,1220,1|4|1|0|0|2,dispatch_urgent_first,charge_balanced,2.606,6,0,169.7,-1.737469,-0.651602,-2.632625,-1.322969,15
38795988,62,1240,0|4|1|0|0|2,dispatch_urgent_first,charge_task_first,-1.14,3,0,207.0,-4.2835,-3.497625,0.0,-0.285,15
38795988,63,1260,0|4|1|0|0|2,dispatch_energy_safe,charge_task_first,1.006,5,0,199.7,0.0,0.2515,-0.285,-0.022813,15
38795988,64,1280,0|4|1|0|0|2,dispatch_energy_safe,charge_task_first,2.24,6,0,188.0,0.2515,0.802069,-0.022813,0.538043,15
run_tag,window_index,tick_end,state,dispatch_action,charge_action,reward,completed_delta,overdue_delta,distance_delta,q_dispatch_before,q_dispatch_after,q_charge_before,q_charge_after,vehicle_count
38795988,1,20,0|0|4|0|4|0,dispatch_urgent_first,charge_task_first,0.032,1,0,48.4,0.0,0.008,0.0,0.008,15
38795988,2,40,0|0|4|0|2|0,dispatch_balanced,charge_task_first,3.34,5,0,83.0,0.0,0.835,0.0,0.835,15
38795988,3,60,0|0|4|0|3|0,dispatch_urgent_first,charge_balanced,-0.054,2,0,102.7,0.0,0.163938,0.0,0.163938,15
38795988,4,80,0|0|4|0|2|0,dispatch_balanced,charge_task_first,3.078,6,0,146.1,0.835,1.39575,0.835,1.39575,15
38795988,5,100,0|0|4|0|1|0,dispatch_bundle_first,charge_proactive,2.972,6,0,151.4,0.0,0.743,0.0,0.743,15
38795988,6,120,0|0|4|0|1|0,dispatch_bundle_first,charge_proactive,1.248,5,0,187.6,0.743,0.86925,0.743,0.86925,15
38795988,7,140,0|0|3|0|1|0,dispatch_energy_safe,charge_proactive,3.032,7,0,198.4,0.0,0.758,0.0,0.758,15
38795988,8,160,0|0|3|0|0|0,dispatch_bundle_first,charge_proactive,3.502,8,0,224.9,0.0,0.8755,0.0,0.8755,15
38795988,9,180,0|0|2|0|0|0,dispatch_urgent_first,charge_task_first,3.778,8,0,211.1,0.0,0.9445,0.0,0.9445,15
38795988,10,200,0|0|2|0|0|0,dispatch_urgent_first,charge_task_first,2.594,7,0,220.3,0.9445,1.557581,0.9445,1.557581,15
38795988,11,220,0|0|2|0|0|0,dispatch_urgent_first,charge_task_first,3.902,8,0,204.9,1.557581,2.143686,1.557581,2.143686,15
38795988,12,240,0|0|1|0|0|0,dispatch_urgent_first,charge_proactive,-0.61,3,0,180.5,0.0,0.303033,0.0,0.303033,15
38795988,13,260,0|0|2|0|0|0,dispatch_urgent_first,charge_task_first,3.552,7,0,172.4,2.143686,2.951298,2.143686,2.951298,15
38795988,14,280,0|0|2|0|0|0,dispatch_urgent_first,charge_task_first,-2.63,4,1,181.5,2.951298,2.183124,2.951298,2.183124,15
38795988,15,300,0|0|2|0|0|0,dispatch_balanced,charge_task_first,0.9,4,0,155.0,0.0,0.688914,2.183124,2.326257,15
38795988,16,320,0|0|2|0|0|0,dispatch_urgent_first,charge_task_first,5.134,9,0,193.3,2.183124,2.985238,2.326257,3.092587,15
38795988,17,340,0|0|1|0|0|0,dispatch_energy_safe,charge_proactive,4.16,8,0,192.0,0.0,1.04,0.303033,1.267275,15
38795988,18,360,0|2|1|0|0|0,dispatch_bundle_first,charge_proactive,2.122,6,0,193.9,0.0,0.5305,0.0,0.5305,15
38795988,19,380,0|2|1|0|0|0,dispatch_bundle_first,charge_proactive,0.192,7,1,190.4,0.5305,0.445875,0.5305,0.445875,15
38795988,20,400,0|1|1|0|0|0,dispatch_balanced,charge_proactive,4.75,9,0,212.5,0.0,1.1875,0.0,1.1875,15
38795988,21,420,0|1|1|0|0|0,dispatch_balanced,charge_proactive,3.444,7,0,177.8,1.1875,1.751625,1.1875,1.751625,15
38795988,22,440,0|0|0|0|0|0,dispatch_urgent_first,charge_proactive,4.842,8,0,157.9,0.0,1.2105,0.0,1.2105,15
38795988,23,460,0|0|1|0|0|1,dispatch_urgent_first,charge_balanced,0.3,4,0,185.0,0.0,0.075,0.0,0.075,15
38795988,24,480,0|2|0|0|0|1,dispatch_urgent_first,charge_task_first,4.306,8,0,184.7,0.0,1.0765,0.0,1.0765,15
38795988,25,500,0|4|0|0|0|1,dispatch_energy_safe,charge_balanced,-1.248,5,1,162.4,0.0,-0.296063,0.0,-0.296063,15
38795988,26,520,0|0|1|0|0|1,dispatch_urgent_first,charge_balanced,4.426,7,0,128.7,0.075,1.178688,0.075,1.178688,15
38795988,27,540,0|0|1|0|0|1,dispatch_urgent_first,charge_balanced,-2.802,0,0,140.1,1.178688,0.183516,1.178688,0.183516,15
38795988,28,560,0|0|2|0|0|1,dispatch_bundle_first,charge_proactive,1.908,9,1,204.6,0.0,0.477,0.0,0.477,15
38795988,29,580,0|2|1|0|0|1,dispatch_energy_safe,charge_task_first,0.328,4,0,183.6,0.0,0.120997,0.0,0.120997,15
38795988,30,600,0|0|1|0|0|1,dispatch_urgent_first,charge_balanced,2.28,9,1,186.0,0.183516,0.707637,0.183516,0.707637,15
38795988,31,620,0|4|1|0|0|1,dispatch_urgent_first,charge_proactive,4.482,8,0,175.9,0.0,1.1205,0.0,1.1205,15
38795988,32,640,0|3|1|0|0|1,dispatch_bundle_first,charge_balanced,-5.996,3,2,149.8,0.0,-1.348627,0.0,-1.348627,15
38795988,33,660,0|0|1|0|0|1,dispatch_urgent_first,charge_balanced,-2.934,3,1,146.7,0.707637,-0.10141,0.707637,-0.10141,15
38795988,34,680,0|0|2|0|0|1,dispatch_bundle_first,charge_proactive,1.45,8,1,177.5,0.477,0.821612,0.477,0.821612,15
38795988,35,700,0|0|2|0|0|1,dispatch_bundle_first,charge_proactive,1.324,5,0,183.8,0.821612,0.947209,0.821612,0.947209,15
38795988,36,720,0|0|1|0|0|1,dispatch_balanced,charge_task_first,4.64,8,0,168.0,0.0,1.361282,0.0,1.361282,15
38795988,37,740,0|0|2|0|0|1,dispatch_bundle_first,charge_balanced,2.184,5,0,140.8,0.947209,1.457689,0.0,0.747282,15
38795988,38,760,0|0|2|0|0|1,dispatch_bundle_first,charge_proactive,0.45,3,0,127.5,1.457689,1.515526,0.947209,1.024189,15
38795988,39,780,0|0|2|0|0|1,dispatch_bundle_first,charge_proactive,1.992,6,0,200.4,1.515526,1.956693,1.024189,1.483782,15
38795988,40,800,0|0|2|0|0|1,dispatch_bundle_first,charge_proactive,3.126,7,0,193.7,1.956693,2.664817,1.483782,2.20964,15
38795988,41,820,0|0|2|0|0|1,dispatch_bundle_first,charge_proactive,0.852,5,0,207.4,2.664817,2.500886,2.20964,2.159503,15
38795988,42,840,0|0|1|0|0|1,dispatch_balanced,charge_task_first,4.652,9,0,217.4,1.361282,2.209673,1.361282,2.209673,15
38795988,43,860,0|2|1|0|0|1,dispatch_energy_safe,charge_task_first,1.412,5,0,179.4,0.120997,0.681854,0.120997,0.681854,15
38795988,44,880,0|4|1|0|0|1,dispatch_urgent_first,charge_task_first,1.778,9,1,211.1,1.1205,1.284875,0.0,0.4445,15
38795988,45,900,0|1|1|0|0|2,dispatch_urgent_first,charge_task_first,2.104,6,0,194.8,0.0,0.526,0.0,0.526,15
38795988,46,920,0|3|1|0|0|2,dispatch_energy_safe,charge_balanced,2.364,9,1,181.8,0.0,0.591,0.0,0.591,15
38795988,47,940,0|4|0|0|0|2,dispatch_bundle_first,charge_task_first,-1.116,5,1,155.8,0.0,-0.167225,0.0,-0.167225,15
38795988,48,960,0|1|1|0|0|2,dispatch_urgent_first,charge_task_first,-0.446,3,0,172.3,0.526,0.283,0.526,0.283,15
38795988,49,980,0|1|0|0|0|2,dispatch_balanced,charge_balanced,5.836,10,0,208.2,0.0,1.459,0.0,1.459,15
38795988,50,1000,0|2|0|0|0|2,dispatch_bundle_first,charge_proactive,1.506,5,0,174.7,0.0,0.3765,0.0,0.3765,15
38795988,51,1020,0|4|0|0|0|2,dispatch_balanced,charge_balanced,2.38,6,0,181.0,0.0,0.595,0.0,0.595,15
38795988,52,1040,0|0|0|0|0|2,dispatch_bundle_first,charge_task_first,-6.518,6,3,175.9,0.0,-1.6295,0.0,-1.6295,15
38795988,53,1060,0|0|0|0|0|2,dispatch_balanced,charge_balanced,2.452,6,0,177.4,0.0,0.739437,0.0,0.739437,15
38795988,54,1080,0|4|0|0|0|2,dispatch_balanced,charge_balanced,-2.33,4,1,166.5,0.595,-0.13625,0.595,-0.13625,15
38795988,55,1100,0|0|1|0|0|2,dispatch_balanced,charge_task_first,-3.154,3,1,157.7,0.0,-0.7885,0.0,-0.7885,15
38795988,56,1120,0|4|1|0|0|2,dispatch_urgent_first,charge_proactive,2.478,6,0,176.1,0.0,0.6195,0.0,0.6195,15
38795988,57,1140,0|4|1|0|0|2,dispatch_urgent_first,charge_proactive,3.474,7,0,176.3,0.6195,1.333125,0.6195,1.333125,15
38795988,58,1160,0|0|1|0|0|2,dispatch_urgent_first,charge_balanced,2.834,7,0,208.3,0.0,0.7085,0.0,0.7085,15
38795988,59,1180,0|2|1|0|0|2,dispatch_balanced,charge_task_first,1.824,6,0,208.8,0.0,0.606556,0.0,0.606556,15
38795988,60,1200,0|0|1|0|0|2,dispatch_urgent_first,charge_balanced,-1.656,4,1,132.8,0.7085,0.267931,0.7085,0.267931,15
38795988,61,1220,0|0|1|0|0|2,dispatch_urgent_first,charge_balanced,0.736,2,0,63.2,0.267931,0.384948,0.267931,0.384948,15
38795988,62,1240,0|0|2|0|0|2,dispatch_balanced,charge_balanced,-3.302,0,1,15.1,0.0,-0.8255,0.0,-0.8255,15
38795988,63,1260,0|0|4|0|2|2,dispatch_balanced,charge_task_first,-0.094,0,0,4.7,0.0,-0.0235,0.0,-0.0235,15
38795988,64,1280,0|0|4|0|4|2,dispatch_bundle_first,charge_proactive,-0.296,0,0,14.8,0.0,-0.074,0.0,-0.074,15
run_tag,window_index,tick_end,state,dispatch_action,charge_action,reward,completed_delta,overdue_delta,distance_delta,q_dispatch_before,q_dispatch_after,q_charge_before,q_charge_after,vehicle_count
38795988,1,20,0|0|4|0|4|0,dispatch_urgent_first,charge_task_first,-0.604,0,0,30.2,0.0,-0.151,0.0,-0.151,15
38795988,2,40,0|0|4|0|3|0,dispatch_balanced,charge_task_first,1.898,4,0,105.1,0.0,0.4745,0.0,0.4745,15
38795988,3,60,0|0|4|0|1|0,dispatch_urgent_first,charge_balanced,3.408,7,0,179.6,0.0,0.852,0.0,0.852,15
38795988,4,80,0|0|4|0|0|0,dispatch_energy_safe,charge_proactive,1.158,5,0,192.1,0.0,0.2895,0.0,0.2895,15
38795988,5,100,0|0|4|0|0|0,dispatch_energy_safe,charge_proactive,3.6,8,0,220.0,0.2895,1.117125,0.2895,1.117125,15
38795988,6,120,0|0|3|0|0|0,dispatch_balanced,charge_balanced,1.198,5,0,190.1,0.0,0.2995,0.0,0.2995,15
38795988,7,140,0|0|3|0|0|0,dispatch_balanced,charge_proactive,1.97,6,0,201.5,0.2995,0.780769,0.0,0.556144,15
38795988,8,160,0|0|3|0|0|0,dispatch_balanced,charge_proactive,2.252,6,0,187.4,0.780769,1.31449,0.556144,1.098288,15
38795988,9,180,0|0|3|0|0|0,dispatch_balanced,charge_proactive,4.768,9,0,211.6,1.31449,2.177867,1.098288,2.015716,15
38795988,10,200,0|0|2|0|0|0,dispatch_urgent_first,charge_task_first,2.858,7,0,207.1,0.0,0.7145,0.0,0.7145,15
38795988,11,220,0|0|2|0|0|0,dispatch_urgent_first,charge_task_first,4.04,8,0,198.0,0.7145,1.697706,0.7145,1.697706,15
38795988,12,240,0|0|2|0|0|0,dispatch_urgent_first,charge_proactive,-5.096,4,2,154.8,1.697706,0.360042,0.0,-0.913237,15
38795988,13,260,0|0|2|0|0|0,dispatch_urgent_first,charge_task_first,1.238,5,0,188.1,0.360042,0.656041,1.697706,1.943542,15
38795988,14,280,0|0|2|0|0|0,dispatch_urgent_first,charge_task_first,3.432,7,0,178.4,0.656041,1.489439,1.943542,2.728659,15
38795988,15,300,0|0|2|0|0|0,dispatch_balanced,charge_task_first,4.978,9,0,201.1,0.0,1.2445,2.728659,3.290995,15
38795988,16,320,0|0|1|0|0|0,dispatch_bundle_first,charge_task_first,1.984,5,0,150.8,0.0,0.812506,0.0,1.195336,15
38795988,17,340,0|0|2|0|0|0,dispatch_urgent_first,charge_task_first,1.774,5,0,161.3,1.489439,1.877085,3.290995,3.611082,15
38795988,18,360,0|0|2|0|0|0,dispatch_urgent_first,charge_task_first,2.412,6,0,179.4,1.877085,2.409694,3.611082,4.078667,15
38795988,19,380,0|0|2|0|0|0,dispatch_energy_safe,charge_task_first,1.614,5,0,169.3,0.0,0.4035,4.078667,3.4625,15
38795988,20,400,0|0|2|0|1|0,dispatch_bundle_first,charge_task_first,4.258,7,0,137.1,0.0,1.0645,0.0,1.0645,15
38795988,21,420,0|0|2|0|1|0,dispatch_bundle_first,charge_task_first,0.532,4,0,173.4,1.0645,1.443435,1.0645,1.667156,15
38795988,22,440,0|0|2|0|0|0,dispatch_urgent_first,charge_task_first,7.634,12,0,218.3,2.409694,3.715771,3.4625,4.505375,15
38795988,23,460,0|0|1|0|0|1,dispatch_urgent_first,charge_proactive,-1.054,3,0,202.7,0.0,-0.2635,0.0,-0.2635,15
38795988,24,480,0|0|1|0|0|1,dispatch_energy_safe,charge_balanced,3.352,7,0,182.4,0.0,0.838,0.0,0.838,15
38795988,25,500,0|0|1|0|0|1,dispatch_energy_safe,charge_balanced,2.756,6,0,162.2,0.838,1.495575,0.838,1.495575,15
38795988,26,520,0|0|1|0|0|1,dispatch_energy_safe,charge_balanced,1.622,5,0,168.9,1.495575,1.844991,1.495575,1.844991,15
38795988,27,540,0|0|1|0|0|1,dispatch_energy_safe,charge_balanced,4.66,8,0,167.0,1.844991,2.548743,1.844991,2.548743,15
38795988,28,560,0|1|1|0|0|1,dispatch_energy_safe,charge_proactive,3.824,8,0,208.8,0.0,0.956,0.0,0.956,15
38795988,29,580,0|1|1|0|0|1,dispatch_energy_safe,charge_proactive,-4.892,5,2,194.6,0.956,0.035608,0.956,0.035608,15
38795988,30,600,0|0|1|0|0|1,dispatch_energy_safe,charge_balanced,1.098,5,0,195.1,2.548743,2.186057,2.548743,2.186057,15
38795988,31,620,0|2|1|0|0|1,dispatch_balanced,charge_task_first,4.214,8,0,189.3,0.0,1.0535,0.0,1.0535,15
38795988,32,640,0|2|0|0|0|1,dispatch_bundle_first,charge_proactive,2.678,6,0,166.1,0.0,1.134037,0.0,1.134037,15
38795988,33,660,0|0|1|0|0|1,dispatch_energy_safe,charge_balanced,1.81,5,0,159.5,2.186057,2.09961,2.186057,2.09961,15
38795988,34,680,0|1|1|0|0|1,dispatch_energy_safe,charge_proactive,-0.72,6,1,186.0,0.035608,0.292873,0.035608,0.292873,15
38795988,35,700,0|0|1|0|0|1,dispatch_energy_safe,charge_balanced,5.2,9,0,190.0,2.09961,3.320874,2.09961,3.320874,15
38795988,36,720,0|0|1|0|0|1,dispatch_energy_safe,charge_balanced,-1.844,4,1,142.2,3.320874,2.735342,3.320874,2.735342,15
38795988,37,740,0|0|1|0|0|1,dispatch_energy_safe,charge_balanced,1.228,5,0,188.6,2.735342,2.582375,2.735342,2.582375,15
38795988,38,760,0|2|1|0|0|1,dispatch_balanced,charge_task_first,3.09,7,0,195.5,1.0535,1.786494,1.0535,1.786494,15
38795988,39,780,0|2|1|0|0|1,dispatch_balanced,charge_task_first,-2.66,7,2,183.0,1.786494,1.0545,1.786494,1.0545,15
38795988,40,800,0|2|1|0|0|1,dispatch_balanced,charge_task_first,-4.194,5,2,159.7,1.0545,-0.033544,1.0545,-0.033544,15
38795988,41,820,0|2|1|0|0|1,dispatch_bundle_first,charge_balanced,3.486,7,0,175.7,0.0,1.420255,0.0,1.420255,15
38795988,42,840,0|0|1|0|0|1,dispatch_energy_safe,charge_balanced,0.538,4,0,173.1,2.582375,2.133517,2.582375,2.133517,15
38795988,43,860,0|1|1|0|0|1,dispatch_energy_safe,charge_proactive,-0.392,6,1,169.6,0.292873,0.423459,0.292873,0.423459,15
38795988,44,880,0|2|1|0|0|1,dispatch_bundle_first,charge_balanced,2.278,6,0,186.1,1.420255,1.634691,1.420255,1.634691,15
38795988,45,900,0|2|1|0|0|2,dispatch_bundle_first,charge_balanced,2.466,6,0,176.7,0.0,0.6165,0.0,0.6165,15
38795988,46,920,0|1|1|0|0|2,dispatch_balanced,charge_balanced,-0.386,6,1,169.3,0.0,-0.0965,0.0,-0.0965,15
38795988,47,940,0|3|1|0|0|2,dispatch_bundle_first,charge_task_first,0.114,7,1,194.3,0.0,0.0285,0.0,0.0285,15
38795988,48,960,0|2|0|0|0|2,dispatch_bundle_first,charge_task_first,3.224,7,0,188.8,0.0,0.806,0.0,0.806,15
38795988,49,980,0|3|0|0|0|2,dispatch_balanced,charge_balanced,2.232,6,0,188.4,0.0,0.558,0.0,0.558,15
38795988,50,1000,0|4|0|0|0|2,dispatch_bundle_first,charge_proactive,3.21,6,0,139.5,0.0,0.8025,0.0,0.8025,15
38795988,51,1020,0|0|1|0|0|2,dispatch_balanced,charge_balanced,-8.952,4,3,197.6,0.0,-2.238,0.0,-2.238,15
38795988,52,1040,0|0|1|0|0|2,dispatch_bundle_first,charge_proactive,5.49,9,0,175.5,0.0,1.3725,0.0,1.3725,15
38795988,53,1060,0|0|1|0|0|2,dispatch_urgent_first,charge_proactive,-0.476,3,0,173.8,0.0,0.172656,1.3725,1.202031,15
38795988,54,1080,0|0|1|0|0|2,dispatch_bundle_first,charge_proactive,4.696,7,0,115.2,1.3725,2.495031,1.202031,2.330955,15
38795988,55,1100,0|0|1|0|0|2,dispatch_bundle_first,charge_proactive,-0.458,2,0,122.9,2.495031,1.756773,2.330955,1.633716,15
38795988,56,1120,0|0|2|0|0|2,dispatch_energy_safe,charge_proactive,2.016,6,0,199.2,0.0,0.504,0.0,0.504,15
38795988,57,1140,0|3|2|0|0|2,dispatch_balanced,charge_balanced,1.628,9,1,218.6,0.0,0.407,0.0,0.407,15
38795988,58,1160,0|4|1|0|0|2,dispatch_balanced,charge_task_first,1.67,5,0,166.5,0.0,0.790814,0.0,0.764665,15
38795988,59,1180,0|0|1|0|0|2,dispatch_bundle_first,charge_proactive,-5.138,4,2,156.9,1.756773,0.406394,1.633716,0.287952,15
38795988,60,1200,0|0|1|0|0|2,dispatch_bundle_first,charge_proactive,-0.212,6,1,160.6,0.406394,0.358896,0.287952,0.270064,15
38795988,61,1220,0|0|2|0|0|2,dispatch_energy_safe,charge_balanced,-0.876,1,0,93.8,0.504,0.159,0.0,-0.219,15
38795988,62,1240,0|0|3|0|1|2,dispatch_balanced,charge_task_first,0.588,1,0,20.6,0.0,0.147,0.0,0.147,15
38795988,63,1260,0|0|4|0|2|2,dispatch_bundle_first,charge_proactive,0.0,0,0,0.0,0.0,0.0,0.0,0.0,15
38795988,64,1280,0|0|4|0|4|2,dispatch_energy_safe,charge_task_first,0.0,0,0,0.0,0.0,0.0,0.0,0.0,15
run_tag,window_index,tick_end,state,dispatch_action,charge_action,reward,completed_delta,overdue_delta,distance_delta,q_dispatch_before,q_dispatch_after,q_charge_before,q_charge_after,vehicle_count
38795988,1,20,0|0|4|0|4|0,dispatch_urgent_first,charge_task_first,-0.524,0,0,26.2,0.0,-0.131,0.0,-0.131,15
38795988,2,40,0|0|4|0|3|0,dispatch_balanced,charge_task_first,2.378,4,0,81.1,0.0,0.5945,0.0,0.5945,15
38795988,3,60,0|0|4|0|1|0,dispatch_urgent_first,charge_balanced,-1.248,2,0,162.4,0.0,-0.312,0.0,-0.312,15
38795988,4,80,0|0|4|0|0|0,dispatch_energy_safe,charge_proactive,5.066,9,0,196.7,0.0,1.2665,0.0,1.2665,15
38795988,5,100,0|0|4|0|0|0,dispatch_energy_safe,charge_proactive,2.374,6,0,181.3,1.2665,1.543375,1.2665,1.543375,15
38795988,6,120,0|0|3|0|0|0,dispatch_balanced,charge_balanced,1.072,5,0,196.4,0.0,0.268,0.0,0.268,15
38795988,7,140,0|0|3|0|0|0,dispatch_balanced,charge_proactive,3.16,7,0,192.0,0.268,1.04795,0.0,0.84695,15
38795988,8,160,0|0|3|0|0|0,dispatch_balanced,charge_proactive,1.118,5,0,194.1,1.04795,1.065462,0.84695,0.914712,15
38795988,9,180,0|0|3|0|1|0,dispatch_urgent_first,charge_task_first,5.002,9,0,199.9,0.0,1.2505,0.0,1.2505,15
38795988,10,200,0|1|2|0|0|0,dispatch_urgent_first,charge_balanced,2.63,7,0,218.5,0.0,0.6575,0.0,0.6575,15
38795988,11,220,0|0|2|0|0|0,dispatch_urgent_first,charge_proactive,2.828,7,0,208.6,0.0,0.707,0.0,0.707,15
38795988,12,240,0|0|2|0|0|0,dispatch_urgent_first,charge_proactive,-3.65,6,2,182.5,0.707,-0.38225,0.707,-0.38225,15
38795988,13,260,0|0|1|0|0|0,dispatch_bundle_first,charge_proactive,2.226,6,0,188.7,0.0,0.5565,0.0,0.5565,15
38795988,14,280,0|0|1|0|0|0,dispatch_bundle_first,charge_proactive,4.274,8,0,186.3,0.5565,1.604131,0.5565,1.604131,15
38795988,15,300,0|0|1|0|0|0,dispatch_balanced,charge_proactive,3.7,8,0,215.0,0.0,0.925,1.604131,2.128098,15
38795988,16,320,0|1|1|0|0|0,dispatch_bundle_first,charge_task_first,2.63,6,0,168.5,0.0,0.998378,0.0,1.109721,15
38795988,17,340,0|0|1|0|0|0,dispatch_bundle_first,charge_proactive,2.702,6,0,164.9,1.604131,2.219476,2.128098,2.723795,15
38795988,18,360,0|0|1|0|0|0,dispatch_bundle_first,charge_proactive,4.226,8,0,188.7,2.219476,2.721107,2.723795,3.099346,15
38795988,19,380,0|4|1|0|0|0,dispatch_energy_safe,charge_balanced,4.052,8,0,197.4,0.0,1.013,0.0,1.013,15
38795988,20,400,0|3|1|0|0|0,dispatch_bundle_first,charge_task_first,-0.442,3,0,172.1,0.0,0.101655,0.0,0.125316,15
38795988,21,420,0|1|1|0|0|0,dispatch_bundle_first,charge_task_first,0.856,11,2,207.2,0.998378,0.962783,1.109721,1.046291,15
38795988,22,440,0|1|0|0|0|0,dispatch_energy_safe,charge_proactive,-0.486,6,1,174.3,0.0,-0.1215,0.0,-0.1215,15
38795988,23,460,0|2|0|0|0|1,dispatch_urgent_first,charge_proactive,-3.262,3,1,163.1,0.0,-0.8155,0.0,-0.8155,15
38795988,24,480,0|3|0|0|0|1,dispatch_urgent_first,charge_balanced,4.938,11,1,153.1,0.0,1.2345,0.0,1.2345,15
38795988,25,500,0|4|0|0|0|1,dispatch_urgent_first,charge_task_first,-3.37,3,1,168.5,0.0,-0.8425,0.0,-0.8425,15
38795988,26,520,0|2|1|0|0|1,dispatch_energy_safe,charge_balanced,0.916,7,1,154.2,0.0,0.229,0.0,0.229,15
38795988,27,540,0|4|1|0|0|1,dispatch_urgent_first,charge_balanced,-4.53,8,3,176.5,0.0,-1.1325,0.0,-1.1325,15
38795988,28,560,0|3|1|0|0|1,dispatch_bundle_first,charge_task_first,-4.25,5,2,162.5,0.0,-1.0625,0.0,-1.0625,15
38795988,29,580,0|3|1|0|0|1,dispatch_balanced,charge_proactive,0.368,4,0,181.6,0.0,0.092,0.0,0.092,15
38795988,30,600,0|3|1|0|0|1,dispatch_balanced,charge_proactive,-3.456,9,3,172.8,0.092,-0.795,0.092,-0.795,15
38795988,31,620,1|3|1|0|0|1,dispatch_bundle_first,charge_task_first,1.06,4,0,147.0,0.0,0.265,0.0,0.265,15
38795988,32,640,1|3|1|0|0|1,dispatch_urgent_first,charge_task_first,-0.894,9,2,194.7,0.0,-0.2235,0.265,-0.02475,15
38795988,33,660,0|4|1|0|0|1,dispatch_bundle_first,charge_proactive,-0.472,6,1,173.6,0.0,-0.118,0.0,-0.118,15
38795988,34,680,1|4|1|0|0|1,dispatch_bundle_first,charge_task_first,-2.824,7,2,191.2,0.0,-0.649688,0.0,-0.706,15
38795988,35,700,1|3|1|0|0|1,dispatch_bundle_first,charge_balanced,-0.882,6,1,194.1,0.265,-0.02175,0.0,-0.2205,15
38795988,36,720,1|4|1|0|0|1,dispatch_urgent_first,charge_balanced,-8.546,7,4,177.3,0.0,-2.1365,0.0,-2.1365,15
38795988,37,740,1|4|1|0|0|1,dispatch_balanced,charge_proactive,-1.434,5,1,171.7,0.0,-0.3585,0.0,-0.3585,15
38795988,38,760,1|4|1|0|0|1,dispatch_energy_safe,charge_balanced,0.596,7,1,170.2,0.0,0.149,-2.1365,-1.529556,15
38795988,39,780,1|4|1|0|0|1,dispatch_energy_safe,charge_proactive,2.688,6,0,165.6,0.149,0.815412,-0.3585,0.326944,15
38795988,40,800,1|4|1|0|0|1,dispatch_energy_safe,charge_proactive,-6.128,4,2,206.4,0.815412,-0.920441,0.326944,-1.286792,15
38795988,41,820,1|4|0|0|0|1,dispatch_bundle_first,charge_proactive,2.258,9,1,187.1,0.0,0.5645,0.0,0.5645,15
38795988,42,840,1|3|0|0|0|1,dispatch_urgent_first,charge_task_first,0.61,7,1,169.5,0.0,0.272456,0.0,0.272456,15
38795988,43,860,1|4|0|0|0|1,dispatch_bundle_first,charge_proactive,-1.708,4,1,135.4,0.5645,-0.079806,0.5645,-0.15365,15
38795988,44,880,1|4|1|0|0|1,dispatch_balanced,charge_task_first,3.116,7,0,194.2,-0.3585,0.510125,-0.706,0.2495,15
38795988,45,900,1|4|1|0|0|2,dispatch_balanced,charge_balanced,-3.264,7,2,213.2,0.0,-0.816,0.0,-0.816,15
38795988,46,920,1|4|0|0|0|2,dispatch_bundle_first,charge_balanced,2.236,5,0,138.2,0.0,0.559,0.0,0.559,15
38795988,47,940,1|4|1|0|0|2,dispatch_energy_safe,charge_task_first,-3.658,3,1,182.9,0.0,-0.9145,0.0,-0.9145,15
38795988,48,960,0|4|1|0|0|2,dispatch_urgent_first,charge_proactive,-3.018,10,3,200.9,0.0,-0.7545,0.0,-0.7545,15
38795988,49,980,0|4|0|0|0|2,dispatch_bundle_first,charge_task_first,0.908,5,0,204.6,0.0,0.227,0.0,0.227,15
38795988,50,1000,0|4|0|0|0|2,dispatch_bundle_first,charge_task_first,1.098,4,0,145.1,0.227,0.44475,0.227,0.44475,15
38795988,51,1020,0|4|1|0|0|2,dispatch_bundle_first,charge_task_first,2.768,6,0,161.6,0.0,0.692,0.0,0.692,15
38795988,52,1040,0|4|1|0|0|2,dispatch_bundle_first,charge_task_first,1.328,5,0,183.6,0.692,0.851,0.692,0.851,15
38795988,53,1060,0|3|1|0|0|2,dispatch_bundle_first,charge_task_first,1.126,5,0,193.7,0.0,0.2815,0.0,0.2815,15
38795988,54,1080,0|3|1|0|0|2,dispatch_bundle_first,charge_task_first,-0.83,6,1,191.5,0.2815,0.098134,0.2815,0.098134,15
38795988,55,1100,0|4|0|0|0|2,dispatch_bundle_first,charge_task_first,3.166,7,0,191.7,0.44475,1.219572,0.44475,1.219572,15
38795988,56,1120,0|4|0|0|0|2,dispatch_bundle_first,charge_task_first,-3.372,3,1,168.6,1.219572,0.252516,1.219572,0.252516,15
38795988,57,1140,0|4|1|0|0|2,dispatch_bundle_first,charge_task_first,-6.388,2,2,119.4,0.851,-0.95875,0.851,-0.95875,15
38795988,58,1160,0|0|1|0|0|2,dispatch_bundle_first,charge_balanced,-5.284,5,2,214.2,0.0,-1.321,0.0,-1.321,15
38795988,59,1180,0|0|1|0|0|2,dispatch_urgent_first,charge_proactive,3.638,8,0,218.1,0.0,0.9095,0.0,0.9095,15
38795988,60,1200,0|0|1|0|0|2,dispatch_urgent_first,charge_proactive,0.978,4,0,151.1,0.9095,1.119894,0.9095,1.119894,15
38795988,61,1220,0|0|1|0|0|2,dispatch_urgent_first,charge_proactive,-0.74,0,0,37.0,1.119894,0.65492,1.119894,0.65492,15
38795988,62,1240,0|0|3|0|0|2,dispatch_bundle_first,charge_balanced,0.0,0,0,0.0,0.0,0.0,0.0,0.0,15
38795988,63,1260,0|0|4|0|2|2,dispatch_urgent_first,charge_balanced,-3.174,0,1,8.7,0.0,-0.7935,0.0,-0.7935,15
38795988,64,1280,0|0|4|0|4|2,dispatch_bundle_first,charge_proactive,-0.3,0,0,15.0,0.0,-0.075,0.0,-0.075,15
run_tag,window_index,tick_end,state,dispatch_action,charge_action,reward,completed_delta,overdue_delta,distance_delta,q_dispatch_before,q_dispatch_after,q_charge_before,q_charge_after,vehicle_count
38795988,1,20,0|0|4|0|4|0,dispatch_urgent_first,charge_task_first,-0.04,0,0,2.0,0.0,-0.01,0.0,-0.01,15
38795988,2,40,0|0|4|0|4|0,dispatch_balanced,charge_balanced,0.218,1,0,39.1,0.0,0.0545,0.0,0.0545,15
38795988,3,60,0|0|4|0|4|0,dispatch_balanced,charge_balanced,1.038,2,0,48.1,0.0545,0.311956,0.0545,0.311956,15
38795988,4,80,0|0|4|0|4|0,dispatch_balanced,charge_balanced,0.076,1,0,46.2,0.311956,0.252967,0.311956,0.252967,15
38795988,5,100,0|0|4|0|3|0,dispatch_bundle_first,charge_proactive,0.062,2,0,96.9,0.0,0.0155,0.0,0.0155,15
38795988,6,120,0|0|4|0|3|0,dispatch_bundle_first,charge_proactive,3.856,6,0,107.2,0.0155,0.975625,0.0155,0.975625,15
38795988,7,140,0|0|4|0|1|0,dispatch_energy_safe,charge_proactive,0.176,3,0,141.2,0.0,0.044,0.0,0.044,15
38795988,8,160,0|0|4|0|2|0,dispatch_bundle_first,charge_proactive,2.682,5,0,115.9,0.0,0.6705,0.0,0.6705,15
38795988,9,180,0|0|4|0|0|0,dispatch_urgent_first,charge_task_first,0.252,4,0,187.4,0.0,0.07235,0.0,0.07235,15
38795988,10,200,0|0|4|0|1|0,dispatch_energy_safe,charge_proactive,2.402,6,0,179.9,0.044,0.6335,0.044,0.6335,15
38795988,11,220,0|0|3|0|0|0,dispatch_urgent_first,charge_proactive,1.918,6,0,204.1,0.0,0.4795,0.0,0.4795,15
38795988,12,240,0|0|3|0|0|0,dispatch_urgent_first,charge_proactive,2.814,7,0,209.3,0.4795,1.063125,0.4795,1.063125,15
38795988,13,260,0|1|3|0|0|0,dispatch_bundle_first,charge_proactive,4.754,9,0,212.3,0.0,1.1885,0.0,1.1885,15
38795988,14,280,0|0|2|0|0|0,dispatch_urgent_first,charge_balanced,2.758,7,0,212.1,0.0,0.6895,0.0,0.6895,15
38795988,15,300,0|0|2|0|0|0,dispatch_balanced,charge_balanced,-1.382,9,2,219.1,0.0,-0.3455,0.6895,0.171625,15
38795988,16,320,0|0|1|0|0|0,dispatch_bundle_first,charge_task_first,1.752,6,0,212.4,0.0,0.438,0.0,0.438,15
38795988,17,340,0|2|1|0|0|0,dispatch_energy_safe,charge_task_first,6.724,11,0,213.8,0.0,1.681,0.0,1.681,15
38795988,18,360,0|2|1|0|0|0,dispatch_urgent_first,charge_task_first,1.356,5,0,182.2,0.0,0.696212,1.681,1.956962,15
38795988,19,380,0|2|1|0|0|0,dispatch_energy_safe,charge_task_first,0.804,11,2,209.8,1.681,1.46175,1.956962,1.668722,15
38795988,20,400,1|3|0|0|0|0,dispatch_bundle_first,charge_task_first,-2.434,7,2,171.7,0.0,-0.6085,0.0,-0.6085,15
38795988,21,420,1|3|0|0|0|0,dispatch_balanced,charge_proactive,-1.222,11,3,161.1,0.0,-0.3055,0.0,-0.3055,15
38795988,22,440,1|4|0|0|0|0,dispatch_energy_safe,charge_proactive,-15.752,5,6,137.6,0.0,-3.938,0.0,-3.938,15
38795988,23,460,1|4|0|0|0|1,dispatch_urgent_first,charge_proactive,-6.056,9,4,152.8,0.0,-1.514,0.0,-1.514,15
38795988,24,480,2|4|0|0|0|1,dispatch_urgent_first,charge_balanced,1.56,8,1,172.0,0.0,0.39,0.0,0.39,15
38795988,25,500,3|4|0|0|0|1,dispatch_urgent_first,charge_task_first,-29.682,6,11,134.1,0.0,-7.4205,0.0,-7.4205,15
38795988,26,520,2|4|1|0|0|1,dispatch_energy_safe,charge_balanced,-7.544,8,4,177.2,0.0,-1.886,0.0,-1.886,15
38795988,27,540,3|4|1|0|0|1,dispatch_urgent_first,charge_balanced,-11.228,10,6,161.4,0.0,-2.807,0.0,-2.807,15
38795988,28,560,3|4|1|0|0|1,dispatch_energy_safe,charge_proactive,-14.128,4,5,156.4,0.0,-3.532,0.0,-3.532,15
38795988,29,580,4|4|1|0|0|1,dispatch_energy_safe,charge_proactive,-6.544,9,4,177.2,0.0,-1.636,0.0,-1.636,15
38795988,30,600,4|4|1|0|0|1,dispatch_urgent_first,charge_task_first,-17.92,6,7,146.0,0.0,-4.48,0.0,-4.48,15
38795988,31,620,4|4|1|0|0|1,dispatch_bundle_first,charge_balanced,-17.71,7,7,185.5,0.0,-4.4275,0.0,-4.4275,15
38795988,32,640,4|4|1|0|0|1,dispatch_balanced,charge_proactive,-12.38,6,5,169.0,0.0,-3.095,-1.636,-4.66965,15
38795988,33,660,4|4|1|0|0|1,dispatch_energy_safe,charge_balanced,-7.57,8,4,178.5,-1.636,-3.46715,-4.4275,-6.153969,15
38795988,34,680,4|4|1|0|0|1,dispatch_balanced,charge_task_first,-7.388,5,3,169.4,-3.095,-4.825938,-4.48,-6.159,15
38795988,35,700,4|4|1|0|0|1,dispatch_energy_safe,charge_proactive,-2.74,10,3,187.0,-3.46715,-4.022132,-4.66965,-5.179538,15
38795988,36,720,4|4|1|0|0|1,dispatch_energy_safe,charge_proactive,-22.008,5,8,150.4,-4.022132,-9.373302,-5.179538,-10.487305,15
38795988,37,740,4|4|1|0|0|1,dispatch_bundle_first,charge_balanced,-9.272,7,4,213.6,-4.4275,-5.638625,-6.153969,-6.933477,15
38795988,38,760,4|4|0|0|0|1,dispatch_energy_safe,charge_balanced,-4.524,8,3,176.2,0.0,-1.131,0.0,-1.131,15
38795988,39,780,4|4|0|0|0|1,dispatch_balanced,charge_proactive,3.58,7,0,171.0,0.0,0.895,0.0,0.895,15
38795988,40,800,4|4|0|0|0|1,dispatch_balanced,charge_proactive,1.732,5,0,163.4,0.895,0.15225,0.895,-0.204537,15
38795988,41,820,4|4|1|0|0|1,dispatch_urgent_first,charge_task_first,1.748,5,0,162.6,-4.48,-3.875,-6.159,-5.491038,15
38795988,42,840,4|4|1|0|0|1,dispatch_urgent_first,charge_task_first,3.258,7,0,187.1,-3.875,-2.915188,-5.491038,-4.470624,15
38795988,43,860,4|4|1|0|0|1,dispatch_urgent_first,charge_task_first,-6.432,3,2,171.6,-2.915188,-4.413868,-4.470624,-5.910975,15
38795988,44,880,4|4|1|0|0|1,dispatch_urgent_first,charge_task_first,-0.562,9,2,178.1,-4.413868,-3.450901,-5.910975,-4.573731,15
38795988,45,900,4|4|1|0|0|2,dispatch_balanced,charge_balanced,-1.286,5,1,164.3,0.0,-0.3215,0.0,-0.3215,15
38795988,46,920,4|4|1|0|0|2,dispatch_bundle_first,charge_proactive,-12.43,3,4,171.5,0.0,-3.1075,0.0,-3.1075,15
38795988,47,940,3|4|1|0|0|2,dispatch_balanced,charge_balanced,2.5,7,0,225.0,0.0,0.625,0.0,0.625,15
38795988,48,960,3|4|1|0|0|2,dispatch_balanced,charge_balanced,2.002,6,0,199.9,0.625,0.96925,0.625,0.96925,15
38795988,49,980,3|4|0|0|0|2,dispatch_bundle_first,charge_balanced,1.052,4,0,147.4,0.0,0.468966,0.0,0.468966,15
38795988,50,1000,3|4|1|0|0|2,dispatch_balanced,charge_balanced,-0.312,4,0,215.6,0.96925,0.648938,0.96925,0.648938,15
38795988,51,1020,2|4|0|0|0|2,dispatch_balanced,charge_balanced,3.916,8,0,204.2,0.0,0.979,0.0,0.979,15
38795988,52,1040,2|4|0|0|0|2,dispatch_balanced,charge_balanced,-0.564,3,0,178.2,0.979,0.801288,0.979,0.801288,15
38795988,53,1060,2|4|0|0|0|2,dispatch_urgent_first,charge_balanced,-0.704,3,0,185.2,0.0,-0.005726,0.801288,0.595239,15
38795988,54,1080,2|4|0|0|0|2,dispatch_balanced,charge_balanced,3.872,8,0,206.4,0.801288,1.568966,0.595239,1.414429,15
38795988,55,1100,1|4|0|0|0|2,dispatch_urgent_first,charge_proactive,-0.39,3,0,169.5,0.0,-0.0975,0.0,-0.0975,15
38795988,56,1120,1|4|0|0|0|2,dispatch_bundle_first,charge_task_first,-1.294,2,0,164.7,0.0,-0.3235,0.0,-0.3235,15
38795988,57,1140,1|4|1|0|0|2,dispatch_balanced,charge_balanced,2.846,7,0,207.7,0.0,0.7115,0.0,0.7115,15
38795988,58,1160,1|4|0|0|0|2,dispatch_balanced,charge_balanced,-0.18,4,0,209.0,0.0,-0.045,0.0,-0.045,15
38795988,59,1180,0|4|0|0|0|2,dispatch_energy_safe,charge_balanced,-0.196,3,0,159.8,0.0,-0.049,0.0,-0.049,15
38795988,60,1200,0|4|1|0|0|2,dispatch_bundle_first,charge_proactive,-0.546,3,0,177.3,0.0,-0.1365,0.0,-0.1365,15
38795988,61,1220,0|4|1|0|0|2,dispatch_balanced,charge_balanced,-0.218,4,0,210.9,0.0,-0.0545,0.0,-0.0545,15
38795988,62,1240,0|4|0|0|0|2,dispatch_balanced,charge_task_first,1.088,5,0,195.6,0.0,0.272,0.0,0.272,15
38795988,63,1260,0|0|1|0|0|2,dispatch_energy_safe,charge_task_first,-0.7,2,0,135.0,0.0,-0.175,0.0,-0.175,15
38795988,64,1280,0|0|1|0|0|2,dispatch_urgent_first,charge_balanced,-0.258,1,0,62.9,0.0,-0.0645,0.0,-0.0645,15
run_tag,window_index,tick_end,state,dispatch_action,charge_action,reward,completed_delta,overdue_delta,distance_delta,q_dispatch_before,q_dispatch_after,q_charge_before,q_charge_after,vehicle_count
38795988,1,20,0|0|4|0|4|0,dispatch_urgent_first,charge_task_first,-0.604,0,0,30.2,0.0,-0.151,0.0,-0.151,15
38795988,2,40,0|0|4|0|3|0,dispatch_balanced,charge_task_first,1.898,4,0,105.1,0.0,0.4745,0.0,0.4745,15
38795988,3,60,0|0|4|0|1|0,dispatch_urgent_first,charge_balanced,3.408,7,0,179.6,0.0,0.852,0.0,0.852,15
38795988,4,80,0|0|4|0|0|0,dispatch_energy_safe,charge_proactive,1.158,5,0,192.1,0.0,0.2895,0.0,0.2895,15
38795988,5,100,0|0|4|0|0|0,dispatch_energy_safe,charge_proactive,3.6,8,0,220.0,0.2895,1.117125,0.2895,1.117125,15
38795988,6,120,0|0|3|0|0|0,dispatch_balanced,charge_balanced,1.198,5,0,190.1,0.0,0.2995,0.0,0.2995,15
38795988,7,140,0|0|3|0|0|0,dispatch_balanced,charge_proactive,1.97,6,0,201.5,0.2995,0.780769,0.0,0.556144,15
38795988,8,160,0|0|3|0|0|0,dispatch_balanced,charge_proactive,2.252,6,0,187.4,0.780769,1.31449,0.556144,1.098288,15
38795988,9,180,0|0|3|0|0|0,dispatch_balanced,charge_proactive,4.768,9,0,211.6,1.31449,2.177867,1.098288,2.015716,15
38795988,10,200,0|0|2|0|0|0,dispatch_urgent_first,charge_task_first,2.858,7,0,207.1,0.0,0.7145,0.0,0.7145,15
38795988,11,220,0|0|2|0|0|0,dispatch_urgent_first,charge_task_first,4.04,8,0,198.0,0.7145,1.697706,0.7145,1.697706,15
38795988,12,240,0|0|2|0|0|0,dispatch_urgent_first,charge_proactive,-5.096,4,2,154.8,1.697706,0.360042,0.0,-0.913237,15
38795988,13,260,0|0|2|0|0|0,dispatch_urgent_first,charge_task_first,1.238,5,0,188.1,0.360042,0.656041,1.697706,1.943542,15
38795988,14,280,0|0|2|0|0|0,dispatch_urgent_first,charge_task_first,3.432,7,0,178.4,0.656041,1.489439,1.943542,2.728659,15
38795988,15,300,0|0|2|0|0|0,dispatch_balanced,charge_task_first,4.978,9,0,201.1,0.0,1.2445,2.728659,3.290995,15
38795988,16,320,0|0|1|0|0|0,dispatch_bundle_first,charge_task_first,1.984,5,0,150.8,0.0,0.812506,0.0,1.195336,15
38795988,17,340,0|0|2|0|0|0,dispatch_urgent_first,charge_task_first,1.774,5,0,161.3,1.489439,1.877085,3.290995,3.611082,15
38795988,18,360,0|0|2|0|0|0,dispatch_urgent_first,charge_task_first,2.412,6,0,179.4,1.877085,2.409694,3.611082,4.078667,15
38795988,19,380,0|0|2|0|0|0,dispatch_energy_safe,charge_task_first,1.614,5,0,169.3,0.0,0.4035,4.078667,3.4625,15
38795988,20,400,0|0|2|0|1|0,dispatch_bundle_first,charge_task_first,4.258,7,0,137.1,0.0,1.0645,0.0,1.0645,15
38795988,21,420,0|0|2|0|1|0,dispatch_bundle_first,charge_task_first,0.532,4,0,173.4,1.0645,1.443435,1.0645,1.667156,15
38795988,22,440,0|0|2|0|0|0,dispatch_urgent_first,charge_task_first,7.634,12,0,218.3,2.409694,3.715771,3.4625,4.505375,15
38795988,23,460,0|0|1|0|0|1,dispatch_urgent_first,charge_proactive,-1.054,3,0,202.7,0.0,-0.2635,0.0,-0.2635,15
38795988,24,480,0|0|1|0|0|1,dispatch_energy_safe,charge_balanced,3.352,7,0,182.4,0.0,0.838,0.0,0.838,15
38795988,25,500,0|0|1|0|0|1,dispatch_energy_safe,charge_balanced,2.756,6,0,162.2,0.838,1.495575,0.838,1.495575,15
38795988,26,520,0|0|1|0|0|1,dispatch_energy_safe,charge_balanced,1.622,5,0,168.9,1.495575,1.844991,1.495575,1.844991,15
38795988,27,540,0|0|1|0|0|1,dispatch_energy_safe,charge_balanced,4.66,8,0,167.0,1.844991,2.548743,1.844991,2.548743,15
38795988,28,560,0|1|1|0|0|1,dispatch_energy_safe,charge_proactive,3.824,8,0,208.8,0.0,0.956,0.0,0.956,15
38795988,29,580,0|1|1|0|0|1,dispatch_energy_safe,charge_proactive,-4.892,5,2,194.6,0.956,0.035608,0.956,0.035608,15
38795988,30,600,0|0|1|0|0|1,dispatch_energy_safe,charge_balanced,1.098,5,0,195.1,2.548743,2.186057,2.548743,2.186057,15
38795988,31,620,0|2|1|0|0|1,dispatch_balanced,charge_task_first,4.214,8,0,189.3,0.0,1.0535,0.0,1.0535,15
38795988,32,640,0|2|0|0|0|1,dispatch_bundle_first,charge_proactive,2.678,6,0,166.1,0.0,1.134037,0.0,1.134037,15
38795988,33,660,0|0|1|0|0|1,dispatch_energy_safe,charge_balanced,1.81,5,0,159.5,2.186057,2.09961,2.186057,2.09961,15
38795988,34,680,0|1|1|0|0|1,dispatch_energy_safe,charge_proactive,-0.72,6,1,186.0,0.035608,0.292873,0.035608,0.292873,15
38795988,35,700,0|0|1|0|0|1,dispatch_energy_safe,charge_balanced,5.2,9,0,190.0,2.09961,3.320874,2.09961,3.320874,15
38795988,36,720,0|0|1|0|0|1,dispatch_energy_safe,charge_balanced,-1.844,4,1,142.2,3.320874,2.735342,3.320874,2.735342,15
38795988,37,740,0|0|1|0|0|1,dispatch_energy_safe,charge_balanced,1.228,5,0,188.6,2.735342,2.582375,2.735342,2.582375,15
38795988,38,760,0|2|1|0|0|1,dispatch_balanced,charge_task_first,3.09,7,0,195.5,1.0535,1.786494,1.0535,1.786494,15
38795988,39,780,0|2|1|0|0|1,dispatch_balanced,charge_task_first,-2.66,7,2,183.0,1.786494,1.0545,1.786494,1.0545,15
38795988,40,800,0|2|1|0|0|1,dispatch_balanced,charge_task_first,-4.194,5,2,159.7,1.0545,-0.033544,1.0545,-0.033544,15
38795988,41,820,0|2|1|0|0|1,dispatch_bundle_first,charge_balanced,3.486,7,0,175.7,0.0,1.420255,0.0,1.420255,15
38795988,42,840,0|0|1|0|0|1,dispatch_energy_safe,charge_balanced,0.538,4,0,173.1,2.582375,2.133517,2.582375,2.133517,15
38795988,43,860,0|1|1|0|0|1,dispatch_energy_safe,charge_proactive,-0.392,6,1,169.6,0.292873,0.423459,0.292873,0.423459,15
38795988,44,880,0|2|1|0|0|1,dispatch_bundle_first,charge_balanced,2.278,6,0,186.1,1.420255,1.634691,1.420255,1.634691,15
38795988,45,900,0|2|1|0|0|2,dispatch_bundle_first,charge_balanced,2.466,6,0,176.7,0.0,0.6165,0.0,0.6165,15
38795988,46,920,0|1|1|0|0|2,dispatch_balanced,charge_balanced,-0.386,6,1,169.3,0.0,-0.0965,0.0,-0.0965,15
38795988,47,940,0|3|1|0|0|2,dispatch_bundle_first,charge_task_first,0.114,7,1,194.3,0.0,0.0285,0.0,0.0285,15
38795988,48,960,0|2|0|0|0|2,dispatch_bundle_first,charge_task_first,3.224,7,0,188.8,0.0,0.806,0.0,0.806,15
38795988,49,980,0|3|0|0|0|2,dispatch_balanced,charge_balanced,2.232,6,0,188.4,0.0,0.558,0.0,0.558,15
38795988,50,1000,0|4|0|0|0|2,dispatch_bundle_first,charge_proactive,3.21,6,0,139.5,0.0,0.8025,0.0,0.8025,15
38795988,51,1020,0|0|1|0|0|2,dispatch_balanced,charge_balanced,-8.952,4,3,197.6,0.0,-2.238,0.0,-2.238,15
38795988,52,1040,0|0|1|0|0|2,dispatch_bundle_first,charge_proactive,5.49,9,0,175.5,0.0,1.3725,0.0,1.3725,15
38795988,53,1060,0|0|1|0|0|2,dispatch_urgent_first,charge_proactive,-0.476,3,0,173.8,0.0,0.172656,1.3725,1.202031,15
38795988,54,1080,0|0|1|0|0|2,dispatch_bundle_first,charge_proactive,4.696,7,0,115.2,1.3725,2.495031,1.202031,2.330955,15
38795988,55,1100,0|0|1|0|0|2,dispatch_bundle_first,charge_proactive,-0.458,2,0,122.9,2.495031,1.756773,2.330955,1.633716,15
38795988,56,1120,0|0|2|0|0|2,dispatch_energy_safe,charge_proactive,2.016,6,0,199.2,0.0,0.504,0.0,0.504,15
38795988,57,1140,0|3|2|0|0|2,dispatch_balanced,charge_balanced,1.628,9,1,218.6,0.0,0.407,0.0,0.407,15
38795988,58,1160,0|4|1|0|0|2,dispatch_balanced,charge_task_first,1.67,5,0,166.5,0.0,0.790814,0.0,0.764665,15
38795988,59,1180,0|0|1|0|0|2,dispatch_bundle_first,charge_proactive,-5.138,4,2,156.9,1.756773,0.406394,1.633716,0.287952,15
38795988,60,1200,0|0|1|0|0|2,dispatch_bundle_first,charge_proactive,-0.212,6,1,160.6,0.406394,0.358896,0.287952,0.270064,15
38795988,61,1220,0|0|2|0|0|2,dispatch_energy_safe,charge_balanced,-0.876,1,0,93.8,0.504,0.159,0.0,-0.219,15
38795988,62,1240,0|0|3|0|1|2,dispatch_balanced,charge_task_first,0.588,1,0,20.6,0.0,0.147,0.0,0.147,15
38795988,63,1260,0|0|4|0|2|2,dispatch_bundle_first,charge_proactive,0.0,0,0,0.0,0.0,0.0,0.0,0.0,15
38795988,64,1280,0|0|4|0|4|2,dispatch_energy_safe,charge_task_first,0.0,0,0,0.0,0.0,0.0,0.0,0.0,15
run_tag,window_index,tick_end,state,dispatch_action,charge_action,reward,completed_delta,overdue_delta,distance_delta,q_dispatch_before,q_dispatch_after,q_charge_before,q_charge_after,vehicle_count
38795988,1,20,0|4|4|0|4|0,dispatch_urgent_first,charge_task_first,-0.126,1,0,56.3,0.0,-0.0315,0.0,-0.0315,15
38795988,2,40,0|0|4|0|3|0,dispatch_balanced,charge_task_first,1.648,4,0,117.6,0.0,0.412,0.0,0.412,15
38795988,3,60,0|0|4|0|1|0,dispatch_urgent_first,charge_balanced,3.692,7,0,165.4,0.0,0.923,0.0,0.923,15
38795988,4,80,0|0|4|0|1|0,dispatch_urgent_first,charge_balanced,0.978,4,0,151.1,0.923,1.132888,0.923,1.132888,15
38795988,5,100,0|0|4|0|1|0,dispatch_urgent_first,charge_proactive,1.756,5,0,162.2,1.132888,1.288666,0.0,0.439,15
38795988,6,120,0|0|4|0|0|0,dispatch_balanced,charge_balanced,3.916,8,0,204.2,0.0,0.979,0.0,0.979,15
38795988,7,140,0|0|3|0|0|0,dispatch_energy_safe,charge_proactive,0.92,5,0,204.0,0.0,0.23,0.0,0.23,15
38795988,8,160,0|0|3|0|0|0,dispatch_energy_safe,charge_proactive,0.908,5,0,204.6,0.23,0.448375,0.23,0.448375,15
38795988,9,180,0|0|3|0|0|0,dispatch_energy_safe,charge_proactive,3.688,8,0,215.6,0.448375,1.258281,0.448375,1.258281,15
38795988,10,200,0|0|2|0|0|0,dispatch_urgent_first,charge_task_first,2.684,7,0,215.8,0.0,0.671,0.0,0.671,15
38795988,11,220,0|0|2|0|0|0,dispatch_urgent_first,charge_task_first,3.338,7,0,183.1,0.671,1.33775,0.671,1.33775,15
38795988,12,240,0|4|2|0|0|0,dispatch_urgent_first,charge_proactive,2.732,7,0,213.4,0.0,0.683,0.0,0.683,15
38795988,13,260,0|1|1|0|0|0,dispatch_bundle_first,charge_proactive,0.946,5,0,202.7,0.0,0.2365,0.0,0.2365,15
38795988,14,280,0|0|1|0|0|0,dispatch_urgent_first,charge_balanced,3.816,8,0,209.2,0.0,0.954,0.0,0.954,15
38795988,15,300,0|0|1|0|0|0,dispatch_balanced,charge_balanced,1.366,5,0,181.7,0.0,0.544225,0.954,1.259725,15
38795988,16,320,0|0|1|0|0|0,dispatch_urgent_first,charge_balanced,5.822,9,0,158.9,0.954,2.373725,1.259725,2.667985,15
38795988,17,340,0|0|1|0|0|0,dispatch_energy_safe,charge_balanced,-5.15,0,1,107.5,0.0,-1.003228,2.667985,0.997761,15
38795988,18,360,0|0|2|0|0|0,dispatch_urgent_first,charge_proactive,-1.902,5,1,195.1,1.33775,0.527812,0.0,-0.4755,15
38795988,19,380,0|4|1|0|0|0,dispatch_urgent_first,charge_proactive,5.968,10,0,201.6,0.0,1.492,0.0,1.492,15
38795988,20,400,0|3|1|0|0|0,dispatch_balanced,charge_proactive,0.076,4,0,196.2,0.0,0.33605,0.0,0.33605,15
38795988,21,420,0|4|1|0|0|0,dispatch_urgent_first,charge_proactive,-1.756,5,1,187.8,1.492,1.184417,1.492,0.892024,15
38795988,22,440,0|0|1|0|0|0,dispatch_urgent_first,charge_proactive,3.696,6,0,115.2,2.373725,2.704294,0.0,0.924,15
38795988,23,460,0|0|2|0|0|1,dispatch_urgent_first,charge_balanced,-0.986,2,0,149.3,0.0,-0.2465,0.0,-0.2465,15
38795988,24,480,0|0|2|0|0|1,dispatch_balanced,charge_proactive,2.484,6,0,175.8,0.0,0.621,0.0,0.621,15
38795988,25,500,0|0|2|0|0|1,dispatch_balanced,charge_proactive,5.112,9,0,194.4,0.621,1.875712,0.621,1.875712,15
38795988,26,520,0|0|2|0|0|1,dispatch_balanced,charge_proactive,1.91,6,0,204.5,1.875712,1.884284,1.875712,1.884284,15
38795988,27,540,0|1|1|0|0|1,dispatch_energy_safe,charge_proactive,3.778,8,0,211.1,0.0,0.9445,0.0,0.9445,15
38795988,28,560,0|1|1|0|0|1,dispatch_energy_safe,charge_proactive,3.22,7,0,189.0,0.9445,1.513375,0.9445,1.513375,15
38795988,29,580,0|4|1|0|0|1,dispatch_energy_safe,charge_proactive,-2.678,4,1,183.9,0.0,-0.6695,0.0,-0.6695,15
38795988,30,600,0|0|1|0|0|1,dispatch_balanced,charge_task_first,1.228,8,1,188.6,0.0,0.307,0.0,0.307,15
38795988,31,620,0|0|1|0|0|1,dispatch_balanced,charge_task_first,4.73,8,0,163.5,0.307,1.41275,0.307,1.41275,15
38795988,32,640,0|3|1|0|0|1,dispatch_balanced,charge_proactive,1.654,8,1,167.3,0.0,0.4135,0.0,0.4135,15
38795988,33,660,0|2|1|0|0|1,dispatch_bundle_first,charge_proactive,-1.784,4,1,139.2,0.0,-0.446,0.0,-0.446,15
38795988,34,680,0|2|1|0|0|1,dispatch_energy_safe,charge_balanced,-0.556,3,0,177.8,0.0,0.161209,0.0,0.161209,15
38795988,35,700,0|0|1|0|0|1,dispatch_balanced,charge_task_first,5.15,9,0,192.5,1.41275,2.434931,1.41275,2.434931,15
38795988,36,720,0|3|1|0|0|1,dispatch_balanced,charge_proactive,-3.948,3,1,197.4,0.4135,-0.676875,0.4135,-0.676875,15
38795988,37,740,0|4|1|0|0|1,dispatch_balanced,charge_balanced,4.322,7,0,133.9,0.0,1.0805,0.0,1.0805,15
38795988,38,760,0|4|1|0|0|1,dispatch_balanced,charge_balanced,0.014,3,0,149.3,1.0805,1.331298,1.0805,1.331298,15
38795988,39,780,0|0|1|0|0|1,dispatch_balanced,charge_task_first,1.392,4,0,130.4,2.434931,2.574609,2.434931,2.574609,15
38795988,40,800,0|0|2|0|0|1,dispatch_balanced,charge_proactive,0.874,5,0,206.3,1.884284,2.032124,1.884284,2.032124,15
38795988,41,820,0|0|2|0|0|1,dispatch_balanced,charge_proactive,6.992,11,0,200.4,2.032124,3.819197,2.032124,3.819197,15
38795988,42,840,0|0|1|0|0|1,dispatch_balanced,charge_task_first,0.364,4,0,181.8,2.574609,2.304857,2.574609,2.304857,15
38795988,43,860,0|4|1|0|0|1,dispatch_balanced,charge_balanced,2.688,7,0,215.6,1.331298,2.160256,1.331298,2.160256,15
38795988,44,880,0|0|1|0|0|1,dispatch_bundle_first,charge_task_first,4.996,9,0,200.2,0.0,1.249,2.304857,2.977643,15
38795988,45,900,0|1|1|0|0|2,dispatch_balanced,charge_balanced,4.052,8,0,197.4,0.0,1.013,0.0,1.013,15
38795988,46,920,0|2|0|0|0|2,dispatch_bundle_first,charge_task_first,0.692,4,0,165.4,0.0,0.388263,0.0,0.388263,15
38795988,47,940,0|1|1|0|0|2,dispatch_balanced,charge_task_first,0.064,7,1,196.8,1.013,0.858256,0.0,0.098506,15
38795988,48,960,0|2|0|0|0|2,dispatch_bundle_first,charge_task_first,3.924,8,0,203.8,0.388263,1.272197,0.388263,1.272197,15
38795988,49,980,0|1|0|0|0|2,dispatch_bundle_first,charge_proactive,-0.53,6,1,176.5,0.0,-0.1325,0.0,-0.1325,15
38795988,50,1000,0|4|0|0|0|2,dispatch_balanced,charge_balanced,4.732,8,0,163.4,0.0,1.183,0.0,1.183,15
38795988,51,1020,0|4|0|0|0|2,dispatch_balanced,charge_balanced,-2.842,3,1,142.1,1.183,0.17675,1.183,0.17675,15
38795988,52,1040,0|0|1|0|0|2,dispatch_urgent_first,charge_balanced,2.808,6,0,159.6,0.0,0.702,0.0,0.702,15
38795988,53,1060,0|0|1|0|0|2,dispatch_urgent_first,charge_balanced,2.516,6,0,174.2,0.702,1.337879,0.702,1.370762,15
38795988,54,1080,0|1|1|0|0|2,dispatch_balanced,charge_proactive,3.808,7,0,159.6,0.858256,1.595692,0.0,0.952,15
38795988,55,1100,0|2|1|0|0|2,dispatch_energy_safe,charge_proactive,-4.666,5,2,183.3,0.0,-1.1665,0.0,-1.1665,15
38795988,56,1120,0|2|1|0|0|2,dispatch_balanced,charge_balanced,-0.9,6,1,195.0,0.0,-0.225,0.0,-0.225,15
38795988,57,1140,0|4|1|0|0|2,dispatch_balanced,charge_task_first,4.446,8,0,177.7,0.0,1.1115,0.0,1.1115,15
38795988,58,1160,0|2|1|0|0|2,dispatch_urgent_first,charge_task_first,2.77,6,0,161.5,0.0,0.6925,0.0,0.6925,15
38795988,59,1180,0|3|1|0|0|2,dispatch_bundle_first,charge_proactive,-16.398,2,5,169.9,0.0,-3.815201,0.0,-3.808213,15
38795988,60,1200,0|0|1|0|0|2,dispatch_urgent_first,charge_balanced,0.036,6,1,148.2,1.337879,1.296709,1.370762,1.328359,15
38795988,61,1220,0|0|1|0|0|2,dispatch_urgent_first,charge_balanced,0.576,3,0,121.2,1.296709,1.116532,1.328359,1.140269,15
38795988,62,1240,0|0|2|0|0|2,dispatch_energy_safe,charge_task_first,-0.81,0,0,40.5,0.0,-0.2025,0.0,-0.2025,15
38795988,63,1260,0|0|3|0|1|2,dispatch_energy_safe,charge_balanced,-2.35,1,1,17.5,0.0,-0.5875,0.0,-0.5875,15
38795988,64,1280,0|0|4|0|3|2,dispatch_bundle_first,charge_balanced,-0.368,0,0,18.4,0.0,-0.092,0.0,-0.092,15
run_tag,window_index,tick_end,state,dispatch_action,charge_action,reward,completed_delta,overdue_delta,distance_delta,q_dispatch_before,q_dispatch_after,q_charge_before,q_charge_after,vehicle_count
38795988,1,20,0|0|4|0|4|0,dispatch_urgent_first,charge_task_first,2.452,3,0,27.4,0.0,0.613,0.0,0.613,3
38795988,2,40,0|0|4|0|1|0,dispatch_balanced,charge_task_first,0.44,1,0,28.0,0.0,0.11,0.0,0.11,3
38795988,3,60,0|0|4|0|0|0,dispatch_urgent_first,charge_balanced,1.248,2,0,37.6,0.0,0.335375,0.0,0.335375,3
38795988,4,80,0|0|4|0|1|0,dispatch_balanced,charge_task_first,2.242,3,0,37.9,0.11,0.643,0.11,0.643,3
38795988,5,100,0|0|3|0|0|0,dispatch_bundle_first,charge_proactive,1.406,2,0,29.7,0.0,0.3515,0.0,0.3515,3
38795988,6,120,0|0|3|0|0|0,dispatch_bundle_first,charge_proactive,1.508,2,0,24.6,0.3515,0.711892,0.3515,0.711892,3
38795988,7,140,0|0|4|0|0|0,dispatch_urgent_first,charge_proactive,2.386,3,0,30.7,0.335375,0.919298,0.0,0.667767,3
38795988,8,160,0|0|4|0|0|0,dispatch_urgent_first,charge_proactive,0.268,1,0,36.6,0.919298,0.907751,0.667767,0.719102,3
38795988,9,180,0|0|3|0|0|0,dispatch_bundle_first,charge_proactive,2.456,3,0,27.2,0.711892,1.340816,0.711892,1.300728,3
38795988,10,200,0|0|4|0|0|0,dispatch_urgent_first,charge_proactive,0.642,1,0,17.9,0.907751,1.03421,0.719102,0.852636,3
38795988,11,220,0|0|4|0|0|0,dispatch_urgent_first,charge_task_first,2.34,3,0,33.0,1.03421,1.580427,0.0,0.766185,3
38795988,12,240,0|0|4|0|0|0,dispatch_urgent_first,charge_proactive,3.608,4,0,19.6,1.580427,2.423161,0.852636,1.722662,3
38795988,13,260,0|0|4|0|0|0,dispatch_urgent_first,charge_proactive,1.386,2,0,30.7,2.423161,2.300509,1.722662,1.775134,3
38795988,14,280,0|0|4|0|1|0,dispatch_balanced,charge_task_first,0.738,1,0,13.1,0.643,0.803387,0.643,0.803387,3
38795988,15,300,0|0|4|0|1|0,dispatch_balanced,charge_task_first,2.316,3,0,34.2,0.803387,1.35226,0.803387,1.35226,3
38795988,16,320,0|0|4|0|1|0,dispatch_balanced,charge_task_first,1.252,2,0,37.4,1.35226,1.612119,1.35226,1.6036,3
38795988,17,340,0|0|3|0|0|0,dispatch_energy_safe,charge_proactive,2.368,3,0,31.6,0.0,0.876923,1.300728,1.843951,3
38795988,18,360,0|0|3|0|0|0,dispatch_bundle_first,charge_proactive,0.76,1,0,12.0,1.340816,1.68447,1.843951,1.950179,3
38795988,19,380,0|0|4|0|0|0,dispatch_urgent_first,charge_proactive,1.394,2,0,30.3,2.300509,2.562739,1.775134,2.057067,3
38795988,20,400,0|0|4|0|0|0,dispatch_urgent_first,charge_proactive,0.512,1,0,24.4,2.562739,2.594637,2.057067,2.107927,3
38795988,21,420,0|0|4|0|0|0,dispatch_urgent_first,charge_proactive,2.474,3,0,26.3,2.594637,2.564478,2.107927,2.199445,3
38795988,22,440,0|2|4|0|3|0,dispatch_urgent_first,charge_proactive,2.348,3,0,32.6,0.0,0.587,0.0,0.587,3
38795988,23,460,0|0|4|0|0|1,dispatch_urgent_first,charge_balanced,1.548,2,0,22.6,0.0,0.387,0.0,0.387,3
38795988,24,480,0|0|4|0|1|1,dispatch_urgent_first,charge_task_first,0.892,1,0,5.4,0.0,0.223,0.0,0.223,3
run_tag,window_index,tick_end,state,dispatch_action,charge_action,reward,completed_delta,overdue_delta,distance_delta,q_dispatch_before,q_dispatch_after,q_charge_before,q_charge_after,vehicle_count
38795988,1,20,0|0|4|0|4|0,dispatch_urgent_first,charge_task_first,-0.096,0,0,4.8,0.0,-0.024,0.0,-0.024,3
38795988,2,40,0|0|4|0|1|0,dispatch_balanced,charge_task_first,2.496,3,0,25.2,0.0,0.624,0.0,0.624,3
38795988,3,60,0|0|4|0|3|0,dispatch_urgent_first,charge_balanced,2.384,3,0,30.8,0.0,0.596,0.0,0.596,3
38795988,4,80,0|0|4|0|0|0,dispatch_energy_safe,charge_proactive,1.21,2,0,39.5,0.0,0.3025,0.0,0.3025,3
38795988,5,100,0|0|4|0|0|0,dispatch_energy_safe,charge_proactive,1.236,2,0,38.2,0.3025,0.535875,0.3025,0.535875,3
38795988,6,120,0|0|3|0|0|0,dispatch_balanced,charge_balanced,0.594,1,0,20.3,0.0,0.2811,0.0,0.2811,3
38795988,7,140,0|0|4|0|1|0,dispatch_balanced,charge_proactive,0.562,1,0,21.9,0.624,0.722373,0.0,0.254373,3
38795988,8,160,0|0|4|0|0|0,dispatch_energy_safe,charge_proactive,2.278,3,0,36.1,0.535875,1.08528,0.535875,1.08528,3
38795988,9,180,0|0|4|0|0|0,dispatch_energy_safe,charge_proactive,2.424,3,0,28.8,1.08528,1.650582,1.08528,1.650582,3
38795988,10,200,0|0|4|0|0|0,dispatch_energy_safe,charge_proactive,2.294,3,0,35.3,1.650582,1.87117,1.650582,1.87117,3
38795988,11,220,0|0|3|0|0|0,dispatch_balanced,charge_task_first,1.276,2,0,36.2,0.2811,0.589559,0.0,0.378734,3
38795988,12,240,0|0|3|0|0|0,dispatch_balanced,charge_task_first,1.456,2,0,27.2,0.589559,0.93145,0.378734,0.728531,3
38795988,13,260,0|0|3|0|0|0,dispatch_balanced,charge_task_first,0.526,1,0,23.7,0.93145,1.028021,0.728531,0.832711,3
38795988,14,280,0|0|3|0|0|0,dispatch_balanced,charge_task_first,2.392,3,0,30.4,1.028021,1.58747,0.832711,1.399485,3
38795988,15,300,0|0|3|0|0|0,dispatch_balanced,charge_task_first,1.268,2,0,36.6,1.58747,1.507603,1.399485,1.366613,3
38795988,16,320,0|4|3|0|0|0,dispatch_bundle_first,charge_task_first,1.388,2,0,30.6,0.0,0.667366,0.0,0.637405,3
38795988,17,340,0|0|3|0|0|0,dispatch_balanced,charge_task_first,3.35,4,0,32.5,1.507603,1.968202,1.366613,1.86246,3
38795988,18,360,0|0|2|0|0|0,dispatch_urgent_first,charge_proactive,2.326,3,0,33.7,0.0,0.5815,0.0,0.5815,3
38795988,19,380,1|0|2|0|0|0,dispatch_energy_safe,charge_balanced,2.312,3,0,34.4,0.0,0.701569,0.0,0.701569,3
38795988,20,400,0|0|2|0|0|0,dispatch_urgent_first,charge_proactive,2.38,3,0,31.0,0.5815,1.031125,0.5815,1.031125,3
38795988,21,420,0|0|1|0|0|0,dispatch_bundle_first,charge_proactive,1.324,2,0,33.8,0.0,0.331,0.0,0.331,3
38795988,22,440,0|0|1|0|0|0,dispatch_bundle_first,charge_proactive,1.336,2,0,33.2,0.331,0.58225,0.331,0.58225,3
38795988,23,460,0|0|1|0|0|1,dispatch_energy_safe,charge_task_first,1.576,2,0,21.2,0.0,0.394,0.0,0.394,3
38795988,24,480,0|0|2|0|0|1,dispatch_urgent_first,charge_balanced,0.0,0,0,0.0,0.0,0.0,0.0,0.0,3
run_tag,window_index,tick_end,state,dispatch_action,charge_action,reward,completed_delta,overdue_delta,distance_delta,q_dispatch_before,q_dispatch_after,q_charge_before,q_charge_after,vehicle_count
38795988,1,20,0|0|4|0|4|0,dispatch_urgent_first,charge_task_first,0.68,1,0,16.0,0.0,0.17,0.0,0.17,3
38795988,2,40,0|0|4|0|1|0,dispatch_balanced,charge_task_first,0.332,1,0,33.4,0.0,0.083,0.0,0.083,3
38795988,3,60,0|0|4|0|1|0,dispatch_urgent_first,charge_task_first,2.306,3,0,34.7,0.0,0.5765,0.083,0.63875,3
38795988,4,80,1|0|4|0|0|0,dispatch_energy_safe,charge_proactive,1.264,2,0,36.8,0.0,0.316,0.0,0.316,3
38795988,5,100,1|0|3|0|0|0,dispatch_bundle_first,charge_proactive,1.248,2,0,37.6,0.0,0.312,0.0,0.312,3
38795988,6,120,1|1|3|0|0|0,dispatch_balanced,charge_balanced,3.572,4,0,21.4,0.0,0.893,0.0,0.893,3
38795988,7,140,1|2|3|0|0|0,dispatch_energy_safe,charge_proactive,-4.548,2,2,27.4,0.0,-1.0707,0.0,-1.0707,3
38795988,8,160,1|0|3|0|0|0,dispatch_bundle_first,charge_proactive,1.196,2,0,40.2,0.312,0.533,0.312,0.533,3
38795988,9,180,2|1|3|0|1|0,dispatch_urgent_first,charge_task_first,2.316,3,0,34.2,0.0,0.579,0.0,0.579,3
38795988,10,200,2|0|2|0|0|0,dispatch_urgent_first,charge_balanced,-2.864,1,1,43.2,0.0,-0.716,0.0,-0.716,3
38795988,11,220,2|3|2|0|0|0,dispatch_urgent_first,charge_proactive,2.268,3,0,36.6,0.0,0.567,0.0,0.567,3
38795988,12,240,1|3|1|0|0|0,dispatch_urgent_first,charge_proactive,-3.7,3,2,35.0,0.0,-0.925,0.0,-0.925,3
38795988,13,260,1|2|1|0|0|0,dispatch_bundle_first,charge_proactive,2.316,3,0,34.2,0.0,0.579,0.0,0.579,3
38795988,14,280,1|1|1|0|0|0,dispatch_urgent_first,charge_balanced,1.426,2,0,28.7,0.0,0.3565,0.0,0.3565,3
38795988,15,300,0|2|0|0|0|0,dispatch_balanced,charge_proactive,2.316,3,0,34.2,0.0,0.579,0.0,0.579,3
38795988,16,320,0|2|0|0|0|0,dispatch_balanced,charge_proactive,1.346,2,0,32.7,0.579,0.77075,0.579,0.77075,3
38795988,17,340,0|0|0|0|0|0,dispatch_energy_safe,charge_task_first,-0.662,3,1,33.1,0.0,-0.1655,0.0,-0.1655,3
38795988,18,360,0|0|0|0|0|0,dispatch_bundle_first,charge_balanced,0.454,1,0,27.3,0.0,0.1135,0.0,0.1135,3
38795988,19,380,0|0|0|0|0|0,dispatch_bundle_first,charge_balanced,-2.372,1,1,18.6,0.1135,-0.507875,0.1135,-0.507875,3
38795988,20,400,0|0|1|0|0|0,dispatch_bundle_first,charge_task_first,1.596,2,0,20.2,0.0,0.399,0.0,0.399,3
38795988,21,420,0|0|1|0|0|0,dispatch_bundle_first,charge_task_first,0.392,1,0,30.4,0.399,0.482038,0.399,0.482038,3
38795988,22,440,0|0|1|0|0|0,dispatch_bundle_first,charge_task_first,1.494,2,0,25.3,0.482038,0.735028,0.482038,0.735028,3
38795988,23,460,0|0|2|0|0|1,dispatch_urgent_first,charge_proactive,1.258,2,0,37.1,0.0,0.3145,0.0,0.3145,3
38795988,24,480,0|0|1|0|0|1,dispatch_urgent_first,charge_balanced,1.624,2,0,18.8,0.0,0.472831,0.0,0.472831,3
run_tag,window_index,tick_end,state,dispatch_action,charge_action,reward,completed_delta,overdue_delta,distance_delta,q_dispatch_before,q_dispatch_after,q_charge_before,q_charge_after,vehicle_count
38795988,1,20,0|0|4|0|4|0,dispatch_urgent_first,charge_task_first,0.38,1,0,31.0,0.0,0.095,0.0,0.095,15
38795988,2,40,0|4|4|0|3|0,dispatch_balanced,charge_task_first,2.352,5,0,132.4,0.0,0.588,0.0,0.588,15
38795988,3,60,0|0|4|0|1|0,dispatch_urgent_first,charge_balanced,1.804,5,0,159.8,0.0,0.451,0.0,0.451,15
38795988,4,80,0|4|4|0|1|0,dispatch_energy_safe,charge_proactive,3.038,6,0,148.1,0.0,0.855338,0.0,0.855338,15
38795988,5,100,0|0|4|0|1|0,dispatch_urgent_first,charge_proactive,0.79,4,0,160.5,0.451,0.631588,0.0,0.293338,15
38795988,6,120,0|0|4|0|1|0,dispatch_urgent_first,charge_balanced,2.74,6,0,163.0,0.631588,1.158691,0.451,1.02325,15
38795988,7,140,0|0|3|0|0|0,dispatch_energy_safe,charge_proactive,2.838,7,0,208.1,0.0,0.7095,0.0,0.7095,15
38795988,8,160,0|0|3|0|0|0,dispatch_energy_safe,charge_proactive,1.622,6,0,218.9,0.7095,1.088394,0.7095,1.088394,15
38795988,9,180,0|0|3|0|0|0,dispatch_energy_safe,charge_proactive,3.554,8,0,222.3,1.088394,1.704795,1.088394,1.704795,15
38795988,10,200,0|0|2|0|0|0,dispatch_urgent_first,charge_task_first,-0.226,7,1,211.3,0.0,-0.0565,0.0,-0.0565,15
38795988,11,220,0|0|2|0|0|0,dispatch_balanced,charge_proactive,3.71,8,0,214.5,0.0,0.9275,0.0,0.9275,15
38795988,12,240,0|0|1|0|0|0,dispatch_urgent_first,charge_proactive,2.232,6,0,188.4,0.0,0.558,0.0,0.558,15
38795988,13,260,0|0|1|0|0|0,dispatch_urgent_first,charge_proactive,0.008,4,0,199.6,0.558,0.539075,0.558,0.539075,15
38795988,14,280,0|0|1|0|0|0,dispatch_urgent_first,charge_proactive,2.164,6,0,191.8,0.539075,1.05986,0.539075,1.05986,15
38795988,15,300,0|0|1|0|0|0,dispatch_balanced,charge_proactive,3.752,7,0,162.4,0.0,1.16322,1.05986,1.958115,15
38795988,16,320,0|0|1|0|0|0,dispatch_balanced,charge_proactive,1.166,4,0,141.7,1.16322,1.361009,1.958115,1.95718,15
38795988,17,340,0|0|2|0|0|0,dispatch_energy_safe,charge_proactive,3.476,6,0,126.2,0.0,1.066094,0.9275,1.761719,15
38795988,18,360,0|0|2|0|0|0,dispatch_energy_safe,charge_proactive,-0.838,1,0,91.9,1.066094,0.59007,1.761719,1.111789,15
38795988,19,380,0|0|3|0|1|0,dispatch_urgent_first,charge_proactive,0.932,3,0,103.4,0.0,0.233,0.0,0.233,15
38795988,20,400,0|0|3|0|2|0,dispatch_balanced,charge_proactive,2.28,5,0,136.0,0.0,0.619512,0.0,0.619512,15
38795988,21,420,0|0|3|0|1|0,dispatch_urgent_first,charge_proactive,1.8,4,0,110.0,0.233,0.756396,0.233,0.756396,15
38795988,22,440,0|0|3|0|2|0,dispatch_balanced,charge_proactive,1.178,3,0,91.1,0.619512,0.759134,0.619512,0.759134,15
38795988,23,460,0|0|3|0|2|1,dispatch_urgent_first,charge_balanced,0.134,3,0,143.3,0.0,0.0335,0.0,0.0335,15
38795988,24,480,0|0|3|0|0|1,dispatch_urgent_first,charge_task_first,2.43,6,0,178.5,0.0,0.6075,0.0,0.6075,15
38795988,25,500,0|0|3|0|0|1,dispatch_urgent_first,charge_task_first,1.628,5,0,168.6,0.6075,0.862625,0.6075,0.862625,15
38795988,26,520,0|0|2|0|0|1,dispatch_urgent_first,charge_balanced,2.314,6,0,184.3,0.0,0.5785,0.0,0.5785,15
38795988,27,540,0|0|2|0|0|1,dispatch_urgent_first,charge_balanced,2.502,6,0,174.9,0.5785,1.182306,0.5785,1.182306,15
38795988,28,560,0|0|2|0|0|1,dispatch_urgent_first,charge_balanced,3.15,7,0,192.5,1.182306,1.92547,1.182306,1.92547,15
38795988,29,580,0|0|2|0|0|1,dispatch_urgent_first,charge_balanced,3.718,7,0,164.1,1.92547,2.782765,1.92547,2.782765,15
38795988,30,600,0|0|2|0|0|1,dispatch_urgent_first,charge_balanced,1.398,5,0,180.1,2.782765,3.027911,2.782765,3.027911,15
38795988,31,620,0|0|2|0|0|1,dispatch_urgent_first,charge_balanced,-1.308,5,1,165.4,3.027911,2.587364,3.027911,2.587364,15
38795988,32,640,0|0|2|0|0|1,dispatch_urgent_first,charge_balanced,2.388,5,0,130.6,2.587364,3.087338,2.587364,3.087338,15
38795988,33,660,0|0|2|0|0|1,dispatch_urgent_first,charge_balanced,3.278,7,0,186.1,3.087338,3.791063,3.087338,3.791063,15
38795988,34,680,0|0|2|0|0|1,dispatch_urgent_first,charge_balanced,-1.224,3,0,211.2,3.791063,3.342898,3.791063,3.342898,15
38795988,35,700,0|0|2|0|0|1,dispatch_urgent_first,charge_balanced,5.454,10,0,227.3,3.342898,3.870674,3.342898,3.870674,15
38795988,36,720,0|3|1|0|0|1,dispatch_balanced,charge_task_first,0.95,5,0,202.5,0.0,0.2375,0.0,0.2375,15
38795988,37,740,0|0|1|0|0|1,dispatch_energy_safe,charge_balanced,2.52,7,0,224.0,0.0,0.63,0.0,0.63,15
38795988,38,760,0|1|1|0|0|1,dispatch_balanced,charge_balanced,3.484,7,0,175.8,0.0,0.921469,0.0,0.921469,15
38795988,39,780,0|3|1|0|0|1,dispatch_balanced,charge_task_first,2.012,9,1,199.4,0.2375,0.681125,0.2375,0.681125,15
38795988,40,800,0|2|0|0|0|1,dispatch_bundle_first,charge_task_first,3.434,7,0,178.3,0.0,0.8585,0.0,0.8585,15
38795988,41,820,0|3|0|0|0|1,dispatch_energy_safe,charge_balanced,-0.75,6,1,187.5,0.0,-0.1875,0.0,-0.1875,15
38795988,42,840,0|4|0|0|0|1,dispatch_urgent_first,charge_balanced,3.708,7,0,164.6,0.0,0.927,0.0,0.927,15
38795988,43,860,0|4|0|0|0|1,dispatch_urgent_first,charge_balanced,1.346,7,1,132.7,0.927,1.03175,0.927,1.03175,15
38795988,44,880,0|4|1|0|0|1,dispatch_balanced,charge_balanced,-9.572,5,4,128.6,0.0,-2.393,0.0,-2.393,15
38795988,45,900,0|3|1|0|0|2,dispatch_bundle_first,charge_balanced,-6.796,3,2,189.8,0.0,-1.699,0.0,-1.699,15
38795988,46,920,0|4|1|0|0|2,dispatch_balanced,charge_balanced,-2.262,7,2,163.1,0.0,-0.5655,0.0,-0.5655,15
38795988,47,940,0|4|1|0|0|2,dispatch_bundle_first,charge_task_first,-0.22,6,1,161.0,0.0,-0.055,0.0,-0.055,15
38795988,48,960,0|4|1|0|0|2,dispatch_bundle_first,charge_proactive,-10.77,5,4,188.5,-0.055,-2.73375,0.0,-2.6925,15
38795988,49,980,0|1|1|0|0|2,dispatch_balanced,charge_balanced,-1.558,6,1,227.9,0.0,-0.3895,0.0,-0.3895,15
38795988,50,1000,0|3|1|0|0|2,dispatch_balanced,charge_balanced,0.99,8,1,200.5,0.0,0.2475,-1.699,-1.02675,15
38795988,51,1020,0|3|1|0|0|2,dispatch_balanced,charge_proactive,0.518,4,0,174.1,0.2475,0.367719,0.0,0.1295,15
38795988,52,1040,0|3|1|0|0|2,dispatch_urgent_first,charge_proactive,-5.906,4,2,195.3,0.0,-1.4765,0.1295,-1.379375,15
38795988,53,1060,0|1|0|0|0|2,dispatch_balanced,charge_balanced,-2.564,10,3,178.2,0.0,-0.641,0.0,-0.641,15
38795988,54,1080,1|2|0|0|0|2,dispatch_urgent_first,charge_proactive,-1.58,4,1,129.0,0.0,-0.395,0.0,-0.395,15
38795988,55,1100,0|2|1|0|0|2,dispatch_energy_safe,charge_proactive,-2.266,10,3,163.3,0.0,-0.5665,0.0,-0.5665,15
38795988,56,1120,1|3|1|0|0|2,dispatch_balanced,charge_balanced,2.05,5,0,147.5,0.0,0.5125,0.0,0.500813,15
38795988,57,1140,0|4|1|0|0|2,dispatch_urgent_first,charge_task_first,-6.068,4,2,203.4,0.0,-1.43886,-0.055,-1.55825,15
38795988,58,1160,0|3|1|0|0|2,dispatch_balanced,charge_task_first,-2.862,10,3,193.1,0.367719,-0.330805,0.0,-0.609077,15
38795988,59,1180,1|3|1|0|0|2,dispatch_balanced,charge_balanced,-4.78,4,2,139.0,0.5125,-0.810625,0.500813,-0.939559,15
38795988,60,1200,0|4|1|0|0|2,dispatch_energy_safe,charge_balanced,-6.778,6,3,188.9,0.0,-1.6945,-0.5655,-2.238794,15
38795988,61,1220,0|4|1|0|0|2,dispatch_balanced,charge_task_first,-1.458,5,1,172.9,-0.5655,-0.908794,-1.55825,-1.864316,15
38795988,62,1240,0|4|1|0|0|2,dispatch_balanced,charge_task_first,-0.176,6,1,158.8,-0.908794,-0.725595,-1.864316,-1.442237,15
38795988,63,1260,0|0|1|0|0|2,dispatch_balanced,charge_task_first,-4.218,2,1,160.9,0.0,-1.0545,0.0,-1.0545,15
38795988,64,1280,0|0|2|0|0|2,dispatch_bundle_first,charge_balanced,1.928,4,0,103.6,0.0,0.482,0.0,0.482,15
run_tag,window_index,tick_end,state,dispatch_action,charge_action,reward,completed_delta,overdue_delta,distance_delta,q_dispatch_before,q_dispatch_after,q_charge_before,q_charge_after,vehicle_count
38795988,1,20,0|0|4|0|4|0,dispatch_urgent_first,charge_task_first,-0.6,0,0,30.0,0.0,-0.15,0.0,-0.15,15
38795988,2,40,0|0|4|0|3|0,dispatch_balanced,charge_task_first,-0.338,2,0,116.9,0.0,-0.0845,0.0,-0.0845,15
38795988,3,60,0|0|4|0|1|0,dispatch_urgent_first,charge_balanced,7.912,12,0,204.4,0.0,1.978,0.0,1.978,15
38795988,4,80,0|0|4|0|0|0,dispatch_energy_safe,charge_proactive,1.286,5,0,185.7,0.0,0.3215,0.0,0.3215,15
38795988,5,100,0|0|4|0|0|0,dispatch_energy_safe,charge_proactive,0.97,4,0,151.5,0.3215,0.551944,0.3215,0.551944,15
38795988,6,120,0|0|4|0|0|0,dispatch_energy_safe,charge_proactive,6.548,10,0,172.6,0.551944,2.050958,0.551944,2.050958,15
38795988,7,140,0|0|3|0|0|0,dispatch_energy_safe,charge_proactive,0.026,3,0,148.7,0.0,0.0065,0.0,0.0065,15
38795988,8,160,0|0|3|0|1|0,dispatch_bundle_first,charge_proactive,2.396,4,0,80.2,0.0,0.599,0.0,0.599,15
38795988,9,180,0|2|4|0|2|0,dispatch_urgent_first,charge_task_first,0.228,3,0,138.6,0.0,0.184288,0.0,0.184288,15
38795988,10,200,0|0|3|0|1|0,dispatch_bundle_first,charge_proactive,2.862,6,0,156.9,0.599,1.16475,0.599,1.16475,15
38795988,11,220,0|1|3|0|0|0,dispatch_urgent_first,charge_proactive,2.724,7,0,213.8,0.0,0.682381,0.0,0.682381,15
38795988,12,240,0|0|3|0|0|0,dispatch_urgent_first,charge_proactive,2.058,6,0,197.1,0.0,0.515881,0.0065,0.520756,15
38795988,13,260,0|0|3|0|0|0,dispatch_urgent_first,charge_proactive,3.524,8,0,223.8,0.515881,1.267911,0.520756,1.271567,15
38795988,14,280,0|0|2|0|0|0,dispatch_urgent_first,charge_balanced,-0.584,4,0,229.2,0.0,-0.146,0.0,-0.146,15
38795988,15,300,0|0|2|0|0|0,dispatch_balanced,charge_task_first,2.006,5,0,149.7,0.0,0.5015,0.0,0.5015,15
38795988,16,320,0|0|2|0|0|0,dispatch_balanced,charge_task_first,0.416,4,0,179.2,0.5015,0.480125,0.5015,0.480125,15
38795988,17,340,0|1|2|0|0|0,dispatch_energy_safe,charge_task_first,5.786,10,0,210.7,0.0,1.4465,0.0,1.4465,15
38795988,18,360,0|3|2|0|0|0,dispatch_urgent_first,charge_proactive,0.016,4,0,199.2,0.0,0.004,0.0,0.004,15
38795988,19,380,0|2|2|0|0|0,dispatch_energy_safe,charge_balanced,-0.176,7,1,208.8,0.0,-0.044,0.0,-0.044,15
38795988,20,400,0|1|1|0|0|0,dispatch_bundle_first,charge_task_first,3.712,8,0,214.4,0.0,0.928,0.0,0.928,15
38795988,21,420,0|0|1|0|0|0,dispatch_balanced,charge_proactive,2.158,6,0,192.1,0.0,0.5395,0.0,0.5395,15
38795988,22,440,0|0|1|0|0|0,dispatch_balanced,charge_proactive,3.222,7,0,188.9,0.5395,1.210125,0.5395,1.210125,15
38795988,23,460,0|0|1|0|0|1,dispatch_urgent_first,charge_proactive,4.23,8,0,188.5,0.0,1.0575,0.0,1.0575,15
38795988,24,480,0|0|0|0|0|1,dispatch_urgent_first,charge_balanced,2.042,6,0,197.9,0.0,0.5105,0.0,0.5105,15
38795988,25,500,0|3|0|0|0|1,dispatch_urgent_first,charge_task_first,1.56,5,0,172.0,0.0,0.498481,0.0,0.498481,15
38795988,26,520,0|0|0|0|0|1,dispatch_urgent_first,charge_balanced,4.784,8,0,160.8,0.5105,1.803594,0.5105,1.803594,15
38795988,27,540,0|0|1|0|0|1,dispatch_urgent_first,charge_proactive,0.358,3,0,132.1,1.0575,0.882625,1.0575,0.882625,15
38795988,28,560,0|4|1|0|0|1,dispatch_bundle_first,charge_task_first,2.132,4,0,93.4,0.0,0.533,0.0,0.533,15
38795988,29,580,0|0|2|0|0|1,dispatch_balanced,charge_proactive,1.53,4,0,123.5,0.0,0.3825,0.0,0.3825,15
38795988,30,600,0|0|2|0|1|1,dispatch_energy_safe,charge_task_first,3.238,6,0,138.1,0.0,0.890781,0.0,0.890781,15
38795988,31,620,0|0|2|0|0|1,dispatch_balanced,charge_proactive,4.518,7,0,124.1,0.3825,1.605666,0.3825,1.605666,15
38795988,32,640,0|0|2|0|1|1,dispatch_energy_safe,charge_task_first,-3.128,3,1,156.4,0.890781,0.22729,0.890781,0.22729,15
38795988,33,660,0|0|2|0|0|1,dispatch_balanced,charge_proactive,2.648,6,0,167.6,1.605666,1.86625,1.605666,1.86625,15
38795988,34,680,0|4|2|0|0|1,dispatch_bundle_first,charge_task_first,2.65,6,0,167.5,0.0,1.059078,0.0,1.059078,15
38795988,35,700,0|0|2|0|0|1,dispatch_balanced,charge_proactive,-0.844,3,0,192.2,1.86625,1.585265,1.86625,1.585265,15
38795988,36,720,0|0|2|0|0|1,dispatch_balanced,charge_proactive,6.192,10,0,190.4,1.585265,2.962003,1.585265,2.962003,15
38795988,37,740,0|4|2|0|0|1,dispatch_bundle_first,charge_task_first,-3.118,1,0,205.9,1.059078,0.644234,1.059078,0.644234,15
38795988,38,760,0|0|2|0|0|1,dispatch_balanced,charge_balanced,5.856,10,0,207.2,2.962003,3.87306,0.0,1.651558,15
38795988,39,780,0|0|1|0|0|1,dispatch_urgent_first,charge_proactive,1.478,5,0,176.1,0.882625,1.219027,0.882625,1.219027,15
38795988,40,800,0|0|1|0|0|1,dispatch_urgent_first,charge_proactive,4.112,8,0,194.4,1.219027,2.201313,1.219027,2.201313,15
38795988,41,820,0|0|1|0|0|1,dispatch_urgent_first,charge_proactive,1.986,6,0,200.7,2.201313,2.147485,2.201313,2.147485,15
38795988,42,840,0|1|1|0|0|1,dispatch_urgent_first,charge_task_first,1.964,6,0,201.8,0.0,0.491,0.0,0.491,15
38795988,43,860,0|0|1|0|1|1,dispatch_energy_safe,charge_balanced,-0.252,9,2,162.6,0.0,0.393341,0.0,0.393341,15
38795988,44,880,0|0|1|0|0|1,dispatch_urgent_first,charge_proactive,0.28,4,0,186.0,2.147485,1.680614,2.147485,1.680614,15
38795988,45,900,0|0|1|0|0|2,dispatch_balanced,charge_balanced,4.5,8,0,175.0,0.0,1.125,0.0,1.125,15
38795988,46,920,0|2|1|0|0|2,dispatch_bundle_first,charge_balanced,3.958,8,0,202.1,0.0,0.9895,0.0,0.9895,15
38795988,47,940,0|2|0|0|0|2,dispatch_balanced,charge_balanced,4.742,8,0,162.9,0.0,1.1855,0.0,1.1855,15
38795988,48,960,0|4|0|0|0|2,dispatch_bundle_first,charge_task_first,0.85,4,0,157.5,0.0,0.451562,0.0,0.451562,15
38795988,49,980,0|0|1|0|0|2,dispatch_balanced,charge_task_first,1.428,8,1,178.6,1.125,1.439812,0.0,0.596062,15
38795988,50,1000,0|0|1|0|0|2,dispatch_balanced,charge_balanced,0.106,4,0,194.7,1.439812,1.106359,1.125,0.87025,15
38795988,51,1020,0|0|0|0|0|2,dispatch_bundle_first,charge_proactive,3.436,7,0,178.2,0.0,0.859,0.0,0.859,15
38795988,52,1040,0|1|0|0|0|2,dispatch_balanced,charge_balanced,-0.018,6,1,150.9,0.0,-0.0045,0.0,-0.0045,15
38795988,53,1060,0|1|1|0|0|2,dispatch_bundle_first,charge_task_first,3.918,8,0,204.1,0.0,1.162037,0.0,1.162037,15
38795988,54,1080,0|0|0|0|0|2,dispatch_bundle_first,charge_proactive,0.484,4,0,175.8,0.859,0.76525,0.859,0.76525,15
38795988,55,1100,0|3|0|0|0|2,dispatch_urgent_first,charge_balanced,3.614,7,0,169.3,0.0,0.999457,0.0,0.999457,15
38795988,56,1120,0|4|0|0|0|2,dispatch_bundle_first,charge_task_first,0.716,4,0,164.2,0.451562,0.517672,0.451562,0.517672,15
38795988,57,1140,0|4|1|0|0|2,dispatch_bundle_first,charge_proactive,0.072,6,1,146.4,0.0,0.228269,0.0,0.228269,15
38795988,58,1160,0|2|1|0|0|2,dispatch_bundle_first,charge_balanced,-2.446,7,2,172.3,0.9895,0.340894,0.9895,0.340894,15
38795988,59,1180,0|2|1|0|0|2,dispatch_urgent_first,charge_balanced,-3.662,6,2,183.1,0.0,-0.866993,0.340894,-0.611323,15
38795988,60,1200,0|4|1|0|0|2,dispatch_bundle_first,charge_proactive,-1.71,4,1,135.5,0.228269,-0.021197,0.228269,-0.07137,15
38795988,61,1220,0|0|1|0|0|2,dispatch_balanced,charge_balanced,-4.944,4,2,147.2,1.106359,-0.40623,0.87025,-0.583312,15
38795988,62,1240,0|0|2|0|0|2,dispatch_bundle_first,charge_balanced,1.67,4,0,116.5,0.0,0.4175,0.0,0.4175,15
38795988,63,1260,0|0|2|0|2|2,dispatch_urgent_first,charge_balanced,-3.76,0,1,38.0,0.0,-0.94,0.0,-0.94,15
38795988,64,1280,0|0|3|0|2|2,dispatch_bundle_first,charge_proactive,-0.152,0,0,7.6,0.0,-0.038,0.0,-0.038,15
run_tag,window_index,tick_end,state,dispatch_action,charge_action,reward,completed_delta,overdue_delta,distance_delta,q_dispatch_before,q_dispatch_after,q_charge_before,q_charge_after,vehicle_count
38795988,1,20,0|0|4|0|4|0,dispatch_urgent_first,charge_task_first,-1.118,0,0,55.9,0.0,-0.2795,0.0,-0.2795,15
38795988,2,40,0|2|4|0|2|0,dispatch_balanced,charge_task_first,2.93,6,0,153.5,0.0,0.7325,0.0,0.7325,15
38795988,3,60,0|0|4|0|1|0,dispatch_urgent_first,charge_balanced,2.93,7,0,203.5,0.0,0.7325,0.0,0.7325,15
38795988,4,80,0|0|4|0|0|0,dispatch_energy_safe,charge_proactive,2.776,7,0,211.2,0.0,0.694,0.0,0.694,15
38795988,5,100,0|0|3|0|0|0,dispatch_bundle_first,charge_proactive,0.692,5,0,215.4,0.0,0.173,0.0,0.173,15
38795988,6,120,0|0|3|0|0|0,dispatch_bundle_first,charge_proactive,1.442,6,0,227.9,0.173,0.49025,0.173,0.49025,15
38795988,7,140,0|1|2|0|0|0,dispatch_energy_safe,charge_proactive,4.708,9,0,214.6,0.0,1.177,0.0,1.177,15
38795988,8,160,0|3|2|0|0|0,dispatch_bundle_first,charge_proactive,-2.628,5,1,231.4,0.0,-0.657,0.0,-0.657,15
38795988,9,180,0|0|2|0|0|0,dispatch_urgent_first,charge_task_first,2.902,7,0,204.9,0.0,0.7255,0.0,0.7255,15
38795988,10,200,0|0|1|0|0|0,dispatch_urgent_first,charge_balanced,3.794,8,0,210.3,0.0,0.9485,0.0,0.9485,15
38795988,11,220,0|0|1|0|0|0,dispatch_urgent_first,charge_balanced,3.52,8,0,224.0,0.9485,1.591375,0.9485,1.591375,15
38795988,12,240,0|1|0|0|0|0,dispatch_urgent_first,charge_proactive,2.68,6,0,166.0,0.0,0.67,0.0,0.67,15
38795988,13,260,0|0|0|0|0|0,dispatch_bundle_first,charge_proactive,2.928,6,0,153.6,0.0,0.732,0.0,0.732,15
38795988,14,280,0|2|0|0|0|0,dispatch_urgent_first,charge_balanced,-1.37,5,1,168.5,0.0,-0.3425,0.0,-0.3425,15
38795988,15,300,0|3|1|0|0|0,dispatch_balanced,charge_proactive,3.396,7,0,180.2,0.0,0.849,0.0,0.849,15
38795988,16,320,0|3|1|0|0|0,dispatch_balanced,charge_proactive,-4.842,5,2,192.1,0.849,-0.57375,0.849,-0.57375,15
38795988,17,340,0|4|0|0|0|0,dispatch_energy_safe,charge_task_first,2.254,5,0,137.3,0.0,0.5635,0.0,0.5635,15
38795988,18,360,0|2|1|0|0|0,dispatch_urgent_first,charge_proactive,-3.476,6,2,173.8,0.0,-0.530833,0.0,-0.530833,15
38795988,19,380,0|0|1|0|0|0,dispatch_energy_safe,charge_balanced,3.488,7,0,175.6,0.0,0.872,1.591375,2.065531,15
38795988,20,400,0|4|1|0|0|0,dispatch_bundle_first,charge_task_first,2.284,6,0,185.8,0.0,0.713375,0.0,0.713375,15
38795988,21,420,0|1|0|0|0|0,dispatch_urgent_first,charge_proactive,1.314,5,0,184.3,0.67,0.831,0.67,0.831,15
38795988,22,440,0|2|0|0|0|0,dispatch_bundle_first,charge_task_first,2.468,6,0,176.6,0.0,0.617,0.0,0.617,15
38795988,23,460,0|0|0|0|0|1,dispatch_urgent_first,charge_proactive,0.304,7,1,184.8,0.0,0.076,0.0,0.076,15
38795988,24,480,0|4|0|0|0|1,dispatch_urgent_first,charge_balanced,0.628,3,0,118.6,0.0,0.157,0.0,0.157,15
38795988,25,500,0|0|1|0|0|1,dispatch_urgent_first,charge_task_first,0.662,3,0,116.9,0.0,0.1655,0.0,0.1655,15
38795988,26,520,0|0|2|0|0|1,dispatch_energy_safe,charge_balanced,1.288,4,0,135.6,0.0,0.322,0.0,0.322,15
38795988,27,540,0|0|2|0|0|1,dispatch_energy_safe,charge_balanced,-0.044,6,1,152.2,0.322,0.298925,0.322,0.298925,15
38795988,28,560,0|0|2|0|0|1,dispatch_energy_safe,charge_balanced,1.942,6,0,202.9,0.298925,0.773215,0.298925,0.773215,15
38795988,29,580,0|0|2|0|0|1,dispatch_energy_safe,charge_balanced,2.016,6,0,199.2,0.773215,1.083911,0.773215,1.083911,15
38795988,30,600,0|4|1|0|0|1,dispatch_energy_safe,charge_task_first,-0.142,7,1,207.1,0.0,-0.0355,0.0,-0.0355,15
38795988,31,620,0|3|1|0|0|1,dispatch_bundle_first,charge_task_first,-4.798,5,2,189.9,0.0,-1.1995,0.0,-1.1995,15
38795988,32,640,0|1|1|0|0|1,dispatch_urgent_first,charge_task_first,3.652,8,0,217.4,0.0,0.913,0.0,0.913,15
38795988,33,660,0|1|1|0|0|1,dispatch_urgent_first,charge_task_first,4.844,8,0,157.8,0.913,1.9119,0.913,1.9119,15
38795988,34,680,0|0|0|0|0|1,dispatch_urgent_first,charge_proactive,-2.76,3,1,138.0,0.076,-0.597831,0.076,-0.597831,15
38795988,35,700,0|0|1|0|0|1,dispatch_urgent_first,charge_task_first,2.696,6,0,165.2,0.1655,0.833294,0.1655,0.833294,15
38795988,36,720,0|0|1|0|0|1,dispatch_urgent_first,charge_task_first,-2.204,4,1,160.2,0.833294,0.251045,0.833294,0.251045,15
38795988,37,740,0|0|1|0|0|1,dispatch_urgent_first,charge_task_first,5.206,9,0,189.7,0.251045,1.489784,0.251045,1.489784,15
38795988,38,760,0|1|0|0|0|1,dispatch_energy_safe,charge_balanced,-1.03,5,1,151.5,0.0,0.059079,0.0,0.059079,15
38795988,39,780,0|0|1|0|0|1,dispatch_balanced,charge_task_first,0.788,7,1,160.6,0.0,0.197,1.489784,1.314338,15
38795988,40,800,0|3|1|0|0|1,dispatch_balanced,charge_balanced,3.814,7,0,159.3,0.0,0.9535,0.0,0.9535,15
38795988,41,820,0|4|1|0|0|1,dispatch_urgent_first,charge_proactive,-4.114,5,2,155.7,0.0,-1.0285,0.0,-1.0285,15
38795988,42,840,0|4|1|0|0|1,dispatch_bundle_first,charge_balanced,-1.712,5,1,185.6,0.0,-0.428,0.0,-0.428,15
38795988,43,860,0|4|1|0|0|1,dispatch_balanced,charge_task_first,-10.654,8,5,182.7,0.0,-2.6635,-0.0355,-2.697669,15
38795988,44,880,0|4|1|0|0|1,dispatch_energy_safe,charge_balanced,-1.982,4,1,149.1,-0.0355,-0.522125,-0.428,-0.8165,15
38795988,45,900,0|4|1|0|0|2,dispatch_balanced,charge_balanced,1.354,5,0,182.3,0.0,0.3385,0.0,0.3385,15
38795988,46,920,0|1|1|0|0|2,dispatch_bundle_first,charge_balanced,2.652,9,1,167.4,0.0,0.663,0.0,0.663,15
38795988,47,940,0|1|1|0|0|2,dispatch_bundle_first,charge_balanced,0.332,4,0,183.4,0.663,0.58025,0.663,0.58025,15
38795988,48,960,1|1|1|0|0|2,dispatch_bundle_first,charge_task_first,-2.22,7,2,161.0,0.0,-0.555,0.0,-0.555,15
38795988,49,980,1|2|1|0|0|2,dispatch_bundle_first,charge_task_first,-1.292,8,2,164.6,0.0,-0.323,0.0,-0.323,15
38795988,50,1000,0|3|1|0|0|2,dispatch_balanced,charge_balanced,4.418,8,0,179.1,0.0,1.1045,0.0,1.1045,15
38795988,51,1020,0|4|0|0|0|2,dispatch_bundle_first,charge_proactive,-10.622,7,5,131.1,0.0,-2.583569,0.0,-2.583569,15
38795988,52,1040,0|4|1|0|0|2,dispatch_balanced,charge_balanced,-3.53,3,1,176.5,0.3385,-0.628625,0.3385,-0.628625,15
38795988,53,1060,0|2|1|0|0|2,dispatch_bundle_first,charge_task_first,2.124,9,1,193.8,0.0,0.531,0.0,0.531,15
38795988,54,1080,0|2|0|0|0|2,dispatch_balanced,charge_balanced,2.898,6,0,155.1,0.0,0.959206,0.0,0.959206,15
38795988,55,1100,0|3|1|0|0|2,dispatch_balanced,charge_balanced,-3.576,6,2,178.8,1.1045,-0.065625,1.1045,-0.065625,15
38795988,56,1120,0|4|0|0|0|2,dispatch_balanced,charge_balanced,-1.142,5,1,157.1,0.0,-0.2855,0.0,-0.2855,15
38795988,57,1140,0|4|1|0|0|2,dispatch_bundle_first,charge_task_first,1.71,5,0,164.5,0.0,0.540338,0.0,0.540338,15
38795988,58,1160,0|2|1|0|0|2,dispatch_bundle_first,charge_task_first,4.654,8,0,167.3,0.531,1.56175,0.531,1.56175,15
38795988,59,1180,0|0|1|0|0|2,dispatch_urgent_first,charge_balanced,2.068,6,0,196.6,0.0,0.631822,0.0,0.631822,15
38795988,60,1200,0|4|1|0|0|2,dispatch_bundle_first,charge_task_first,-1.442,4,1,122.1,0.540338,0.179015,0.540338,0.179015,15
38795988,61,1220,0|0|1|0|0|2,dispatch_urgent_first,charge_balanced,-0.664,1,0,83.2,0.631822,0.307866,0.631822,0.307866,15
38795988,62,1240,0|0|2|0|0|2,dispatch_bundle_first,charge_balanced,1.05,2,0,47.5,0.0,0.2625,0.0,0.2625,15
38795988,63,1260,0|0|3|0|3|2,dispatch_urgent_first,charge_balanced,-0.812,0,0,40.6,0.0,-0.203,0.0,-0.203,15
38795988,64,1280,0|0|4|0|4|2,dispatch_bundle_first,charge_proactive,-0.102,0,0,5.1,0.0,-0.0255,0.0,-0.0255,15
run_tag,window_index,tick_end,state,dispatch_action,charge_action,reward,completed_delta,overdue_delta,distance_delta,q_dispatch_before,q_dispatch_after,q_charge_before,q_charge_after,vehicle_count
38795988,1,20,0|0|4|0|4|0,dispatch_urgent_first,charge_task_first,-0.914,0,0,45.7,0.0,-0.2285,0.0,-0.2285,15
38795988,2,40,0|0|4|0|2|0,dispatch_balanced,charge_task_first,2.568,6,0,171.6,0.0,0.642,0.0,0.642,15
38795988,3,60,0|0|4|0|0|0,dispatch_urgent_first,charge_balanced,3.986,8,0,200.7,0.0,0.9965,0.0,0.9965,15
38795988,4,80,0|0|4|0|0|0,dispatch_urgent_first,charge_balanced,2.128,6,0,193.6,0.9965,1.279375,0.9965,1.279375,15
38795988,5,100,0|0|3|0|0|0,dispatch_bundle_first,charge_proactive,0.458,4,0,177.1,0.0,0.1145,0.0,0.1145,15
38795988,6,120,0|0|3|0|0|0,dispatch_bundle_first,charge_proactive,3.058,7,0,197.1,0.1145,0.874706,0.1145,0.874706,15
38795988,7,140,0|0|3|0|0|0,dispatch_bundle_first,charge_proactive,1.922,6,0,203.9,0.874706,1.322405,0.874706,1.322405,15
38795988,8,160,0|0|3|0|0|0,dispatch_bundle_first,charge_proactive,-1.286,6,1,214.3,1.322405,0.670304,1.322405,0.670304,15
38795988,9,180,0|0|2|0|0|0,dispatch_urgent_first,charge_task_first,2.732,7,0,213.4,0.0,0.683,0.0,0.683,15
38795988,10,200,0|0|2|0|0|0,dispatch_urgent_first,charge_task_first,2.784,6,0,160.8,0.683,1.353388,0.683,1.353388,15
38795988,11,220,0|0|2|0|0|0,dispatch_urgent_first,charge_task_first,2.112,5,0,144.4,1.353388,1.543041,1.353388,1.543041,15
38795988,12,240,0|4|2|0|1|0,dispatch_urgent_first,charge_proactive,1.174,5,0,191.3,0.0,0.621396,0.0,0.621396,15
38795988,13,260,0|0|2|0|0|0,dispatch_urgent_first,charge_task_first,4.56,9,0,222.0,1.543041,2.29728,1.543041,2.29728,15
38795988,14,280,0|1|1|0|0|0,dispatch_urgent_first,charge_balanced,2.312,6,0,184.4,0.0,0.578,0.0,0.578,15
38795988,15,300,0|0|1|0|0|0,dispatch_balanced,charge_proactive,-0.918,6,1,195.9,0.0,-0.106675,0.0,-0.106675,15
38795988,16,320,0|1|1|0|0|0,dispatch_urgent_first,charge_balanced,4.814,9,0,209.3,0.578,1.637,0.578,1.637,15
38795988,17,340,0|2|1|0|0|0,dispatch_energy_safe,charge_task_first,1.798,5,0,160.1,0.0,0.4495,0.0,0.4495,15
38795988,18,360,1|2|1|0|0|0,dispatch_urgent_first,charge_proactive,-6.288,9,4,164.4,0.0,-1.572,0.0,-1.572,15
38795988,19,380,0|3|1|0|0|0,dispatch_energy_safe,charge_balanced,-3.928,5,2,146.4,0.0,-0.982,0.0,-0.982,15
38795988,20,400,1|3|1|0|0|0,dispatch_bundle_first,charge_task_first,-3.892,6,2,194.6,0.0,-0.973,0.0,-0.973,15
38795988,21,420,0|4|1|0|0|0,dispatch_balanced,charge_proactive,-10.686,5,4,184.3,0.0,-2.6715,0.0,-2.6715,15
38795988,22,440,0|4|1|0|0|0,dispatch_bundle_first,charge_task_first,1.39,5,0,180.5,0.0,0.3475,0.0,0.3475,15
38795988,23,460,0|3|1|0|0|1,dispatch_urgent_first,charge_proactive,3.196,10,1,190.2,0.0,0.799,0.0,0.799,15
38795988,24,480,0|3|0|0|0|1,dispatch_urgent_first,charge_balanced,-2.232,2,0,211.6,0.0,-0.558,0.0,-0.558,15
38795988,25,500,0|4|0|0|0|1,dispatch_urgent_first,charge_task_first,1.81,8,1,159.5,0.0,0.4525,0.0,0.4525,15
38795988,26,520,0|4|0|0|0|1,dispatch_urgent_first,charge_task_first,2.428,6,0,178.6,0.4525,1.042531,0.4525,1.042531,15
38795988,27,540,0|4|0|0|0|1,dispatch_urgent_first,charge_task_first,1.34,5,0,183.0,1.042531,1.338436,1.042531,1.338436,15
38795988,28,560,0|4|0|0|0|1,dispatch_urgent_first,charge_task_first,1.432,8,1,178.4,1.338436,1.646245,1.338436,1.646245,15
38795988,29,580,0|4|0|0|0|1,dispatch_urgent_first,charge_task_first,2.486,6,0,175.7,1.646245,2.206011,1.646245,2.206011,15
38795988,30,600,0|4|0|0|0|1,dispatch_urgent_first,charge_task_first,-1.886,5,1,194.3,2.206011,1.651785,2.206011,1.651785,15
38795988,31,620,0|4|0|0|0|1,dispatch_urgent_first,charge_task_first,0.492,7,1,175.4,1.651785,1.712843,1.651785,1.712843,15
38795988,32,640,0|4|0|0|0|1,dispatch_urgent_first,charge_task_first,-0.098,6,1,154.9,1.712843,1.624112,1.712843,1.624112,15
38795988,33,660,0|4|0|0|0|1,dispatch_urgent_first,charge_task_first,2.424,6,0,178.8,1.624112,2.169208,1.624112,2.169208,15
38795988,34,680,0|4|0|0|0|1,dispatch_urgent_first,charge_task_first,2.364,6,0,181.8,2.169208,2.678862,2.169208,2.678862,15
38795988,35,700,0|4|0|0|0|1,dispatch_urgent_first,charge_task_first,2.056,6,0,197.2,2.678862,2.523147,2.678862,2.523147,15
38795988,36,720,0|3|0|0|0|1,dispatch_bundle_first,charge_proactive,2.136,6,0,193.2,0.0,0.534,0.0,0.534,15
38795988,37,740,0|2|0|0|0|1,dispatch_balanced,charge_task_first,1.564,5,0,171.8,0.0,0.927169,0.0,0.927169,15
38795988,38,760,0|4|0|0|0|1,dispatch_urgent_first,charge_task_first,2.184,9,1,190.8,2.523147,2.551835,2.523147,2.551835,15
38795988,39,780,0|3|0|0|0|1,dispatch_balanced,charge_proactive,-4.456,4,2,122.8,0.0,-0.571735,0.534,-0.171235,15
38795988,40,800,0|4|0|0|0|1,dispatch_urgent_first,charge_task_first,-4.57,5,2,178.5,2.551835,1.313641,2.551835,1.313641,15
38795988,41,820,0|4|0|0|0|1,dispatch_urgent_first,charge_task_first,-1.472,8,2,173.6,1.313641,0.730706,1.313641,0.617231,15
38795988,42,840,0|3|0|0|0|1,dispatch_bundle_first,charge_task_first,-8.378,4,3,168.9,0.534,-1.580525,0.0,-2.0945,15
38795988,43,860,0|3|0|0|0|1,dispatch_energy_safe,charge_proactive,1.096,7,1,145.2,0.0,0.274,-0.171235,0.145574,15
38795988,44,880,1|3|1|0|0|1,dispatch_urgent_first,charge_proactive,1.29,7,1,135.5,0.0,0.3225,0.0,0.3225,15
38795988,45,900,0|3|1|0|0|2,dispatch_balanced,charge_balanced,-8.124,4,3,156.2,0.0,-2.031,0.0,-2.031,15
38795988,46,920,0|4|1|0|0|2,dispatch_bundle_first,charge_balanced,2.89,7,0,205.5,0.0,0.7225,0.0,0.7225,15
38795988,47,940,0|3|1|0|0|2,dispatch_energy_safe,charge_task_first,-4.978,5,2,198.9,0.0,-1.2445,0.0,-1.2445,15
38795988,48,960,1|3|1|0|0|2,dispatch_urgent_first,charge_proactive,3.48,7,0,176.0,0.0,1.023531,0.0,1.023531,15
38795988,49,980,0|4|1|0|0|2,dispatch_bundle_first,charge_task_first,-4.306,5,2,165.3,0.7225,-0.381094,0.0,-0.922969,15
38795988,50,1000,0|4|1|0|0|2,dispatch_balanced,charge_balanced,-5.746,4,2,187.3,0.0,-1.4365,0.7225,-0.741094,15
38795988,51,1020,0|4|1|0|0|2,dispatch_bundle_first,charge_proactive,0.23,7,1,188.5,-0.381094,-0.22832,0.0,0.0575,15
38795988,52,1040,0|4|1|0|0|2,dispatch_urgent_first,charge_proactive,3.368,7,0,181.6,0.0,0.842,0.0575,0.897344,15
38795988,53,1060,0|4|1|0|0|2,dispatch_urgent_first,charge_proactive,3.178,6,0,141.1,0.842,1.604925,0.897344,1.658193,15
38795988,54,1080,0|4|1|0|0|2,dispatch_urgent_first,charge_proactive,-3.328,1,0,216.4,1.604925,0.371694,1.658193,0.411645,15
38795988,55,1100,0|3|1|0|0|2,dispatch_urgent_first,charge_proactive,4.846,9,0,207.7,0.0,1.2115,0.0,1.2115,15
38795988,56,1120,0|4|0|0|0|2,dispatch_urgent_first,charge_proactive,1.536,8,1,173.2,0.0,0.384,0.0,0.384,15
38795988,57,1140,0|3|0|0|0|2,dispatch_energy_safe,charge_proactive,-5.826,0,1,141.3,0.0,-1.377515,0.0,-1.369025,15
38795988,58,1160,0|4|1|0|0|2,dispatch_urgent_first,charge_balanced,-0.85,9,2,192.5,0.371694,0.14787,-0.741094,-0.68672,15
38795988,59,1180,0|4|0|0|0|2,dispatch_urgent_first,charge_proactive,3.52,7,0,174.0,0.384,1.199422,0.384,1.255475,15
38795988,60,1200,0|4|1|0|0|2,dispatch_urgent_first,charge_proactive,-2.306,0,0,115.3,0.14787,-0.465597,0.411645,-0.267766,15
38795988,61,1220,0|0|1|0|0|2,dispatch_bundle_first,charge_proactive,0.272,3,0,136.4,0.0,0.068,0.0,0.068,15
38795988,62,1240,0|0|2|0|0|2,dispatch_balanced,charge_balanced,3.35,5,0,82.5,0.0,0.8375,0.0,0.8375,15
38795988,63,1260,0|0|3|0|2|2,dispatch_balanced,charge_task_first,-1.734,0,0,86.7,0.0,-0.4335,0.0,-0.4335,15
38795988,64,1280,0|0|3|0|2|2,dispatch_energy_safe,charge_proactive,-0.46,0,0,23.0,0.0,-0.115,0.0,-0.115,15
run_tag,window_index,tick_end,state,dispatch_action,charge_action,reward,completed_delta,overdue_delta,distance_delta,q_dispatch_before,q_dispatch_after,q_charge_before,q_charge_after,vehicle_count
38795988,1,20,0|0|4|0|4|0,dispatch_urgent_first,charge_task_first,-1.034,0,0,51.7,0.0,-0.2585,0.0,-0.2585,15
38795988,2,40,0|0|4|0|3|0,dispatch_balanced,charge_task_first,2.96,6,0,152.0,0.0,0.74,0.0,0.74,15
38795988,3,60,0|0|4|0|0|0,dispatch_urgent_first,charge_balanced,1.328,6,0,233.6,0.0,0.332,0.0,0.332,15
38795988,4,80,0|0|4|0|0|0,dispatch_urgent_first,charge_balanced,3.298,8,0,235.1,0.332,1.0735,0.332,1.0735,15
38795988,5,100,0|2|3|0|0|0,dispatch_bundle_first,charge_proactive,2.726,7,0,213.7,0.0,0.6815,0.0,0.6815,15
38795988,6,120,0|0|3|0|0|0,dispatch_balanced,charge_balanced,0.53,5,0,223.5,0.0,0.1325,0.0,0.1325,15
38795988,7,140,0|2|2|0|0|0,dispatch_energy_safe,charge_proactive,4.502,9,0,224.9,0.0,1.1255,0.0,1.1255,15
38795988,8,160,0|0|2|0|0|0,dispatch_bundle_first,charge_proactive,1.86,6,0,207.0,0.0,0.465,0.0,0.465,15
38795988,9,180,0|0|1|0|0|0,dispatch_urgent_first,charge_task_first,5.154,9,0,192.3,0.0,1.2885,0.0,1.2885,15
38795988,10,200,0|0|1|0|0|0,dispatch_urgent_first,charge_task_first,0.844,4,0,157.8,1.2885,1.451181,1.2885,1.451181,15
38795988,11,220,0|0|1|0|0|0,dispatch_urgent_first,charge_task_first,3.06,6,0,147.0,1.451181,1.952198,1.451181,1.952198,15
38795988,12,240,0|0|2|0|0|0,dispatch_urgent_first,charge_proactive,3.188,6,0,140.6,0.0,0.895812,0.465,1.244562,15
38795988,13,260,0|0|2|0|0|0,dispatch_urgent_first,charge_proactive,1.284,4,0,135.8,0.895812,0.992859,1.244562,1.254422,15
38795988,14,280,0|0|2|0|1|0,dispatch_urgent_first,charge_balanced,1.368,3,0,81.6,0.0,0.342,0.0,0.342,15
38795988,15,300,0|0|3|0|1|0,dispatch_balanced,charge_proactive,2.546,4,0,72.7,0.0,0.6365,0.0,0.6365,15
38795988,16,320,0|0|3|0|2|0,dispatch_bundle_first,charge_task_first,-0.016,2,0,100.8,0.0,-0.004,0.0,-0.004,15
38795988,17,340,0|0|3|0|2|0,dispatch_urgent_first,charge_balanced,4.206,6,0,89.7,0.0,1.0515,0.0,1.0515,15
38795988,18,360,0|4|3|0|2|0,dispatch_urgent_first,charge_proactive,-0.112,1,0,55.6,0.0,-0.028,0.0,-0.028,15
38795988,19,380,0|0|4|0|2|0,dispatch_energy_safe,charge_balanced,3.274,5,0,86.3,0.0,0.97575,0.0,0.97575,15
38795988,20,400,0|0|4|0|3|0,dispatch_balanced,charge_task_first,0.86,3,0,107.0,0.74,0.993444,0.74,0.993444,15
38795988,21,420,0|0|3|0|2|0,dispatch_urgent_first,charge_balanced,3.514,7,0,174.3,1.0515,1.695281,1.0515,1.695281,15
38795988,22,440,0|0|3|0|0|0,dispatch_balanced,charge_balanced,1.23,5,0,188.5,0.1325,0.406875,0.1325,0.406875,15
38795988,23,460,0|0|3|0|0|1,dispatch_energy_safe,charge_task_first,2.74,7,0,213.0,0.0,0.685,0.0,0.685,15
38795988,24,480,0|0|3|0|0|1,dispatch_energy_safe,charge_task_first,3.752,7,0,162.4,0.685,1.45175,0.685,1.45175,15
38795988,25,500,0|0|3|0|1|1,dispatch_balanced,charge_balanced,0.1,3,0,145.0,0.0,0.333497,0.0,0.333497,15
38795988,26,520,0|0|3|0|0|1,dispatch_energy_safe,charge_task_first,1.674,6,0,216.3,1.45175,1.507313,1.45175,1.507313,15
38795988,27,540,0|0|2|0|0|1,dispatch_bundle_first,charge_task_first,5.62,10,0,219.0,0.0,1.405,0.0,1.405,15
38795988,28,560,0|1|2|0|0|1,dispatch_balanced,charge_proactive,0.85,5,0,207.5,0.0,0.511062,0.0,0.511062,15
38795988,29,580,0|0|2|0|0|1,dispatch_bundle_first,charge_task_first,-3.26,10,3,213.0,1.405,0.23875,1.405,0.23875,15
38795988,30,600,0|1|1|0|0|1,dispatch_bundle_first,charge_task_first,3.164,7,0,191.8,0.0,0.791,0.0,0.791,15
38795988,31,620,0|2|1|0|0|1,dispatch_urgent_first,charge_task_first,-3.878,6,2,193.9,0.0,-0.9695,0.0,-0.9695,15
38795988,32,640,0|4|1|0|0|1,dispatch_bundle_first,charge_proactive,2.93,7,0,203.5,0.0,0.7325,0.0,0.7325,15
38795988,33,660,0|4|1|0|0|1,dispatch_bundle_first,charge_proactive,-0.476,6,1,173.8,0.7325,0.430375,0.7325,0.430375,15
38795988,34,680,0|2|1|0|0|1,dispatch_energy_safe,charge_proactive,-2.586,7,2,179.3,0.0,-0.6465,0.0,-0.6465,15
38795988,35,700,0|3|0|0|0|1,dispatch_urgent_first,charge_proactive,-3.354,6,2,167.7,0.0,-0.747045,0.0,-0.747045,15
38795988,36,720,0|4|1|0|0|1,dispatch_bundle_first,charge_proactive,1.854,5,0,157.3,0.430375,0.786281,0.430375,0.786281,15
38795988,37,740,0|2|1|0|0|1,dispatch_bundle_first,charge_balanced,-10.986,8,5,199.3,0.0,-2.7465,0.0,-2.7465,15
38795988,38,760,0|3|0|0|0|1,dispatch_balanced,charge_balanced,4.36,8,0,182.0,0.0,1.09,0.0,1.09,15
38795988,39,780,1|3|0|0|0|1,dispatch_urgent_first,charge_task_first,-7.032,2,2,151.6,0.0,-1.590915,0.0,-1.590915,15
38795988,40,800,0|4|1|0|0|1,dispatch_bundle_first,charge_proactive,4.832,12,1,208.4,0.786281,1.797711,0.786281,1.797711,15
38795988,41,820,0|4|0|0|0|1,dispatch_bundle_first,charge_proactive,0.778,4,0,161.1,0.0,0.1945,0.0,0.1945,15
38795988,42,840,0|4|0|0|0|1,dispatch_bundle_first,charge_proactive,2.548,6,0,172.6,0.1945,0.782875,0.1945,0.782875,15
38795988,43,860,0|2|0|0|0|1,dispatch_balanced,charge_task_first,1.092,8,1,195.4,0.0,0.504625,0.0,0.504625,15
38795988,44,880,0|3|0|0|0|1,dispatch_balanced,charge_balanced,3.486,7,0,175.7,1.09,1.689,1.09,1.689,15
38795988,45,900,0|4|0|0|0|2,dispatch_urgent_first,charge_task_first,-6.342,5,3,117.1,0.0,-1.5855,0.0,-1.5855,15
38795988,46,920,0|3|1|0|0|2,dispatch_urgent_first,charge_task_first,-1.926,5,1,196.3,0.0,-0.4815,0.0,-0.4815,15
38795988,47,940,0|3|0|0|0|2,dispatch_energy_safe,charge_balanced,3.682,10,1,165.9,0.0,0.9205,0.0,0.9205,15
38795988,48,960,0|4|1|0|0|2,dispatch_bundle_first,charge_task_first,-7.368,2,2,168.4,0.0,-1.842,0.0,-1.842,15
38795988,49,980,0|3|1|0|0|2,dispatch_bundle_first,charge_task_first,-2.52,7,2,176.0,0.0,-0.63,-0.4815,-0.991125,15
38795988,50,1000,0|2|1|0|0|2,dispatch_balanced,charge_balanced,1.152,5,0,192.4,0.0,0.288,0.0,0.288,15
38795988,51,1020,0|2|1|0|0|2,dispatch_bundle_first,charge_balanced,2.41,6,0,179.5,0.0,0.6025,0.288,0.8185,15
38795988,52,1040,0|0|1|0|0|2,dispatch_balanced,charge_balanced,-0.296,6,1,164.8,0.0,-0.074,0.0,-0.074,15
38795988,53,1060,0|1|1|0|0|2,dispatch_bundle_first,charge_task_first,0.962,4,0,151.9,0.0,0.2405,0.0,0.2405,15
38795988,54,1080,0|4|1|0|0|2,dispatch_balanced,charge_balanced,2.194,9,1,190.3,0.0,0.5485,0.0,0.5485,15
38795988,55,1100,0|3|1|0|0|2,dispatch_balanced,charge_balanced,-0.276,3,0,163.8,0.0,0.047556,0.0,0.047556,15
38795988,56,1120,0|4|1|0|0|2,dispatch_balanced,charge_balanced,-7.54,8,4,177.0,0.5485,-1.357069,0.5485,-1.357069,15
38795988,57,1140,0|4|1|0|0|2,dispatch_bundle_first,charge_proactive,-7.16,5,3,158.0,-1.842,-3.161394,0.0,-1.779894,15
38795988,58,1160,0|3|1|0|0|2,dispatch_balanced,charge_balanced,1.496,5,0,175.2,0.047556,0.409667,0.047556,0.12129,15
38795988,59,1180,0|4|1|0|0|2,dispatch_urgent_first,charge_balanced,1.696,8,1,165.2,0.0,0.424,-1.357069,-0.882179,15
38795988,60,1200,0|4|1|0|0|2,dispatch_urgent_first,charge_balanced,0.268,3,0,136.6,0.424,0.4751,-0.882179,-0.782097,15
38795988,61,1220,0|4|1|0|0|2,dispatch_urgent_first,charge_balanced,-4.622,4,2,131.1,0.4751,-0.799175,-0.782097,-1.742073,15
38795988,62,1240,0|0|2|0|0|2,dispatch_bundle_first,charge_balanced,-1.468,4,1,123.4,0.0,-0.367,0.0,-0.367,15
38795988,63,1260,0|0|3|0|1|2,dispatch_urgent_first,charge_balanced,-1.542,0,0,77.1,0.0,-0.3855,0.0,-0.3855,15
38795988,64,1280,0|0|3|0|1|2,dispatch_energy_safe,charge_task_first,-1.906,2,1,45.3,0.0,-0.4765,0.0,-0.4765,15
run_tag,window_index,tick_end,state,dispatch_action,charge_action,reward,completed_delta,overdue_delta,distance_delta,q_dispatch_before,q_dispatch_after,q_charge_before,q_charge_after,vehicle_count
38795988,1,20,0|0|4|0|4|0,dispatch_urgent_first,charge_task_first,-0.506,0,0,25.3,0.0,-0.1265,0.0,-0.1265,15
38795988,2,40,0|0|4|0|3|0,dispatch_balanced,charge_task_first,2.492,5,0,125.4,0.0,0.623,0.0,0.623,15
38795988,3,60,0|0|4|0|1|0,dispatch_urgent_first,charge_balanced,2.18,6,0,191.0,0.0,0.545,0.0,0.545,15
38795988,4,80,0|0|4|0|0|0,dispatch_energy_safe,charge_proactive,3.73,8,0,213.5,0.0,0.9325,0.0,0.9325,15
38795988,5,100,0|0|3|0|0|0,dispatch_bundle_first,charge_proactive,-0.334,3,0,166.7,0.0,-0.0835,0.0,-0.0835,15
38795988,6,120,0|0|3|0|0|0,dispatch_balanced,charge_balanced,2.586,6,0,170.7,0.0,0.6465,0.0,0.6465,15
38795988,7,140,0|0|3|0|0|0,dispatch_balanced,charge_proactive,0.672,5,0,216.4,0.6465,0.790256,-0.0835,0.242756,15
38795988,8,160,0|0|3|0|0|0,dispatch_balanced,charge_balanced,2.562,7,0,221.9,0.790256,1.233192,0.6465,1.125375,15
38795988,9,180,0|0|2|0|0|0,dispatch_urgent_first,charge_task_first,4.538,9,0,223.1,0.0,1.1345,0.0,1.1345,15
38795988,10,200,0|0|2|0|0|0,dispatch_urgent_first,charge_task_first,0.158,7,1,192.1,1.1345,1.131456,1.1345,1.131456,15
38795988,11,220,0|0|2|0|0|0,dispatch_urgent_first,charge_task_first,2.712,6,0,164.4,1.131456,1.767027,1.131456,1.767027,15
38795988,12,240,0|0|2|0|0|0,dispatch_urgent_first,charge_proactive,2.64,6,0,168.0,1.767027,2.360763,0.0,1.035493,15
38795988,13,260,0|0|2|0|0|0,dispatch_urgent_first,charge_task_first,-0.04,3,0,152.0,2.360763,2.262235,1.767027,1.690763,15
38795988,14,280,0|0|2|0|0|0,dispatch_urgent_first,charge_task_first,2.598,7,0,220.1,2.262235,2.826901,1.690763,2.27686,15
38795988,15,300,0|0|2|0|0|0,dispatch_balanced,charge_task_first,4.814,9,0,209.3,0.0,1.2035,2.27686,2.911145,15
38795988,16,320,0|4|1|0|0|0,dispatch_bundle_first,charge_task_first,-1.676,2,0,183.8,0.0,-0.419,0.0,-0.419,15
38795988,17,340,0|0|1|0|0|0,dispatch_energy_safe,charge_task_first,3.816,8,0,209.2,0.0,0.954,0.0,0.954,15
38795988,18,360,0|0|1|0|0|0,dispatch_urgent_first,charge_task_first,3.96,8,0,202.0,0.0,0.99,0.954,1.7055,15
38795988,19,380,0|4|1|0|0|0,dispatch_energy_safe,charge_balanced,-1.106,2,0,155.3,0.0,-0.066125,0.0,0.085919,15
38795988,20,400,0|0|1|0|0|0,dispatch_urgent_first,charge_task_first,2.918,6,0,154.1,0.99,1.682375,1.7055,2.371044,15
38795988,21,420,0|0|1|0|0|0,dispatch_urgent_first,charge_task_first,1.132,5,0,193.4,1.682375,1.544781,2.371044,2.061283,15
38795988,22,440,0|3|1|0|0|0,dispatch_bundle_first,charge_balanced,4.812,9,0,209.4,0.0,1.203,0.0,1.203,15
38795988,23,460,0|1|1|0|0|1,dispatch_energy_safe,charge_task_first,-7.36,6,3,218.0,0.0,-1.84,0.0,-1.84,15
38795988,24,480,0|2|1|0|0|1,dispatch_urgent_first,charge_balanced,0.532,10,2,173.4,0.0,0.133,0.0,0.133,15
38795988,25,500,0|3|1|0|0|1,dispatch_balanced,charge_balanced,2.442,6,0,177.9,0.0,0.638762,0.0,0.638762,15
38795988,26,520,0|2|1|0|0|1,dispatch_urgent_first,charge_balanced,-7.974,5,3,198.7,0.133,-1.89375,0.133,-1.89375,15
38795988,27,540,0|3|0|0|0|1,dispatch_bundle_first,charge_task_first,-0.9,9,2,195.0,0.0,-0.225,0.0,-0.225,15
38795988,28,560,0|4|0|0|0|1,dispatch_balanced,charge_proactive,2.448,6,0,177.6,0.0,0.612,0.0,0.612,15
38795988,29,580,0|4|0|0|0|1,dispatch_balanced,charge_proactive,-4.778,5,2,188.9,0.612,-0.7355,0.612,-0.7355,15
38795988,30,600,1|3|0|0|0|1,dispatch_bundle_first,charge_task_first,-3.78,9,3,189.0,0.0,-0.945,0.0,-0.945,15
38795988,31,620,1|3|0|0|0|1,dispatch_urgent_first,charge_proactive,-4.318,7,3,115.9,0.0,-1.0795,0.0,-1.0795,15
38795988,32,640,1|4|0|0|0|1,dispatch_bundle_first,charge_balanced,-4.668,7,3,133.4,0.0,-1.167,0.0,-1.167,15
38795988,33,660,1|4|1|0|0|1,dispatch_bundle_first,charge_task_first,0.694,4,0,165.3,0.0,0.1735,0.0,0.1735,15
38795988,34,680,1|4|1|0|0|1,dispatch_bundle_first,charge_task_first,-5.74,4,2,187.0,0.1735,-1.268006,0.1735,-1.268006,15
38795988,35,700,1|4|1|0|0|1,dispatch_urgent_first,charge_balanced,-1.728,8,2,186.4,0.0,-0.432,0.0,-0.432,15
38795988,36,720,1|3|1|0|0|1,dispatch_balanced,charge_task_first,2.03,6,0,198.5,0.0,0.5075,0.0,0.5075,15
38795988,37,740,1|3|1|0|0|1,dispatch_balanced,charge_task_first,-0.064,5,1,103.2,0.5075,0.364625,0.5075,0.364625,15
38795988,38,760,1|4|1|0|0|1,dispatch_balanced,charge_proactive,-2.712,4,1,185.6,0.0,-0.678,0.0,-0.678,15
38795988,39,780,1|4|1|0|0|1,dispatch_energy_safe,charge_balanced,2.106,9,1,194.7,0.0,0.5265,-0.432,0.1107,15
38795988,40,800,1|4|1|0|0|1,dispatch_energy_safe,charge_balanced,-7.162,5,3,158.1,0.5265,-1.283744,0.1107,-1.683951,15
38795988,41,820,1|4|1|0|0|1,dispatch_urgent_first,charge_proactive,0.768,4,0,161.6,-0.432,-0.132,-0.678,-0.3165,15
38795988,42,840,0|4|1|0|0|1,dispatch_urgent_first,charge_balanced,-3.968,6,2,198.4,0.0,-1.02005,0.0,-1.059256,15
38795988,43,860,1|4|1|0|0|1,dispatch_urgent_first,charge_proactive,0.972,5,0,201.4,-0.132,0.221483,-0.3165,0.083108,15
38795988,44,880,1|3|1|0|0|1,dispatch_balanced,charge_task_first,-0.398,6,1,169.9,0.364625,0.173969,0.364625,0.173969,15
38795988,45,900,1|3|1|0|0|2,dispatch_bundle_first,charge_balanced,-7.266,6,3,213.3,0.0,-1.8165,0.0,-1.8165,15
38795988,46,920,0|3|1|0|0|2,dispatch_balanced,charge_balanced,3.082,7,0,195.9,0.0,0.7705,0.0,0.7705,15
38795988,47,940,0|4|1|0|0|2,dispatch_bundle_first,charge_task_first,2.504,6,0,174.8,0.0,0.789731,0.0,0.789731,15
38795988,48,960,0|3|1|0|0|2,dispatch_balanced,charge_task_first,-5.498,6,3,124.9,0.7705,-0.628807,0.0,-1.206682,15
38795988,49,980,0|4|1|0|0|2,dispatch_bundle_first,charge_task_first,-5.9,3,2,145.0,0.789731,-0.714884,0.789731,-0.714884,15
38795988,50,1000,0|4|1|0|0|2,dispatch_bundle_first,charge_proactive,0.472,5,0,226.4,-0.714884,-0.418163,0.0,0.118,15
38795988,51,1020,0|1|1|0|0|2,dispatch_balanced,charge_balanced,3.742,8,0,212.9,0.0,0.9355,0.0,1.099231,15
38795988,52,1040,0|3|1|0|0|2,dispatch_bundle_first,charge_balanced,-0.632,3,0,181.6,0.0,-0.158,0.7705,0.44495,15
38795988,53,1060,0|4|1|0|0|2,dispatch_urgent_first,charge_proactive,2.412,9,1,179.4,0.0,0.603,0.118,0.716575,15
38795988,54,1080,0|4|1|0|0|2,dispatch_urgent_first,charge_proactive,2.416,6,0,179.2,0.603,1.184387,0.716575,1.293703,15
38795988,55,1100,0|4|1|0|0|2,dispatch_urgent_first,charge_proactive,-9.97,5,4,148.5,1.184387,-1.352527,1.293703,-1.24731,15
38795988,56,1120,0|4|1|0|0|2,dispatch_energy_safe,charge_balanced,0.688,4,0,165.6,0.0,0.172,0.0,0.266552,15
38795988,57,1140,0|3|1|0|0|2,dispatch_urgent_first,charge_balanced,2.142,6,0,192.9,0.0,0.57205,0.44495,0.925855,15
38795988,58,1160,0|4|1|0|0|2,dispatch_energy_safe,charge_balanced,1.504,8,1,174.8,0.172,0.54155,0.266552,0.632556,15
38795988,59,1180,0|4|1|0|0|2,dispatch_energy_safe,charge_balanced,-2.938,4,1,196.9,0.54155,-0.213258,0.632556,-0.125665,15
38795988,60,1200,0|4|1|0|0|2,dispatch_balanced,charge_balanced,-0.646,5,1,132.3,0.0,-0.1615,-0.125665,-0.255749,15
38795988,61,1220,0|0|1|0|0|2,dispatch_balanced,charge_balanced,-4.042,2,1,152.1,0.0,-1.0105,0.0,-1.0105,15
38795988,62,1240,0|0|2|0|0|2,dispatch_balanced,charge_task_first,1.54,3,0,73.0,0.0,0.385,0.0,0.385,15
38795988,63,1260,0|0|3|0|1|2,dispatch_bundle_first,charge_proactive,-1.502,0,0,75.1,0.0,-0.3755,0.0,-0.3755,15
38795988,64,1280,0|0|3|0|2|2,dispatch_energy_safe,charge_task_first,0.274,1,0,36.3,0.0,0.0685,0.0,0.0685,15
run_tag,window_index,tick_end,state,dispatch_action,charge_action,reward,completed_delta,overdue_delta,distance_delta,q_dispatch_before,q_dispatch_after,q_charge_before,q_charge_after,vehicle_count
38795988,1,20,0|0|4|0|4|0,dispatch_urgent_first,charge_task_first,-0.912,0,0,45.6,0.0,-0.228,0.0,-0.228,15
38795988,2,40,0|0|4|0|2|0,dispatch_balanced,charge_task_first,4.494,7,0,125.3,0.0,1.1235,0.0,1.1235,15
38795988,3,60,0|0|4|0|2|0,dispatch_urgent_first,charge_task_first,-0.14,2,0,107.0,0.0,0.203744,1.1235,1.046369,15
38795988,4,80,0|0|4|0|2|0,dispatch_balanced,charge_task_first,1.068,3,0,96.6,1.1235,1.348369,1.046369,1.27413,15
38795988,5,100,0|0|4|0|2|0,dispatch_balanced,charge_proactive,3.042,5,0,97.9,1.348369,2.058305,0.0,1.031253,15
38795988,6,120,0|0|4|0|2|0,dispatch_balanced,charge_task_first,-0.372,3,0,168.6,2.058305,1.450729,1.27413,0.862597,15
38795988,7,140,0|0|4|0|1|0,dispatch_energy_safe,charge_proactive,5.234,9,0,188.3,0.0,1.3085,0.0,1.3085,15
38795988,8,160,0|0|3|0|0|0,dispatch_bundle_first,charge_proactive,0.384,5,0,230.8,0.0,0.096,0.0,0.096,15
38795988,9,180,0|0|3|0|0|0,dispatch_bundle_first,charge_proactive,3.71,8,0,214.5,0.096,0.9995,0.096,0.9995,15
38795988,10,200,0|0|2|0|0|0,dispatch_urgent_first,charge_task_first,2.648,7,0,217.6,0.0,0.662,0.0,0.662,15
38795988,11,220,0|0|2|0|0|0,dispatch_urgent_first,charge_task_first,6.448,10,0,177.6,0.662,2.249175,0.662,2.249175,15
38795988,12,240,0|0|2|0|0|0,dispatch_urgent_first,charge_proactive,0.734,4,0,163.3,2.249175,2.348331,0.0,0.66145,15
38795988,13,260,0|0|2|0|0|0,dispatch_urgent_first,charge_task_first,1.236,5,0,188.2,2.348331,2.569269,2.249175,2.473831,15
38795988,14,280,0|0|2|0|0|0,dispatch_urgent_first,charge_task_first,7.792,12,0,210.4,2.569269,3.874951,2.473831,3.803373,15
38795988,15,300,0|0|1|0|0|0,dispatch_balanced,charge_proactive,-3.19,7,2,209.5,0.0,-0.7975,0.0,-0.7975,15
38795988,16,320,0|0|1|0|0|0,dispatch_bundle_first,charge_task_first,1.222,5,0,188.9,0.0,0.3055,0.0,0.3055,15
38795988,17,340,0|3|1|0|0|0,dispatch_energy_safe,charge_task_first,6.528,10,0,173.6,0.0,1.632,0.0,1.632,15
38795988,18,360,0|3|1|0|0|0,dispatch_energy_safe,charge_task_first,-8.664,4,3,183.2,1.632,-0.942,1.632,-0.942,15
38795988,19,380,0|1|1|0|0|0,dispatch_energy_safe,charge_balanced,-1.958,8,2,197.9,0.0,-0.4895,0.0,-0.4895,15
38795988,20,400,0|2|1|0|0|0,dispatch_bundle_first,charge_task_first,3.224,7,0,188.8,0.0,0.806,0.0,0.806,15
38795988,21,420,0|3|0|0|0|0,dispatch_balanced,charge_proactive,-3.3,6,2,165.0,0.0,-0.825,0.0,-0.825,15
38795988,22,440,0|3|1|0|0|0,dispatch_urgent_first,charge_proactive,-5.892,4,2,194.6,0.0,-1.473,0.0,-1.473,15
38795988,23,460,0|4|0|0|0|1,dispatch_urgent_first,charge_proactive,-5.54,7,3,177.0,0.0,-1.385,0.0,-1.385,15
38795988,24,480,0|4|0|0|0|1,dispatch_energy_safe,charge_balanced,-2.098,7,2,154.9,0.0,-0.5245,0.0,-0.5245,15
38795988,25,500,0|4|1|0|0|1,dispatch_urgent_first,charge_task_first,-2.412,4,1,170.6,0.0,-0.603,0.0,-0.603,15
38795988,26,520,1|4|1|0|0|1,dispatch_energy_safe,charge_balanced,-4.728,5,2,186.4,0.0,-1.182,0.0,-1.182,15
38795988,27,540,1|4|1|0|0|1,dispatch_bundle_first,charge_proactive,-9.722,9,5,186.1,0.0,-2.4305,0.0,-2.4305,15
38795988,28,560,1|4|1|0|0|1,dispatch_urgent_first,charge_task_first,-0.228,6,1,161.4,0.0,-0.057,0.0,-0.057,15
38795988,29,580,1|4|1|0|0|1,dispatch_balanced,charge_task_first,-0.358,3,0,167.9,0.0,-0.0895,-0.057,-0.13225,15
38795988,30,600,0|4|1|0|0|1,dispatch_energy_safe,charge_proactive,-0.368,10,2,218.4,0.0,-0.104112,0.0,-0.120103,15
38795988,31,620,1|4|1|0|0|1,dispatch_urgent_first,charge_task_first,0.368,4,0,181.6,-0.057,0.037137,-0.13225,-0.035291,15
38795988,32,640,1|4|1|0|0|1,dispatch_urgent_first,charge_task_first,0.084,7,1,195.8,0.037137,0.048853,-0.035291,-0.005468,15
38795988,33,660,0|4|0|0|0|1,dispatch_bundle_first,charge_task_first,0.812,4,0,159.4,0.0,0.203,0.0,0.203,15
38795988,34,680,0|4|1|0|0|1,dispatch_bundle_first,charge_balanced,1.822,5,0,158.9,0.0,0.4555,0.0,0.4555,15
38795988,35,700,0|4|1|0|0|1,dispatch_bundle_first,charge_balanced,3.782,8,0,210.9,0.4555,1.383919,0.4555,1.383919,15
38795988,36,720,0|4|1|0|0|1,dispatch_bundle_first,charge_balanced,-0.95,3,0,197.5,1.383919,0.800439,1.383919,0.800439,15
38795988,37,740,0|3|0|0|0|1,dispatch_balanced,charge_task_first,3.86,7,0,157.0,0.0,0.965,0.0,0.965,15
38795988,38,760,1|4|0|0|0|1,dispatch_energy_safe,charge_balanced,-3.994,8,3,149.7,0.0,-0.9985,0.0,-0.9985,15
38795988,39,780,1|3|1|0|0|1,dispatch_balanced,charge_balanced,-1.078,5,1,153.9,0.0,-0.2695,0.0,-0.2695,15
38795988,40,800,1|3|1|0|0|1,dispatch_urgent_first,charge_proactive,-2.97,7,2,198.5,0.0,-0.732119,0.0,-0.743662,15
38795988,41,820,1|4|1|0|0|1,dispatch_urgent_first,charge_task_first,-0.348,6,1,167.4,0.048853,-0.039979,-0.005468,-0.092263,15
38795988,42,840,1|4|1|0|0|1,dispatch_urgent_first,charge_task_first,-7.422,5,3,171.1,-0.039979,-1.89398,-0.092263,-1.944303,15
38795988,43,860,1|4|1|0|0|1,dispatch_balanced,charge_balanced,-5.682,7,3,184.1,-0.0895,-1.506644,-1.182,-2.558175,15
38795988,44,880,1|4|1|0|0|1,dispatch_energy_safe,charge_task_first,3.426,7,0,178.7,-1.182,-0.03,-1.944303,-0.601727,15
38795988,45,900,1|4|1|0|0|2,dispatch_balanced,charge_balanced,-2.27,7,2,163.5,0.0,-0.5675,0.0,-0.5675,15
38795988,46,920,1|4|1|0|0|2,dispatch_bundle_first,charge_proactive,-0.48,3,0,174.0,0.0,-0.12,0.0,-0.12,15
38795988,47,940,1|4|1|0|0|2,dispatch_urgent_first,charge_task_first,-1.956,8,2,197.8,0.0,-0.489,0.0,-0.489,15
38795988,48,960,1|3|1|0|0|2,dispatch_bundle_first,charge_task_first,-4.396,5,2,169.8,0.0,-1.099,0.0,-1.1245,15
38795988,49,980,1|4|1|0|0|2,dispatch_energy_safe,charge_task_first,0.904,5,0,204.8,0.0,0.226,-0.489,-0.16625,15
38795988,50,1000,1|4|1|0|0|2,dispatch_energy_safe,charge_proactive,0.728,7,1,163.6,0.226,0.399525,-0.12,0.0665,15
38795988,51,1020,1|4|1|0|0|2,dispatch_bundle_first,charge_proactive,-2.208,4,1,160.4,-0.12,-0.557101,0.0665,-0.487994,15
38795988,52,1040,1|4|1|0|0|2,dispatch_energy_safe,charge_task_first,-1.418,5,1,170.9,0.399525,0.030043,-0.16625,-0.514516,15
38795988,53,1060,1|4|1|0|0|2,dispatch_energy_safe,charge_proactive,-2.934,6,2,146.7,0.030043,-0.710968,-0.487994,-1.099495,15
38795988,54,1080,0|4|1|0|0|2,dispatch_urgent_first,charge_balanced,-5.256,1,1,162.8,0.0,-1.314,0.0,-1.314,15
38795988,55,1100,0|4|2|0|0|2,dispatch_balanced,charge_balanced,3.252,7,0,187.4,0.0,0.813,0.0,0.813,15
38795988,56,1120,1|3|1|0|0|2,dispatch_energy_safe,charge_balanced,-2.006,5,1,200.3,0.0,-0.5015,0.0,-0.5015,15
38795988,57,1140,1|3|1|0|0|2,dispatch_bundle_first,charge_proactive,-1.57,3,0,228.5,-1.099,-1.320662,0.0,-0.501835,15
38795988,58,1160,1|4|1|0|0|2,dispatch_urgent_first,charge_task_first,-3.146,6,2,157.3,-0.489,-1.15325,-0.514516,-1.172387,15
38795988,59,1180,0|4|1|0|0|2,dispatch_urgent_first,charge_proactive,0.766,5,0,211.7,-1.314,-0.794,0.0,0.1915,15
38795988,60,1200,0|4|1|0|0|2,dispatch_energy_safe,charge_proactive,3.118,7,0,194.1,0.0,0.7795,0.1915,0.963819,15
38795988,61,1220,0|4|1|0|0|2,dispatch_energy_safe,charge_proactive,-2.286,2,0,214.3,0.7795,0.178769,0.963819,0.356176,15
38795988,62,1240,0|4|1|0|0|2,dispatch_energy_safe,charge_proactive,1.562,5,0,171.9,0.178769,0.524577,0.356176,0.657632,15
38795988,63,1260,0|0|1|0|0|2,dispatch_urgent_first,charge_balanced,0.26,3,0,137.0,0.0,0.065,0.0,0.065,15
38795988,64,1280,0|0|1|0|0|2,dispatch_urgent_first,charge_balanced,-0.56,1,0,78.0,0.065,-0.09125,0.065,-0.09125,15
run_tag,window_index,tick_end,state,dispatch_action,charge_action,reward,completed_delta,overdue_delta,distance_delta,q_dispatch_before,q_dispatch_after,q_charge_before,q_charge_after,vehicle_count
38795988,1,20,0|0|4|0|4|0,dispatch_urgent_first,charge_task_first,-0.414,0,0,20.7,0.0,-0.1035,0.0,-0.1035,15
38795988,2,40,0|0|4|0|3|0,dispatch_balanced,charge_task_first,3.068,4,0,46.6,0.0,0.767,0.0,0.767,15
38795988,3,60,0|0|4|0|3|0,dispatch_urgent_first,charge_task_first,0.114,2,0,94.3,0.0,0.0285,0.767,0.60375,15
38795988,4,80,0|0|4|0|1|0,dispatch_energy_safe,charge_proactive,0.672,5,0,216.4,0.0,0.168,0.0,0.168,15
38795988,5,100,0|0|4|0|0|0,dispatch_bundle_first,charge_proactive,5.59,10,0,220.5,0.0,1.3975,0.0,1.3975,15
38795988,6,120,0|0|3|0|0|0,dispatch_balanced,charge_balanced,0.09,4,0,195.5,0.0,0.0225,0.0,0.0225,15
38795988,7,140,0|0|3|0|0|0,dispatch_balanced,charge_proactive,4.126,8,0,193.7,0.0225,1.053156,0.0,1.036281,15
38795988,8,160,0|0|3|0|0|0,dispatch_balanced,charge_proactive,2.46,7,0,227.0,1.053156,1.404867,1.036281,1.392211,15
38795988,9,180,0|0|2|0|0|0,dispatch_urgent_first,charge_task_first,3.442,8,0,227.9,0.0,0.8605,0.0,0.8605,15
38795988,10,200,0|0|2|0|0|0,dispatch_urgent_first,charge_task_first,1.452,6,0,227.4,0.8605,1.191231,0.8605,1.191231,15
38795988,11,220,0|0|2|0|0|0,dispatch_urgent_first,charge_task_first,3.51,8,0,224.5,1.191231,1.770923,1.191231,1.770923,15
38795988,12,240,0|4|1|0|0|0,dispatch_urgent_first,charge_proactive,1.666,6,0,216.7,0.0,0.4165,0.0,0.4165,15
38795988,13,260,0|0|1|0|0|0,dispatch_bundle_first,charge_proactive,4.932,8,0,153.4,0.0,1.233,0.0,1.233,15
38795988,14,280,0|0|1|0|0|0,dispatch_bundle_first,charge_proactive,-1.352,1,0,117.6,1.233,0.963071,1.233,0.963071,15
38795988,15,300,0|0|2|0|0|0,dispatch_balanced,charge_task_first,3.476,7,0,176.2,0.0,1.245321,1.770923,2.573514,15
38795988,16,320,0|0|2|0|0|0,dispatch_urgent_first,charge_task_first,4.8,9,0,210.0,1.770923,2.732845,2.573514,3.334788,15
38795988,17,340,0|0|1|0|0|0,dispatch_energy_safe,charge_proactive,0.514,4,0,174.3,0.0,0.70923,0.963071,1.559446,15
38795988,18,360,0|0|2|0|0|0,dispatch_urgent_first,charge_proactive,2.278,6,0,186.1,2.732845,2.823787,0.0,0.900882,15
38795988,19,380,0|0|1|0|0|0,dispatch_bundle_first,charge_proactive,3.68,8,0,216.0,0.963071,1.846956,1.559446,2.420967,15
38795988,20,400,0|0|1|0|0|0,dispatch_bundle_first,charge_proactive,5.888,10,0,205.6,1.846956,2.857217,2.420967,3.287725,15
38795988,21,420,0|1|1|0|0|0,dispatch_energy_safe,charge_proactive,1.536,5,0,173.2,0.0,0.991159,0.0,1.082642,15
38795988,22,440,0|0|1|0|0|0,dispatch_bundle_first,charge_proactive,0.392,7,1,180.4,2.857217,2.240913,3.287725,2.563794,15
38795988,23,460,0|0|1|0|0|1,dispatch_urgent_first,charge_balanced,4.738,9,0,213.1,0.0,1.1845,0.0,1.1845,15
38795988,24,480,0|0|0|0|0|1,dispatch_urgent_first,charge_task_first,0.412,4,0,179.4,0.0,0.103,0.0,0.103,15
38795988,25,500,0|0|0|0|0|1,dispatch_urgent_first,charge_task_first,5.462,9,0,176.9,0.103,1.464637,0.103,1.464637,15
38795988,26,520,0|0|0|0|0|1,dispatch_urgent_first,charge_task_first,1.228,4,0,138.6,1.464637,1.657184,1.464637,1.657184,15
38795988,27,540,0|0|1|0|0|1,dispatch_urgent_first,charge_balanced,-1.748,4,1,137.4,1.1845,0.451375,1.1845,0.451375,15
38795988,28,560,0|2|1|0|0|1,dispatch_bundle_first,charge_proactive,2.298,9,1,185.1,0.0,0.5745,0.0,0.5745,15
38795988,29,580,0|1|1|0|0|1,dispatch_energy_safe,charge_task_first,-1.588,5,1,179.4,0.0,-0.397,0.0,-0.397,15
38795988,30,600,0|3|1|0|0|1,dispatch_bundle_first,charge_task_first,-1.186,8,2,159.3,0.0,-0.2965,0.0,-0.2965,15
38795988,31,620,0|4|1|0|0|1,dispatch_urgent_first,charge_task_first,-0.53,3,0,176.5,0.0,-0.010419,0.0,-0.010419,15
38795988,32,640,0|2|1|0|0|1,dispatch_bundle_first,charge_proactive,4.146,8,0,192.7,0.5745,1.589456,0.5745,1.589456,15
38795988,33,660,0|2|1|0|0|1,dispatch_bundle_first,charge_proactive,2.26,6,0,187.0,1.589456,2.094852,1.589456,2.094852,15
38795988,34,680,0|2|1|0|0|1,dispatch_bundle_first,charge_proactive,0.106,7,1,194.7,2.094852,1.597639,2.094852,1.597639,15
38795988,35,700,0|3|1|0|0|1,dispatch_energy_safe,charge_balanced,-4.336,8,3,166.8,0.0,-1.084,0.0,-1.084,15
38795988,36,720,0|4|1|0|0|1,dispatch_energy_safe,charge_proactive,-1.662,8,2,183.1,0.0,-0.4155,0.0,-0.4155,15
38795988,37,740,0|3|1|0|0|1,dispatch_balanced,charge_proactive,0.472,7,1,176.4,0.0,0.118,0.0,0.118,15
38795988,38,760,0|3|1|0|0|1,dispatch_balanced,charge_balanced,-10.254,2,3,162.7,0.118,-2.475,-1.084,-3.3765,15
38795988,39,780,0|4|1|0|0|1,dispatch_balanced,charge_balanced,0.902,8,1,204.9,0.0,0.2255,0.0,0.2255,15
38795988,40,800,0|4|1|0|0|1,dispatch_balanced,charge_balanced,-1.416,5,1,170.8,0.2255,-0.136956,0.2255,-0.136956,15
38795988,41,820,0|4|1|0|0|1,dispatch_bundle_first,charge_task_first,1.278,8,1,186.1,0.0,0.3195,-0.010419,0.309472,15
38795988,42,840,0|4|1|0|0|1,dispatch_bundle_first,charge_task_first,-1.724,5,1,186.2,0.3195,-0.191375,0.309472,-0.198896,15
38795988,43,860,0|4|0|0|0|1,dispatch_balanced,charge_task_first,-3.506,5,2,125.3,0.0,-0.878714,0.0,-0.905603,15
38795988,44,880,0|4|1|0|0|1,dispatch_urgent_first,charge_balanced,-1.186,6,1,209.3,-0.010419,-0.304314,-0.136956,-0.399217,15
38795988,45,900,0|4|1|0|0|2,dispatch_urgent_first,charge_task_first,2.47,6,0,176.5,0.0,0.6175,0.0,0.6175,15
38795988,46,920,0|3|1|0|0|2,dispatch_urgent_first,charge_task_first,4.722,8,0,163.9,0.0,1.311719,0.0,1.311719,15
38795988,47,940,0|4|1|0|0|2,dispatch_urgent_first,charge_task_first,-5.508,4,2,175.4,0.6175,-0.635135,0.6175,-0.635135,15
38795988,48,960,0|3|1|0|0|2,dispatch_urgent_first,charge_task_first,2.27,6,0,186.5,1.311719,1.551289,1.311719,1.551289,15
38795988,49,980,0|4|1|0|0|2,dispatch_bundle_first,charge_balanced,1.538,6,0,223.1,0.0,0.3845,0.0,0.3845,15
38795988,50,1000,1|3|1|0|0|2,dispatch_balanced,charge_balanced,2.5,6,0,175.0,0.0,0.706706,0.0,0.706706,15
38795988,51,1020,0|4|1|0|0|2,dispatch_bundle_first,charge_balanced,1.992,6,0,200.4,0.3845,0.786375,0.3845,0.786375,15
38795988,52,1040,0|3|0|0|0|2,dispatch_bundle_first,charge_task_first,1.362,8,1,181.9,0.0,0.3405,0.0,0.3405,15
38795988,53,1060,0|4|0|0|0|2,dispatch_balanced,charge_balanced,-5.578,4,2,178.9,0.0,-1.227395,0.0,-1.227395,15
38795988,54,1080,0|4|1|0|0|2,dispatch_bundle_first,charge_balanced,0.978,5,0,201.1,0.786375,0.834281,0.786375,0.834281,15
38795988,55,1100,0|4|0|0|0|2,dispatch_urgent_first,charge_proactive,1.268,5,0,186.6,0.0,0.317,0.0,0.317,15
38795988,56,1120,0|4|0|0|0|2,dispatch_bundle_first,charge_proactive,1.794,6,0,210.3,0.0,0.515863,0.317,0.753613,15
38795988,57,1140,0|4|0|0|0|2,dispatch_bundle_first,charge_proactive,-0.542,3,0,177.1,0.515863,0.361018,0.753613,0.589852,15
38795988,58,1160,0|4|0|0|0|2,dispatch_urgent_first,charge_proactive,0.242,7,1,187.9,0.317,0.370606,0.589852,0.575245,15
38795988,59,1180,0|3|0|0|0|2,dispatch_bundle_first,charge_task_first,1.532,5,0,173.4,0.3405,0.81566,0.3405,0.81566,15
38795988,60,1200,0|4|1|0|0|2,dispatch_bundle_first,charge_balanced,0.708,3,0,114.6,0.834281,0.802711,0.834281,0.802711,15
38795988,61,1220,0|0|1|0|0|2,dispatch_bundle_first,charge_balanced,0.89,2,0,55.5,0.0,0.2225,0.0,0.2225,15
38795988,62,1240,0|0|3|0|1|2,dispatch_urgent_first,charge_balanced,-0.77,0,0,38.5,0.0,-0.1925,0.0,-0.1925,15
38795988,63,1260,0|0|3|0|2|2,dispatch_bundle_first,charge_proactive,-0.204,0,0,10.2,0.0,-0.051,0.0,-0.051,15
38795988,64,1280,0|0|4|0|3|2,dispatch_energy_safe,charge_task_first,0.0,0,0,0.0,0.0,0.0,0.0,0.0,15
run_tag,window_index,tick_end,state,dispatch_action,charge_action,reward,completed_delta,overdue_delta,distance_delta,q_dispatch_before,q_dispatch_after,q_charge_before,q_charge_after,vehicle_count
38795988,1,20,0|0|4|0|4|0,dispatch_urgent_first,charge_task_first,-0.47,0,0,23.5,0.0,-0.1175,0.0,-0.1175,15
38795988,2,40,0|0|4|0|4|0,dispatch_balanced,charge_balanced,0.726,2,0,63.7,0.0,0.1815,0.0,0.1815,15
38795988,3,60,0|0|4|0|2|0,dispatch_urgent_first,charge_balanced,2.118,5,0,144.1,0.0,0.5295,0.0,0.5295,15
38795988,4,80,0|0|4|0|1|0,dispatch_energy_safe,charge_proactive,1.652,5,0,167.4,0.0,0.413,0.0,0.413,15
38795988,5,100,0|0|4|0|1|0,dispatch_energy_safe,charge_proactive,0.888,4,0,155.6,0.413,0.619512,0.413,0.619512,15
38795988,6,120,0|0|4|0|1|0,dispatch_energy_safe,charge_proactive,1.052,4,0,147.4,0.619512,0.859281,0.619512,0.859281,15
38795988,7,140,0|0|4|0|1|0,dispatch_energy_safe,charge_proactive,2.054,6,0,197.3,0.859281,1.157961,0.859281,1.157961,15
38795988,8,160,0|1|3|0|0|0,dispatch_bundle_first,charge_proactive,4.724,9,0,213.8,0.0,1.181,0.0,1.181,15
38795988,9,180,0|0|3|0|0|0,dispatch_urgent_first,charge_task_first,4.7,9,0,215.0,0.0,1.175,0.0,1.175,15
38795988,10,200,0|1|2|0|0|0,dispatch_urgent_first,charge_balanced,1.544,6,0,222.8,0.0,0.386,0.0,0.386,15
38795988,11,220,0|0|2|0|0|0,dispatch_urgent_first,charge_proactive,1.54,9,1,223.0,0.0,0.385,0.0,0.385,15
38795988,12,240,0|1|1|0|0|0,dispatch_urgent_first,charge_proactive,0.612,8,1,219.4,0.0,0.153,0.0,0.153,15
38795988,13,260,0|1|1|0|0|0,dispatch_urgent_first,charge_proactive,0.154,7,1,192.3,0.153,0.15325,0.153,0.15325,15
38795988,14,280,0|0|1|0|0|0,dispatch_urgent_first,charge_balanced,0.262,7,1,186.9,0.0,0.0655,0.0,0.0655,15
38795988,15,300,0|3|1|0|0|0,dispatch_balanced,charge_proactive,0.096,7,1,195.2,0.0,0.024,0.0,0.024,15
38795988,16,320,0|2|0|0|0|0,dispatch_bundle_first,charge_task_first,1.312,4,0,134.4,0.0,0.341919,0.0,0.341919,15
38795988,17,340,0|0|1|0|0|0,dispatch_urgent_first,charge_balanced,-3.47,6,2,173.5,0.0655,-0.785809,0.0655,-0.785809,15
38795988,18,360,0|1|1|0|0|0,dispatch_urgent_first,charge_proactive,5.912,10,0,204.4,0.15325,1.665595,0.15325,1.665595,15
38795988,19,380,0|2|0|0|0|0,dispatch_energy_safe,charge_task_first,-2.358,4,1,167.9,0.0,-0.5895,0.341919,-0.333061,15
38795988,20,400,0|2|1|0|0|0,dispatch_bundle_first,charge_task_first,-6.532,6,3,176.6,0.0,-1.633,0.0,-1.633,15
38795988,21,420,1|2|1|0|0|0,dispatch_balanced,charge_proactive,0.518,7,1,174.1,0.0,0.1295,0.0,0.1295,15
38795988,22,440,1|3|1|0|0|0,dispatch_energy_safe,charge_proactive,-3.128,6,2,156.4,0.0,-0.782,0.0,-0.782,15
38795988,23,460,1|3|1|0|0|1,dispatch_urgent_first,charge_proactive,-9.708,2,3,135.4,0.0,-2.427,0.0,-2.427,15
38795988,24,480,1|3|1|0|0|1,dispatch_energy_safe,charge_balanced,-0.286,9,2,164.3,0.0,-0.0715,0.0,-0.0715,15
38795988,25,500,2|2|1|0|0|1,dispatch_urgent_first,charge_task_first,-17.578,6,7,128.9,0.0,-4.3945,0.0,-4.3945,15
38795988,26,520,1|4|1|0|0|1,dispatch_energy_safe,charge_balanced,-2.064,7,2,153.2,0.0,-0.516,0.0,-0.516,15
38795988,27,540,2|4|1|0|0|1,dispatch_urgent_first,charge_balanced,-15.592,6,6,179.6,0.0,-3.898,0.0,-3.898,15
38795988,28,560,2|4|1|0|0|1,dispatch_energy_safe,charge_proactive,-7.638,8,4,181.9,0.0,-1.9095,0.0,-1.9095,15
38795988,29,580,2|4|1|0|0|1,dispatch_bundle_first,charge_task_first,-5.92,7,3,196.0,0.0,-1.48,0.0,-1.48,15
38795988,30,600,2|4|1|0|0|1,dispatch_balanced,charge_task_first,-3.126,7,2,206.3,0.0,-0.7815,-1.48,-2.206,15
38795988,31,620,2|4|1|0|0|1,dispatch_balanced,charge_proactive,-0.854,6,1,192.7,-0.7815,-0.965694,-1.9095,-2.051394,15
38795988,32,640,2|4|1|0|0|1,dispatch_balanced,charge_proactive,-6.152,4,2,207.6,-0.965694,-2.46748,-2.051394,-3.512466,15
38795988,33,660,2|4|1|0|0|1,dispatch_bundle_first,charge_task_first,2.1,12,2,195.0,-1.48,-0.585,-2.206,-1.1295,15
38795988,34,680,2|4|0|0|0|1,dispatch_balanced,charge_proactive,-7.156,2,2,157.8,0.0,-1.913312,0.0,-2.029019,15
38795988,35,700,2|4|1|0|0|1,dispatch_bundle_first,charge_task_first,-0.99,6,1,199.5,-0.585,-0.68625,-1.1295,-1.094625,15
38795988,36,720,2|4|0|0|0|1,dispatch_energy_safe,charge_balanced,2.324,9,1,183.8,0.0,0.581,0.0,0.581,15
38795988,37,740,2|4|0|0|0|1,dispatch_energy_safe,charge_balanced,-11.53,3,4,126.5,0.581,-2.592578,0.581,-2.679358,15
38795988,38,760,2|4|1|0|0|1,dispatch_bundle_first,charge_task_first,-12.05,6,5,152.5,-0.68625,-3.673016,-1.094625,-4.066077,15
38795988,39,780,2|4|1|0|0|1,dispatch_balanced,charge_proactive,2.954,6,0,152.3,-2.46748,-1.517879,-3.512466,-2.642249,15
38795988,40,800,2|4|1|0|0|1,dispatch_balanced,charge_proactive,-4.988,4,2,149.4,-1.517879,-2.707958,-2.642249,-3.790165,15
38795988,41,820,2|4|1|0|0|1,dispatch_energy_safe,charge_proactive,-6.992,5,3,149.6,-1.9095,-3.180125,-3.790165,-4.590623,15
38795988,42,840,2|4|2|0|0|1,dispatch_energy_safe,charge_balanced,3.062,7,0,196.9,0.0,0.190059,0.0,-0.062825,15
38795988,43,860,2|4|1|0|0|1,dispatch_balanced,charge_balanced,-1.6,5,1,180.0,-2.707958,-3.00641,-3.898,-4.151825,15
38795988,44,880,2|4|1|0|0|1,dispatch_balanced,charge_task_first,-0.164,4,0,208.2,-3.00641,-2.295808,-4.066077,-3.090557,15
38795988,45,900,2|4|1|0|0|2,dispatch_balanced,charge_balanced,-1.066,9,2,203.3,0.0,-0.2665,0.0,-0.2665,15
38795988,46,920,2|4|1|0|0|2,dispatch_bundle_first,charge_proactive,-2.404,4,1,170.2,0.0,-0.601,0.0,-0.601,15
38795988,47,940,2|4|1|0|0|2,dispatch_urgent_first,charge_task_first,-3.372,3,1,168.6,0.0,-0.843,0.0,-0.843,15
38795988,48,960,2|4|1|0|0|2,dispatch_energy_safe,charge_balanced,0.992,8,1,200.4,0.0,0.248,-0.2665,0.048125,15
38795988,49,980,1|4|1|0|0|2,dispatch_bundle_first,charge_balanced,-1.104,3,0,205.2,0.0,-0.276,0.0,-0.276,15
38795988,50,1000,1|4|1|0|0|2,dispatch_balanced,charge_proactive,-1.228,6,1,211.4,0.0,-0.307,0.0,-0.307,15
38795988,51,1020,1|4|1|0|0|2,dispatch_urgent_first,charge_balanced,3.15,7,0,192.5,0.0,0.7875,-0.276,0.5805,15
38795988,52,1040,1|4|0|0|0|2,dispatch_bundle_first,charge_task_first,2.084,6,0,195.8,0.0,0.521,0.0,0.521,15
38795988,53,1060,1|4|0|0|0|2,dispatch_bundle_first,charge_task_first,0.76,4,0,162.0,0.521,0.748094,0.521,0.704106,15
38795988,54,1080,1|4|1|0|0|2,dispatch_urgent_first,charge_balanced,2.922,7,0,203.9,0.7875,1.480095,0.5805,1.315498,15
38795988,55,1100,1|4|0|0|0|2,dispatch_bundle_first,charge_task_first,1.15,5,0,192.5,0.748094,1.00754,0.704106,0.965202,15
38795988,56,1120,1|4|0|0|0|2,dispatch_bundle_first,charge_task_first,2.596,6,0,170.2,1.00754,1.404655,0.965202,1.372902,15
38795988,57,1140,0|4|0|0|0|2,dispatch_bundle_first,charge_balanced,1.28,5,0,186.0,0.0,0.32,0.0,0.32,15
38795988,58,1160,0|4|0|0|0|2,dispatch_urgent_first,charge_balanced,0.076,6,1,146.2,0.0,0.019,0.32,0.259,15
38795988,59,1180,0|4|1|0|0|2,dispatch_balanced,charge_proactive,-8.874,4,3,193.7,0.0,-2.2185,0.0,-2.2185,15
38795988,60,1200,0|4|1|0|0|2,dispatch_urgent_first,charge_task_first,0.656,4,0,167.2,0.0,0.164,0.0,0.164,15
38795988,61,1220,0|4|1|0|0|2,dispatch_urgent_first,charge_task_first,-3.474,3,1,173.7,0.164,-0.7455,0.164,-0.7455,15
38795988,62,1240,0|0|1|0|0|2,dispatch_urgent_first,charge_balanced,1.37,5,0,181.5,0.0,0.3425,0.0,0.3425,15
38795988,63,1260,0|0|1|0|0|2,dispatch_urgent_first,charge_balanced,1.632,4,0,118.4,0.3425,0.664875,0.3425,0.664875,15
38795988,64,1280,0|0|2|0|1|2,dispatch_energy_safe,charge_task_first,-1.324,0,0,66.2,0.0,-0.331,0.0,-0.331,15
run_tag,window_index,tick_end,state,dispatch_action,charge_action,reward,completed_delta,overdue_delta,distance_delta,q_dispatch_before,q_dispatch_after,q_charge_before,q_charge_after,vehicle_count
38795988,1,20,0|0|4|0|4|0,dispatch_urgent_first,charge_task_first,1.456,2,0,27.2,0.0,0.364,0.0,0.364,15
38795988,2,40,0|2|4|0|3|0,dispatch_balanced,charge_task_first,0.46,3,0,127.0,0.0,0.115,0.0,0.115,15
38795988,3,60,0|0|4|0|0|0,dispatch_urgent_first,charge_balanced,5.568,9,0,171.6,0.0,1.392,0.0,1.392,15
38795988,4,80,0|0|4|0|1|0,dispatch_energy_safe,charge_proactive,0.118,3,0,144.1,0.0,0.0295,0.0,0.0295,15
38795988,5,100,0|0|4|0|1|0,dispatch_energy_safe,charge_proactive,2.484,5,0,125.8,0.0295,0.649394,0.0295,0.649394,15
38795988,6,120,0|0|4|0|1|0,dispatch_energy_safe,charge_proactive,2.66,5,0,117.0,0.649394,1.152045,0.649394,1.152045,15
38795988,7,140,0|0|4|0|2|0,dispatch_energy_safe,charge_proactive,1.524,4,0,123.8,0.0,0.62581,0.0,0.62581,15
38795988,8,160,0|0|4|0|1|0,dispatch_energy_safe,charge_proactive,4.818,8,0,159.1,1.152045,2.068534,1.152045,2.068534,15
38795988,9,180,0|0|3|0|0|0,dispatch_urgent_first,charge_task_first,2.35,6,0,182.5,0.0,0.5875,0.0,0.5875,15
38795988,10,200,0|0|3|0|0|0,dispatch_urgent_first,charge_task_first,3.2,7,0,190.0,0.5875,1.365469,0.5875,1.365469,15
38795988,11,220,0|0|3|0|0|0,dispatch_urgent_first,charge_task_first,4.45,8,0,177.5,1.365469,2.136602,1.365469,2.136602,15
38795988,12,240,0|4|3|0|1|0,dispatch_urgent_first,charge_proactive,0.83,4,0,158.5,0.0,0.661528,0.0,0.661528,15
38795988,13,260,0|0|3|0|0|0,dispatch_urgent_first,charge_task_first,4.302,7,0,134.9,2.136602,2.677951,2.136602,2.677951,15
38795988,14,280,0|4|3|0|0|0,dispatch_urgent_first,charge_balanced,-0.648,3,0,182.4,0.0,0.407065,0.0,0.407065,15
38795988,15,300,0|0|3|0|0|0,dispatch_balanced,charge_task_first,4.762,9,0,211.9,0.0,1.1905,2.677951,3.198963,15
38795988,16,320,0|0|2|0|0|0,dispatch_bundle_first,charge_task_first,3.884,8,0,205.8,0.0,0.971,0.0,0.971,15
38795988,17,340,0|0|2|0|0|0,dispatch_bundle_first,charge_task_first,3.734,8,0,213.3,0.971,1.66175,0.971,1.66175,15
38795988,18,360,0|0|1|0|0|0,dispatch_urgent_first,charge_proactive,2.292,5,0,135.4,0.0,0.926122,0.0,0.926122,15
38795988,19,380,0|0|2|0|0|0,dispatch_energy_safe,charge_task_first,1.102,5,0,194.9,0.0,0.628622,1.66175,1.874934,15
38795988,20,400,0|0|2|0|0|0,dispatch_bundle_first,charge_task_first,2.658,7,0,217.1,1.66175,2.107613,1.874934,2.267502,15
38795988,21,420,0|0|1|0|0|0,dispatch_urgent_first,charge_proactive,0.656,5,0,217.2,0.926122,0.858591,0.926122,0.858591,15
38795988,22,440,0|1|1|0|0|0,dispatch_bundle_first,charge_balanced,3.864,8,0,206.8,0.0,0.966,0.0,0.966,15
38795988,23,460,0|1|1|0|0|1,dispatch_energy_safe,charge_task_first,0.654,7,1,167.3,0.0,0.1635,0.0,0.1635,15
38795988,24,480,0|3|1|0|0|1,dispatch_urgent_first,charge_balanced,3.276,7,0,186.2,0.0,0.819,0.0,0.819,15
38795988,25,500,0|4|1|0|0|1,dispatch_balanced,charge_balanced,-11.746,4,4,187.3,0.0,-2.9365,0.0,-2.9365,15
38795988,26,520,0|3|0|0|0|1,dispatch_urgent_first,charge_balanced,-3.318,9,3,165.9,0.0,-0.8295,0.0,-0.8295,15
38795988,27,540,0|4|0|0|0|1,dispatch_bundle_first,charge_task_first,-5.368,7,3,168.4,0.0,-1.342,0.0,-1.342,15
38795988,28,560,1|3|0|0|0|1,dispatch_balanced,charge_proactive,0.566,7,1,171.7,0.0,0.1415,0.0,0.1415,15
38795988,29,580,1|3|0|0|0|1,dispatch_balanced,charge_proactive,-3.298,6,2,164.9,0.1415,-0.718375,0.1415,-0.718375,15
38795988,30,600,1|3|1|0|0|1,dispatch_bundle_first,charge_task_first,-3.858,9,3,192.9,0.0,-0.9645,0.0,-0.9645,15
38795988,31,620,1|3|0|0|0|1,dispatch_urgent_first,charge_task_first,-3.01,3,1,150.5,0.0,-0.7525,0.0,-0.7525,15
38795988,32,640,1|4|1|0|0|1,dispatch_bundle_first,charge_balanced,6.56,10,0,172.0,0.0,1.64,0.0,1.64,15
38795988,33,660,1|4|1|0|0|1,dispatch_bundle_first,charge_balanced,-1.588,5,1,179.4,1.64,0.833,1.64,0.833,15
38795988,34,680,1|4|0|0|0|1,dispatch_bundle_first,charge_task_first,-9.408,6,4,170.4,0.0,-2.174987,0.0,-2.174987,15
38795988,35,700,1|4|1|0|0|1,dispatch_bundle_first,charge_balanced,-5.232,7,3,161.6,0.833,-0.506238,0.833,-0.506238,15
38795988,36,720,1|4|1|0|0|1,dispatch_balanced,charge_task_first,-6.788,3,2,189.4,0.0,-1.697,0.0,-1.697,15
38795988,37,740,1|4|1|0|0|1,dispatch_urgent_first,charge_balanced,1.698,11,2,165.1,0.0,0.4245,-0.506238,0.044822,15
38795988,38,760,2|4|1|0|0|1,dispatch_urgent_first,charge_balanced,-7.102,2,2,155.1,0.0,-1.685294,0.0,-1.765975,15
38795988,39,780,1|4|1|0|0|1,dispatch_urgent_first,charge_balanced,-13.928,8,6,196.4,0.4245,-3.073419,0.044822,-3.438859,15
38795988,40,800,1|4|1|0|0|1,dispatch_energy_safe,charge_proactive,-0.828,6,1,191.4,0.0,-0.207,0.0,-0.207,15
38795988,41,820,2|4|0|0|0|1,dispatch_urgent_first,charge_task_first,5.022,8,0,148.9,0.0,1.2555,0.0,1.2555,15
38795988,42,840,2|4|1|0|0|1,dispatch_bundle_first,charge_proactive,-1.938,5,1,196.9,0.0,-0.4845,0.0,-0.4845,15
38795988,43,860,2|4|1|0|0|1,dispatch_balanced,charge_task_first,4.902,9,0,204.9,0.0,1.492294,0.0,1.492294,15
38795988,44,880,2|4|0|0|0|1,dispatch_urgent_first,charge_task_first,-8.49,4,3,174.5,1.2555,-1.180875,1.2555,-1.180875,15
38795988,45,900,1|4|0|0|0|2,dispatch_bundle_first,charge_balanced,-2.624,4,1,181.2,0.0,-0.656,0.0,-0.656,15
38795988,46,920,1|4|0|0|0|2,dispatch_energy_safe,charge_task_first,-4.074,6,2,203.7,0.0,-1.0185,0.0,-1.0185,15
38795988,47,940,1|4|0|0|0|2,dispatch_balanced,charge_proactive,2.832,7,0,208.4,0.0,0.708,0.0,0.708,15
38795988,48,960,1|4|0|0|0|2,dispatch_balanced,charge_task_first,1.246,4,0,137.7,0.708,0.99295,-1.0185,-0.301925,15
38795988,49,980,1|4|0|0|0|2,dispatch_balanced,charge_proactive,-2.58,4,1,179.0,0.99295,0.310714,0.708,0.03645,15
38795988,50,1000,1|4|0|0|0|2,dispatch_bundle_first,charge_proactive,-2.21,8,2,210.5,-0.656,-0.978473,0.03645,-0.517417,15
38795988,51,1020,1|4|0|0|0|2,dispatch_balanced,charge_task_first,1.346,5,0,182.7,0.310714,0.635563,-0.301925,0.045897,15
38795988,52,1040,1|4|0|0|0|2,dispatch_balanced,charge_task_first,-6.24,3,2,162.0,0.635563,-0.948271,0.045897,-1.515824,15
38795988,53,1060,1|4|0|0|0|2,dispatch_urgent_first,charge_proactive,4.18,8,0,191.0,0.0,1.045,-0.517417,0.546986,15
38795988,54,1080,1|4|0|0|0|2,dispatch_urgent_first,charge_proactive,0.18,4,0,191.0,1.045,1.050812,0.546986,0.571474,15
38795988,55,1100,1|4|0|0|0|2,dispatch_urgent_first,charge_proactive,-2.118,4,1,155.9,1.050812,0.258609,0.571474,-0.100894,15
38795988,56,1120,0|4|1|0|0|2,dispatch_energy_safe,charge_proactive,-5.644,4,2,182.2,0.0,-1.411,0.0,-1.411,15
38795988,57,1140,0|4|1|0|0|2,dispatch_balanced,charge_balanced,1.192,6,0,240.4,0.0,0.298,0.0,0.298,15
38795988,58,1160,0|4|0|0|0|2,dispatch_balanced,charge_task_first,2.56,6,0,172.0,0.0,0.64,0.0,0.64,15
38795988,59,1180,0|4|0|0|0|2,dispatch_balanced,charge_task_first,-4.506,2,1,175.3,0.64,-0.5105,0.64,-0.5105,15
38795988,60,1200,0|4|0|0|0|2,dispatch_energy_safe,charge_proactive,-4.11,5,2,155.5,0.0,-0.964175,0.0,-0.964175,15
38795988,61,1220,0|4|1|0|0|2,dispatch_balanced,charge_balanced,-1.844,2,0,192.2,0.298,-0.2375,0.298,-0.2375,15
38795988,62,1240,0|0|1|0|0|2,dispatch_urgent_first,charge_balanced,4.34,7,0,133.0,0.0,1.085,0.0,1.085,15
38795988,63,1260,0|0|1|0|0|2,dispatch_urgent_first,charge_balanced,-2.398,0,0,119.9,1.085,0.21425,1.085,0.21425,15
38795988,64,1280,0|0|2|0|1|2,dispatch_energy_safe,charge_task_first,-0.426,0,0,21.3,0.0,-0.1065,0.0,-0.1065,15
run_tag,window_index,tick_end,state,dispatch_action,charge_action,reward,completed_delta,overdue_delta,distance_delta,q_dispatch_before,q_dispatch_after,q_charge_before,q_charge_after,vehicle_count
38795988,1,20,0|0|4|0|4|0,dispatch_urgent_first,charge_task_first,-0.096,0,0,4.8,0.0,-0.024,0.0,-0.024,15
38795988,2,40,0|0|4|0|4|0,dispatch_balanced,charge_balanced,-0.544,1,0,77.2,0.0,-0.136,0.0,-0.136,15
38795988,3,60,0|0|4|0|2|0,dispatch_urgent_first,charge_balanced,3.394,7,0,180.3,0.0,0.8485,0.0,0.8485,15
38795988,4,80,0|1|4|0|0|0,dispatch_energy_safe,charge_proactive,3.73,8,0,213.5,0.0,0.9325,0.0,0.9325,15
38795988,5,100,0|0|4|0|0|0,dispatch_bundle_first,charge_proactive,2.778,7,0,211.1,0.0,0.6945,0.0,0.6945,15
38795988,6,120,0|0|3|0|0|0,dispatch_balanced,charge_balanced,1.344,6,0,232.8,0.0,0.336,0.0,0.336,15
38795988,7,140,0|0|3|0|0|0,dispatch_balanced,charge_proactive,4.612,9,0,219.4,0.336,1.405,0.0,1.153,15
38795988,8,160,0|1|2|0|0|0,dispatch_bundle_first,charge_proactive,2.744,7,0,212.8,0.0,0.686,0.0,0.686,15
38795988,9,180,0|0|2|0|0|0,dispatch_urgent_first,charge_task_first,1.772,9,1,211.4,0.0,0.443,0.0,0.443,15
38795988,10,200,0|0|1|0|0|0,dispatch_urgent_first,charge_balanced,4.802,9,0,209.9,0.0,1.2005,0.0,1.2005,15
38795988,11,220,0|0|1|0|0|0,dispatch_urgent_first,charge_balanced,-0.016,4,0,200.8,1.2005,0.896375,1.2005,0.896375,15
38795988,12,240,0|4|1|0|0|0,dispatch_urgent_first,charge_proactive,2.236,6,0,188.2,0.0,0.559,0.0,0.559,15
38795988,13,260,0|3|1|0|0|0,dispatch_bundle_first,charge_proactive,-0.378,9,2,168.9,0.0,-0.0945,0.0,-0.0945,15
38795988,14,280,0|4|0|0|0|0,dispatch_urgent_first,charge_balanced,-0.78,8,2,139.0,0.0,-0.076212,0.0,-0.076212,15
38795988,15,300,0|4|1|0|0|0,dispatch_balanced,charge_proactive,-9.078,3,3,153.9,0.0,-2.150713,0.559,-1.731462,15
38795988,16,320,0|4|1|0|0|0,dispatch_urgent_first,charge_task_first,-2.714,7,2,185.7,0.559,-0.25925,0.0,-0.6785,15
38795988,17,340,0|2|1|0|0|0,dispatch_energy_safe,charge_task_first,2.966,7,0,201.7,0.0,0.7415,0.0,0.7415,15
38795988,18,360,0|2|1|0|0|0,dispatch_energy_safe,charge_task_first,-1.444,5,1,172.2,0.7415,0.195125,0.7415,0.195125,15
38795988,19,380,1|2|1|0|0|0,dispatch_energy_safe,charge_balanced,4.59,8,0,170.5,0.0,1.188964,0.0,1.188964,15
38795988,20,400,0|2|1|0|0|0,dispatch_energy_safe,charge_task_first,2.692,6,0,165.4,0.195125,0.819344,0.195125,0.819344,15
38795988,21,420,1|3|1|0|0|0,dispatch_bundle_first,charge_proactive,-5.804,7,3,190.2,0.0,-1.451,0.0,-1.451,15
38795988,22,440,1|3|1|0|0|0,dispatch_urgent_first,charge_balanced,-2.146,4,1,157.3,0.0,-0.5365,0.0,-0.5365,15
38795988,23,460,1|3|1|0|0|1,dispatch_energy_safe,charge_task_first,-8.072,7,4,153.6,0.0,-2.018,0.0,-2.018,15
38795988,24,480,1|4|1|0|0|1,dispatch_urgent_first,charge_balanced,-7.574,5,3,178.7,0.0,-1.8935,0.0,-1.8935,15
38795988,25,500,1|4|1|0|0|1,dispatch_energy_safe,charge_task_first,-4.576,11,4,178.8,0.0,-1.144,0.0,-1.144,15
38795988,26,520,2|4|0|0|0|1,dispatch_balanced,charge_task_first,2.326,5,0,133.7,0.0,0.5815,0.0,0.5815,15
38795988,27,540,1|4|1|0|0|1,dispatch_balanced,charge_proactive,-18.862,5,7,143.1,0.0,-4.7155,0.0,-4.7155,15
38795988,28,560,2|4|1|0|0|1,dispatch_energy_safe,charge_proactive,-10.162,5,4,158.1,0.0,-2.5405,0.0,-2.5405,15
38795988,29,580,2|4|1|0|0|1,dispatch_urgent_first,charge_task_first,-10.48,5,4,174.0,0.0,-2.62,0.0,-2.62,15
38795988,30,600,2|4|1|0|0|1,dispatch_bundle_first,charge_balanced,-3.836,5,2,141.8,0.0,-0.959,0.0,-0.959,15
38795988,31,620,2|4|2|0|0|1,dispatch_balanced,charge_task_first,-0.27,6,1,163.5,0.0,-0.0675,0.0,-0.0675,15
38795988,32,640,2|4|2|0|0|1,dispatch_bundle_first,charge_proactive,-9.744,6,4,187.2,0.0,-2.436,0.0,-2.436,15
38795988,33,660,3|4|1|0|0|1,dispatch_balanced,charge_proactive,-17.428,7,7,171.4,0.0,-4.357,0.0,-4.357,15
38795988,34,680,3|4|1|0|0|1,dispatch_energy_safe,charge_task_first,-4.896,8,3,194.8,0.0,-1.224,0.0,-1.224,15
38795988,35,700,3|4|1|0|0|1,dispatch_urgent_first,charge_balanced,-4.488,5,2,174.4,0.0,-1.122,0.0,-1.122,15
38795988,36,720,3|4|1|0|0|1,dispatch_bundle_first,charge_balanced,-12.16,7,5,208.0,0.0,-3.04,-1.122,-4.119925,15
38795988,37,740,3|4|1|0|0|1,dispatch_urgent_first,charge_task_first,6.104,10,0,194.8,-1.122,0.446075,-1.224,0.3479,15
38795988,38,760,3|4|1|0|0|1,dispatch_balanced,charge_task_first,-6.664,6,3,183.2,-4.357,-4.838959,0.3479,-1.331146,15
38795988,39,780,3|4|1|0|0|1,dispatch_urgent_first,charge_task_first,3.266,7,0,186.7,0.446075,1.151056,-1.331146,-0.18186,15
38795988,40,800,3|4|0|0|0|1,dispatch_bundle_first,charge_task_first,-2.428,4,1,171.4,0.0,-0.607,0.0,-0.607,15
38795988,41,820,3|4|0|0|0|1,dispatch_energy_safe,charge_balanced,2.684,7,0,215.8,0.0,0.794569,0.0,0.794569,15
38795988,42,840,2|4|0|0|0|1,dispatch_balanced,charge_task_first,3.542,7,0,172.9,0.5815,1.445194,0.5815,1.445194,15
38795988,43,860,2|4|0|0|0|1,dispatch_balanced,charge_task_first,-6.684,5,3,134.2,1.445194,-0.587105,1.445194,-0.790892,15
38795988,44,880,2|4|1|0|0|1,dispatch_balanced,charge_balanced,2.592,9,1,170.4,0.0,0.648,-0.959,-0.07125,15
38795988,45,900,2|4|0|0|0|2,dispatch_bundle_first,charge_balanced,-1.776,4,1,138.8,0.0,-0.444,0.0,-0.444,15
38795988,46,920,2|4|1|0|0|2,dispatch_balanced,charge_balanced,-0.772,3,0,188.6,0.0,-0.193,0.0,-0.193,15
38795988,47,940,2|4|1|0|0|2,dispatch_bundle_first,charge_task_first,3.742,8,0,212.9,0.0,0.9355,0.0,0.9355,15
38795988,48,960,2|4|0|0|0|2,dispatch_bundle_first,charge_proactive,3.538,7,0,173.1,-0.444,0.5515,0.0,0.8845,15
38795988,49,980,3|4|0|0|0|2,dispatch_balanced,charge_balanced,0.45,7,1,177.5,0.0,0.1125,0.0,0.1125,15
38795988,50,1000,3|4|0|0|0|2,dispatch_balanced,charge_balanced,-1.476,8,2,173.8,0.1125,-0.167431,0.1125,-0.096669,15
38795988,51,1020,2|4|0|0|0|2,dispatch_bundle_first,charge_proactive,2.462,6,0,176.9,0.5515,1.146319,0.8845,1.466831,15
38795988,52,1040,2|4|0|0|0|2,dispatch_urgent_first,charge_proactive,-6.634,3,2,181.7,0.0,-1.414907,1.466831,-0.246675,15
38795988,53,1060,2|4|0|0|0|2,dispatch_bundle_first,charge_task_first,0.902,7,1,154.9,1.146319,1.085239,0.0,0.2255,15
38795988,54,1080,3|4|0|0|0|2,dispatch_energy_safe,charge_proactive,-0.278,6,1,163.9,0.0,-0.0695,0.0,-0.0695,15
38795988,55,1100,3|4|0|0|0|2,dispatch_bundle_first,charge_task_first,-6.91,5,3,145.5,0.0,-1.7275,0.0,-1.7275,15
38795988,56,1120,3|4|1|0|0|2,dispatch_bundle_first,charge_balanced,-9.468,3,3,173.4,0.0,-2.367,0.0,-2.367,15
38795988,57,1140,3|4|1|0|0|2,dispatch_urgent_first,charge_proactive,1.654,11,2,167.3,0.0,0.4135,0.0,0.4135,15
38795988,58,1160,3|4|1|0|0|2,dispatch_urgent_first,charge_proactive,2.352,5,0,132.4,0.4135,0.898125,0.4135,0.898125,15
38795988,59,1180,4|4|1|0|0|2,dispatch_urgent_first,charge_task_first,-6.228,9,4,161.4,0.0,-1.557,0.0,-1.557,15
38795988,60,1200,4|4|1|0|0|2,dispatch_bundle_first,charge_proactive,-10.322,5,4,166.1,0.0,-2.389648,0.0,-2.389648,15
38795988,61,1220,3|4|1|0|0|2,dispatch_urgent_first,charge_balanced,-5.296,7,3,164.8,0.898125,-0.459555,-2.367,-2.908398,15
38795988,62,1240,3|4|1|0|0|2,dispatch_balanced,charge_proactive,-7.082,3,2,204.1,0.0,-1.7705,0.898125,-0.906055,15
38795988,63,1260,3|4|1|0|0|2,dispatch_energy_safe,charge_task_first,-0.482,6,1,174.1,0.0,0.078294,0.0,0.078294,15
38795988,64,1280,2|4|1|0|0|2,dispatch_bundle_first,charge_task_first,-2.918,4,1,195.9,0.9355,0.170919,0.9355,0.170919,15
run_tag,window_index,tick_end,state,dispatch_action,charge_action,reward,completed_delta,overdue_delta,distance_delta,q_dispatch_before,q_dispatch_after,q_charge_before,q_charge_after,vehicle_count
38795988,1,20,0|0|4|0|4|0,dispatch_urgent_first,charge_task_first,0.686,1,0,15.7,0.0,0.1715,0.0,0.1715,15
38795988,2,40,0|0|4|0|4|0,dispatch_urgent_first,charge_task_first,2.654,4,0,67.3,0.1715,0.792125,0.1715,0.792125,15
38795988,3,60,0|0|4|0|2|0,dispatch_urgent_first,charge_balanced,-1.182,2,0,159.1,0.0,-0.2955,0.0,-0.2955,15
38795988,4,80,0|0|4|0|0|0,dispatch_energy_safe,charge_proactive,5.778,10,0,211.1,0.0,1.4445,0.0,1.4445,15
38795988,5,100,0|1|4|0|0|0,dispatch_bundle_first,charge_proactive,1.684,6,0,215.8,0.0,0.421,0.0,0.421,15
38795988,6,120,0|0|3|0|0|0,dispatch_balanced,charge_balanced,-2.532,5,1,226.6,0.0,-0.633,0.0,-0.633,15
38795988,7,140,0|0|3|0|0|0,dispatch_bundle_first,charge_proactive,2.352,7,0,232.4,0.0,0.588,0.0,0.588,15
38795988,8,160,0|1|2|0|0|0,dispatch_bundle_first,charge_proactive,2.626,7,0,218.7,0.0,0.6565,0.0,0.6565,15
38795988,9,180,0|0|2|0|0|0,dispatch_urgent_first,charge_task_first,-2.58,5,1,229.0,0.0,-0.645,0.0,-0.645,15
38795988,10,200,0|1|1|0|0|0,dispatch_urgent_first,charge_balanced,3.67,8,0,216.5,0.0,0.9175,0.0,0.9175,15
38795988,11,220,0|2|1|0|0|0,dispatch_urgent_first,charge_proactive,-3.418,7,2,220.9,0.0,-0.8545,0.0,-0.8545,15
38795988,12,240,0|2|0|0|0|0,dispatch_urgent_first,charge_proactive,4.818,9,0,209.1,0.0,1.2045,0.0,1.2045,15
38795988,13,260,0|3|0|0|0|0,dispatch_bundle_first,charge_proactive,-1.422,5,1,171.1,0.0,-0.3555,0.0,-0.3555,15
38795988,14,280,0|3|0|0|0|0,dispatch_balanced,charge_balanced,3.658,10,1,167.1,0.0,0.9145,0.0,0.9145,15
38795988,15,300,0|4|0|0|0|0,dispatch_balanced,charge_proactive,-11.234,3,4,111.7,0.0,-2.8085,0.0,-2.8085,15
38795988,16,320,0|4|1|0|0|0,dispatch_bundle_first,charge_task_first,-0.594,6,1,179.7,0.0,-0.1485,0.0,-0.1485,15
38795988,17,340,0|2|1|0|0|0,dispatch_bundle_first,charge_balanced,-0.918,6,1,195.9,0.0,-0.2295,0.0,-0.2295,15
38795988,18,360,1|2|1|0|0|0,dispatch_urgent_first,charge_proactive,-4.564,5,2,178.2,0.0,-1.141,0.0,-1.141,15
38795988,19,380,1|4|1|0|0|0,dispatch_energy_safe,charge_balanced,-0.89,5,1,144.5,0.0,-0.2225,0.0,-0.2225,15
38795988,20,400,0|3|1|0|0|0,dispatch_bundle_first,charge_task_first,-8.536,7,4,176.8,0.0,-2.134,0.0,-2.134,15
38795988,21,420,0|4|1|0|0|0,dispatch_balanced,charge_proactive,-2.614,7,2,180.7,0.0,-0.6535,0.0,-0.6535,15
38795988,22,440,1|4|1|0|0|0,dispatch_urgent_first,charge_task_first,-7.314,5,3,165.7,0.0,-1.8285,0.0,-1.8285,15
38795988,23,460,1|4|1|0|0|1,dispatch_urgent_first,charge_proactive,-6.466,6,3,173.3,0.0,-1.6165,0.0,-1.6165,15
38795988,24,480,0|4|1|0|0|1,dispatch_urgent_first,charge_balanced,0.786,8,1,210.7,0.0,0.1965,0.0,0.1965,15
38795988,25,500,1|3|0|0|0|1,dispatch_urgent_first,charge_task_first,0.318,7,1,184.1,0.0,0.0795,0.0,0.0795,15
38795988,26,520,1|3|0|0|0|1,dispatch_urgent_first,charge_task_first,1.638,8,1,168.1,0.0795,0.486019,0.0795,0.486019,15
38795988,27,540,1|3|0|0|0|1,dispatch_urgent_first,charge_task_first,-1.28,8,2,164.0,0.486019,0.044514,0.486019,0.044514,15
38795988,28,560,1|4|0|0|0|1,dispatch_bundle_first,charge_task_first,-8.334,4,3,166.7,0.0,-2.0835,0.0,-2.0835,15
38795988,29,580,2|4|0|0|0|1,dispatch_balanced,charge_proactive,2.358,8,1,132.1,0.0,0.5895,0.0,0.5895,15
38795988,30,600,2|4|1|0|0|1,dispatch_energy_safe,charge_task_first,-14.92,3,5,146.0,0.0,-3.73,0.0,-3.73,15
38795988,31,620,2|4|1|0|0|1,dispatch_bundle_first,charge_proactive,-12.76,9,6,188.0,0.0,-3.19,0.0,-3.19,15
38795988,32,640,2|4|1|0|0|1,dispatch_urgent_first,charge_balanced,-11.552,7,5,177.6,0.0,-2.888,0.0,-2.888,15
38795988,33,660,3|4|1|0|0|1,dispatch_bundle_first,charge_proactive,-4.38,8,3,169.0,0.0,-1.095,0.0,-1.7087,15
38795988,34,680,2|4|1|0|0|1,dispatch_balanced,charge_balanced,-17.324,4,6,166.2,0.0,-4.331,-2.888,-6.497,15
38795988,35,700,3|4|1|0|0|1,dispatch_energy_safe,charge_task_first,0.986,7,1,150.7,0.0,0.2465,0.0,0.2465,15
38795988,36,720,3|4|1|0|0|1,dispatch_energy_safe,charge_task_first,-9.118,9,5,155.9,0.2465,-2.042244,0.2465,-2.042244,15
38795988,37,740,3|4|1|0|0|1,dispatch_balanced,charge_balanced,-2.026,4,1,151.3,0.0,-1.1202,0.0,-1.184375,15
38795988,38,760,2|4|1|0|0|1,dispatch_urgent_first,charge_proactive,-2.908,4,1,195.4,-2.888,-3.5067,-3.19,-3.797375,15
38795988,39,780,2|4|1|0|0|1,dispatch_balanced,charge_task_first,6.93,11,0,203.5,-4.331,-2.193625,-3.73,-1.857625,15
38795988,40,800,2|4|1|0|0|1,dispatch_balanced,charge_task_first,-1.862,2,0,193.1,-2.193625,-2.110719,-1.857625,-2.110398,15
38795988,41,820,3|4|1|0|0|1,dispatch_urgent_first,charge_balanced,0.17,10,2,191.5,0.0,0.0425,-1.184375,-0.845781,15
38795988,42,840,3|4|0|0|0|1,dispatch_energy_safe,charge_balanced,0.506,7,1,174.7,0.0,0.1265,0.0,0.1265,15
38795988,43,860,3|4|0|0|0|1,dispatch_energy_safe,charge_balanced,-3.34,6,2,167.0,0.1265,-0.713244,0.1265,-0.713244,15
38795988,44,880,3|4|0|0|0|1,dispatch_bundle_first,charge_task_first,-13.904,8,6,195.2,0.0,-3.476,0.0,-3.476,15
38795988,45,900,3|4|0|0|0|2,dispatch_balanced,charge_balanced,-3.516,6,2,175.8,0.0,-0.879,0.0,-0.879,15
38795988,46,920,3|4|0|0|0|2,dispatch_bundle_first,charge_proactive,0.302,7,1,184.9,0.0,0.0755,0.0,0.0755,15
38795988,47,940,3|4|0|0|0|2,dispatch_bundle_first,charge_proactive,-6.418,6,3,170.9,0.0755,-1.531831,0.0755,-1.531831,15
38795988,48,960,3|4|0|0|0|2,dispatch_energy_safe,charge_task_first,1.534,8,1,173.3,0.0,0.3835,0.0,0.3835,15
38795988,49,980,4|4|0|0|0|2,dispatch_bundle_first,charge_balanced,-2.414,7,2,170.7,0.0,-0.522006,0.0,-0.522006,15
38795988,50,1000,3|4|0|0|0|2,dispatch_energy_safe,charge_task_first,-3.482,3,1,174.1,0.3835,-0.501381,0.3835,-0.501381,15
38795988,51,1020,3|4|0|0|0|2,dispatch_urgent_first,charge_balanced,-1.05,5,1,152.5,0.0,-0.2625,-0.879,-0.92175,15
38795988,52,1040,4|4|0|0|0|2,dispatch_urgent_first,charge_proactive,-6.91,9,4,195.5,0.0,-1.7275,0.0,-1.7275,15
38795988,53,1060,4|4|0|0|0|2,dispatch_urgent_first,charge_task_first,-4.088,5,2,154.4,-1.7275,-2.317625,0.0,-1.022,15
38795988,54,1080,4|4|0|0|0|2,dispatch_balanced,charge_balanced,-3.496,6,2,174.8,0.0,-0.874,-0.522006,-1.376431,15
38795988,55,1100,4|4|0|0|0|2,dispatch_energy_safe,charge_proactive,2.066,9,1,196.7,0.0,0.5165,-1.7275,-0.9963,15
38795988,56,1120,4|4|0|0|0|2,dispatch_energy_safe,charge_proactive,-7.618,2,2,180.9,0.5165,-1.407369,-0.9963,-2.863439,15
38795988,57,1140,4|4|0|0|0|2,dispatch_bundle_first,charge_balanced,-1.472,8,2,173.6,-0.522006,-0.870431,-1.376431,-1.617498,15
38795988,58,1160,4|4|0|0|0|2,dispatch_bundle_first,charge_task_first,-1.522,8,2,176.1,-0.870431,-1.21829,-1.022,-1.364175,15
38795988,59,1180,4|4|0|0|0|2,dispatch_balanced,charge_task_first,4.132,8,0,193.4,-0.874,0.191775,-1.364175,-0.280018,15
38795988,60,1200,4|4|0|0|0|2,dispatch_balanced,charge_task_first,0.314,3,0,134.3,0.191775,0.222331,-0.280018,-0.131514,15
38795988,61,1220,3|4|1|0|0|2,dispatch_balanced,charge_balanced,-0.058,4,0,202.9,0.0,-0.070281,0.0,-0.121044,15
38795988,62,1240,3|4|0|0|0|2,dispatch_urgent_first,charge_task_first,3.824,8,0,208.8,-0.2625,0.703344,-0.501381,0.473421,15
38795988,63,1260,3|4|0|0|0|2,dispatch_urgent_first,charge_task_first,-4.346,2,1,167.3,0.703344,-0.558992,0.473421,-0.731435,15
38795988,64,1280,2|4|0|0|0|2,dispatch_balanced,charge_task_first,-1.214,2,0,160.7,0.0,-0.3035,0.0,-0.3035,15
run_tag,window_index,tick_end,state,dispatch_action,charge_action,reward,completed_delta,overdue_delta,distance_delta,q_dispatch_before,q_dispatch_after,q_charge_before,q_charge_after,vehicle_count
38795988,1,20,0|0|4|0|4|0,dispatch_urgent_first,charge_task_first,0.124,2,0,93.8,0.0,0.031,0.0,0.031,15
38795988,2,40,0|0|4|0|1|0,dispatch_balanced,charge_task_first,3.518,7,0,174.1,0.0,0.8795,0.0,0.8795,15
38795988,3,60,0|0|4|0|0|0,dispatch_urgent_first,charge_balanced,1.5,6,0,225.0,0.0,0.375,0.0,0.375,15
38795988,4,80,0|1|3|0|0|0,dispatch_energy_safe,charge_proactive,3.878,8,0,206.1,0.0,0.9695,0.0,0.9695,15
38795988,5,100,0|0|3|0|0|0,dispatch_bundle_first,charge_proactive,5.97,10,0,201.5,0.0,1.4925,0.0,1.4925,15
38795988,6,120,0|0|3|0|0|0,dispatch_bundle_first,charge_proactive,1.658,6,0,217.1,1.4925,1.533875,1.4925,1.533875,15
38795988,7,140,0|0|2|0|0|0,dispatch_energy_safe,charge_proactive,3.298,8,0,235.1,0.0,0.8245,0.0,0.8245,15
38795988,8,160,0|0|2|0|0|0,dispatch_energy_safe,charge_proactive,1.89,6,0,205.5,0.8245,1.090875,0.8245,1.090875,15
38795988,9,180,0|0|1|0|0|0,dispatch_urgent_first,charge_task_first,4.898,9,0,205.1,0.0,1.2245,0.0,1.2245,15
38795988,10,200,0|0|1|0|0|0,dispatch_urgent_first,charge_task_first,2.168,6,0,191.6,1.2245,1.720581,1.2245,1.720581,15
38795988,11,220,0|0|1|0|0|0,dispatch_urgent_first,charge_task_first,6.25,10,0,187.5,1.720581,2.852936,1.720581,2.852936,15
38795988,12,240,0|4|1|0|0|0,dispatch_urgent_first,charge_proactive,0.514,4,0,174.3,0.0,0.734749,0.0,0.734749,15
38795988,13,260,0|0|1|0|0|0,dispatch_urgent_first,charge_task_first,-0.54,6,1,177.0,2.852936,2.004702,2.852936,2.004702,15
38795988,14,280,0|1|1|0|0|0,dispatch_urgent_first,charge_balanced,2.916,7,0,204.2,0.0,0.729,0.0,0.729,15
38795988,15,300,0|3|0|0|0|0,dispatch_balanced,charge_proactive,0.418,7,1,179.1,0.0,0.1045,0.0,0.1045,15
38795988,16,320,0|3|0|0|0|0,dispatch_balanced,charge_proactive,-3.08,6,2,154.0,0.1045,-0.691625,0.1045,-0.691625,15
38795988,17,340,0|4|0|0|0|0,dispatch_energy_safe,charge_task_first,-8.006,5,3,200.3,0.0,-2.0015,0.0,-2.0015,15
38795988,18,360,1|3|0|0|0|0,dispatch_urgent_first,charge_proactive,0.152,10,2,192.4,0.0,0.038,0.0,0.038,15
38795988,19,380,1|3|0|0|0|0,dispatch_energy_safe,charge_proactive,-9.732,5,4,136.6,0.0,-2.433,0.038,-2.4045,15
38795988,20,400,1|4|0|0|0|0,dispatch_bundle_first,charge_task_first,-2.606,7,2,180.3,0.0,-0.6515,0.0,-0.6515,15
38795988,21,420,1|4|0|0|0|0,dispatch_balanced,charge_proactive,-6.41,6,3,170.5,0.0,-1.6025,0.0,-1.6025,15
38795988,22,440,1|4|0|0|0|0,dispatch_energy_safe,charge_balanced,-7.816,4,3,140.8,0.0,-1.954,0.0,-1.954,15
38795988,23,460,1|4|1|0|0|1,dispatch_urgent_first,charge_proactive,-3.664,6,2,183.2,0.0,-0.916,0.0,-0.916,15
38795988,24,480,1|4|1|0|0|1,dispatch_energy_safe,charge_balanced,-1.636,8,2,181.8,0.0,-0.409,0.0,-0.409,15
38795988,25,500,1|4|1|0|0|1,dispatch_balanced,charge_task_first,-1.944,4,1,147.2,0.0,-0.486,0.0,-0.486,15
38795988,26,520,1|4|1|0|0|1,dispatch_bundle_first,charge_balanced,-5.836,4,2,191.8,0.0,-1.459,-0.409,-1.76575,15
38795988,27,540,1|3|1|0|0|1,dispatch_balanced,charge_task_first,2.216,9,1,189.2,0.0,0.554,0.0,0.554,15
38795988,28,560,1|3|1|0|0|1,dispatch_balanced,charge_task_first,-0.446,6,1,172.3,0.554,0.217088,0.554,0.200725,15
38795988,29,580,1|4|1|0|0|1,dispatch_energy_safe,charge_task_first,4.19,7,0,140.5,-0.409,0.653837,-0.486,0.579725,15
38795988,30,600,1|4|1|0|0|1,dispatch_energy_safe,charge_task_first,-14.54,4,5,177.0,0.653837,-3.005681,0.579725,-3.077015,15
38795988,31,620,1|4|1|0|0|1,dispatch_balanced,charge_proactive,-7.13,5,3,156.5,-0.486,-2.250275,-0.916,-2.66415,15
38795988,32,640,1|4|1|0|0|1,dispatch_urgent_first,charge_balanced,-7.65,8,4,182.5,-0.916,-2.79415,-1.76575,-3.612034,15
38795988,33,660,1|4|1|0|0|1,dispatch_bundle_first,charge_proactive,-5.802,4,2,190.1,-1.459,-2.854787,-2.66415,-4.014744,15
38795988,34,680,1|4|1|0|0|1,dispatch_balanced,charge_task_first,6.316,10,0,184.2,-2.250275,-0.108706,-3.077015,-0.728761,15
38795988,35,700,2|4|1|0|0|1,dispatch_bundle_first,charge_task_first,-2.65,4,1,182.5,0.0,-0.6856,0.0,-0.817362,15
38795988,36,720,1|4|1|0|0|1,dispatch_balanced,charge_task_first,0.748,7,1,162.6,-0.108706,0.08237,-0.728761,-0.514432,15
38795988,37,740,1|4|1|0|0|1,dispatch_balanced,charge_task_first,-4.894,4,2,144.7,0.08237,-1.144219,-0.514432,-1.718641,15
38795988,38,760,1|4|1|0|0|1,dispatch_balanced,charge_balanced,-4.666,5,2,183.3,-1.144219,-2.024664,-3.612034,-3.875526,15
38795988,39,780,2|4|1|0|0|1,dispatch_balanced,charge_balanced,2.564,6,0,171.8,0.0,0.641,0.0,0.641,15
38795988,40,800,2|3|1|0|0|1,dispatch_balanced,charge_proactive,-13.292,5,5,164.6,0.0,-3.323,0.0,-3.323,15
38795988,41,820,2|3|1|0|0|1,dispatch_energy_safe,charge_task_first,-3.002,3,1,150.1,0.0,-0.614287,0.0,-0.614287,15
38795988,42,840,2|4|1|0|0|1,dispatch_balanced,charge_balanced,-1.808,8,2,190.4,0.641,0.02875,0.641,0.02875,15
38795988,43,860,3|4|1|0|0|1,dispatch_balanced,charge_task_first,-1.5,5,1,175.0,0.0,-0.375,0.0,-0.375,15
38795988,44,880,3|4|1|0|0|1,dispatch_bundle_first,charge_balanced,-10.578,8,5,178.9,0.0,-2.6445,0.0,-2.6445,15
38795988,45,900,3|4|1|0|0|2,dispatch_urgent_first,charge_task_first,-16.62,8,7,181.0,0.0,-4.155,0.0,-4.155,15
38795988,46,920,3|4|1|0|0|2,dispatch_balanced,charge_balanced,-5.232,4,2,161.6,0.0,-1.308,0.0,-1.308,15
38795988,47,940,3|4|1|0|0|2,dispatch_bundle_first,charge_proactive,0.856,11,2,207.2,0.0,0.214,0.0,0.214,15
38795988,48,960,3|4|1|0|0|2,dispatch_bundle_first,charge_task_first,-8.734,4,3,186.7,0.214,-1.977525,-4.155,-5.254275,15
38795988,49,980,3|4|1|0|0|2,dispatch_energy_safe,charge_proactive,-3.558,9,3,177.9,0.0,-0.8895,0.214,-0.729,15
38795988,50,1000,3|4|0|0|0|2,dispatch_bundle_first,charge_proactive,-12.592,3,4,179.6,0.0,-3.337019,0.0,-3.302913,15
38795988,51,1020,3|4|1|0|0|2,dispatch_energy_safe,charge_proactive,3.912,8,0,204.4,-0.8895,0.310875,-0.729,0.43125,15
38795988,52,1040,3|4|0|0|0|2,dispatch_urgent_first,charge_balanced,-8.472,7,4,173.6,0.0,-2.118,0.0,-2.118,15
38795988,53,1060,3|4|0|0|0|2,dispatch_urgent_first,charge_task_first,-12.582,5,5,129.1,-2.118,-4.667939,0.0,-3.053859,15
38795988,54,1080,3|4|1|0|0|2,dispatch_energy_safe,charge_proactive,-1.134,8,2,156.7,0.310875,0.015717,0.43125,0.131578,15
38795988,55,1100,3|4|1|0|0|2,dispatch_energy_safe,charge_proactive,-2.438,4,1,171.9,0.015717,-0.594372,0.131578,-0.482856,15
38795988,56,1120,3|4|1|0|0|2,dispatch_energy_safe,charge_proactive,-5.222,7,3,161.1,-0.594372,-1.751279,-0.482856,-1.667642,15
38795988,57,1140,4|4|1|0|0|2,dispatch_balanced,charge_balanced,0.44,7,1,178.0,0.0,0.11,0.0,0.11,15
38795988,58,1160,4|4|1|0|0|2,dispatch_balanced,charge_balanced,-5.51,7,3,175.5,0.11,-1.271625,0.11,-1.271625,15
38795988,59,1180,4|4|1|0|0|2,dispatch_bundle_first,charge_proactive,3.19,6,0,140.5,0.0,0.51955,0.0,0.51955,15
38795988,60,1200,3|4|1|0|0|2,dispatch_balanced,charge_balanced,-4.602,5,2,180.1,-1.308,-2.40945,-1.308,-2.40945,15
38795988,61,1220,3|4|1|0|0|2,dispatch_energy_safe,charge_balanced,-8.398,5,3,219.9,-1.751279,-3.785106,-2.40945,-4.260961,15
38795988,62,1240,3|4|1|0|0|2,dispatch_bundle_first,charge_proactive,0.052,7,1,197.4,-1.977525,-1.890368,-1.667642,-1.592105,15
38795988,63,1260,3|4|1|0|0|2,dispatch_bundle_first,charge_proactive,-1.688,2,0,184.4,-1.890368,-1.839776,-1.592105,-1.616079,15
38795988,64,1280,2|4|1|0|0|2,dispatch_balanced,charge_task_first,1.316,5,0,184.2,0.0,0.329,0.0,0.329,15
run_tag,window_index,tick_end,state,dispatch_action,charge_action,reward,completed_delta,overdue_delta,distance_delta,q_dispatch_before,q_dispatch_after,q_charge_before,q_charge_after,vehicle_count
38795988,1,20,0|0|4|0|4|0,dispatch_urgent_first,charge_task_first,-0.332,0,0,16.6,0.0,-0.083,0.0,-0.083,15
38795988,2,40,0|0|4|0|3|0,dispatch_balanced,charge_task_first,1.542,3,0,72.9,0.0,0.3855,0.0,0.3855,15
38795988,3,60,0|0|4|0|1|0,dispatch_urgent_first,charge_balanced,3.072,7,0,196.4,0.0,0.768,0.0,0.768,15
38795988,4,80,0|2|4|0|0|0,dispatch_energy_safe,charge_proactive,3.422,8,0,228.9,0.0,0.8555,0.0,0.8555,15
38795988,5,100,0|0|3|0|0|0,dispatch_bundle_first,charge_proactive,2.826,7,0,208.7,0.0,0.7065,0.0,0.7065,15
38795988,6,120,0|0|3|0|0|0,dispatch_bundle_first,charge_proactive,0.982,5,0,200.9,0.7065,0.925506,0.7065,0.925506,15
38795988,7,140,0|0|3|0|0|0,dispatch_bundle_first,charge_proactive,5.59,10,0,220.5,0.925506,2.09163,0.925506,2.09163,15
38795988,8,160,0|0|2|0|0|0,dispatch_bundle_first,charge_proactive,0.062,4,0,196.9,0.0,0.0155,0.0,0.0155,15
38795988,9,180,0|0|2|0|0|0,dispatch_bundle_first,charge_proactive,1.264,6,0,236.8,0.0155,0.327625,0.0155,0.327625,15
38795988,10,200,0|1|1|0|0|0,dispatch_urgent_first,charge_task_first,4.518,9,0,224.1,0.0,1.1295,0.0,1.1295,15
38795988,11,220,0|3|1|0|0|0,dispatch_urgent_first,charge_proactive,-1.386,6,1,219.3,0.0,-0.3465,0.0,-0.3465,15
38795988,12,240,0|2|1|0|0|0,dispatch_urgent_first,charge_proactive,1.11,8,1,194.5,0.0,0.2775,0.0,0.2775,15
38795988,13,260,0|2|0|0|0|0,dispatch_bundle_first,charge_proactive,-1.866,5,1,193.3,0.0,-0.4665,0.0,-0.4665,15
38795988,14,280,0|2|0|0|0|0,dispatch_balanced,charge_balanced,-0.626,9,2,181.3,0.0,-0.1565,0.0,-0.1565,15
38795988,15,300,0|3|0|0|0|0,dispatch_balanced,charge_proactive,1.36,8,1,182.0,0.0,0.34,0.0,0.34,15
38795988,16,320,0|2|0|0|0|0,dispatch_energy_safe,charge_task_first,-0.022,6,1,151.1,0.0,-0.0055,0.0,-0.0055,15
38795988,17,340,0|2|0|0|0|0,dispatch_energy_safe,charge_task_first,5.206,12,1,189.7,-0.0055,1.369625,-0.0055,1.369625,15
38795988,18,360,0|3|0|0|0|0,dispatch_balanced,charge_proactive,-0.132,3,0,156.6,0.34,0.29425,0.34,0.29425,15
38795988,19,380,0|3|0|0|0|0,dispatch_balanced,charge_proactive,-2.49,7,2,174.5,0.29425,-0.401813,0.29425,-0.401813,15
38795988,20,400,0|4|0|0|0|0,dispatch_balanced,charge_proactive,-1.844,8,2,192.2,0.0,-0.461,0.0,-0.461,15
38795988,21,420,0|4|0|0|0|0,dispatch_bundle_first,charge_task_first,-3.36,6,2,168.0,0.0,-0.84,0.0,-0.84,15
38795988,22,440,0|4|0|0|0|0,dispatch_urgent_first,charge_proactive,-2.756,3,1,137.8,0.0,-0.689,-0.461,-1.03475,15
38795988,23,460,0|3|1|0|0|1,dispatch_urgent_first,charge_balanced,-3.22,7,2,211.0,0.0,-0.805,0.0,-0.805,15
38795988,24,480,0|3|0|0|0|1,dispatch_urgent_first,charge_task_first,-2.662,7,2,183.1,0.0,-0.6655,0.0,-0.6655,15
38795988,25,500,1|3|0|0|0|1,dispatch_energy_safe,charge_balanced,2.042,5,0,147.9,0.0,0.5105,0.0,0.5105,15
38795988,26,520,0|4|1|0|0|1,dispatch_urgent_first,charge_balanced,0.182,4,0,190.9,0.0,0.0455,0.0,0.0455,15
38795988,27,540,0|4|0|0|0|1,dispatch_bundle_first,charge_task_first,1.148,11,2,192.6,0.0,0.287,0.0,0.287,15
38795988,28,560,0|3|0|0|0|1,dispatch_balanced,charge_proactive,-7.94,2,2,197.0,0.0,-1.924012,0.0,-1.924012,15
38795988,29,580,0|4|0|0|0|1,dispatch_bundle_first,charge_task_first,3.828,7,0,158.6,0.287,1.17225,0.287,1.17225,15
38795988,30,600,0|3|0|0|0|1,dispatch_energy_safe,charge_balanced,-3.634,6,2,181.7,0.0,-0.659397,0.0,-0.659397,15
38795988,31,620,0|4|0|0|0|1,dispatch_bundle_first,charge_task_first,5.46,9,0,177.0,1.17225,2.244188,1.17225,2.244188,15
38795988,32,640,0|2|0|0|0|1,dispatch_bundle_first,charge_balanced,-0.378,5,1,118.9,0.0,-0.0945,0.0,-0.0945,15
38795988,33,660,0|3|1|0|0|1,dispatch_bundle_first,charge_task_first,-0.324,6,1,166.2,0.0,-0.081,0.0,-0.081,15
38795988,34,680,0|3|1|0|0|1,dispatch_energy_safe,charge_proactive,-1.444,5,1,172.2,0.0,-0.351331,0.0,-0.351331,15
38795988,35,700,0|4|1|0|0|1,dispatch_urgent_first,charge_balanced,-10.778,5,4,188.9,0.0455,-2.660375,0.0455,-2.660375,15
38795988,36,720,1|3|1|0|0|1,dispatch_balanced,charge_task_first,-3.544,9,3,177.2,0.0,-0.886,0.0,-0.886,15
38795988,37,740,1|3|1|0|0|1,dispatch_bundle_first,charge_balanced,-6.132,6,3,156.6,0.0,-1.533,0.0,-1.533,15
38795988,38,760,1|3|1|0|0|1,dispatch_balanced,charge_proactive,-0.782,6,1,189.1,-0.886,-0.86,0.0,-0.1955,15
38795988,39,780,1|4|1|0|0|1,dispatch_urgent_first,charge_task_first,-2.764,7,2,188.2,0.0,-0.691,0.0,-0.691,15
38795988,40,800,2|4|1|0|0|1,dispatch_balanced,charge_proactive,-1.324,8,2,166.2,0.0,-0.331,0.0,-0.331,15
38795988,41,820,2|4|1|0|0|1,dispatch_energy_safe,charge_task_first,-22.376,5,8,168.8,0.0,-5.594,0.0,-5.594,15
38795988,42,840,2|4|1|0|0|1,dispatch_urgent_first,charge_balanced,-0.432,6,1,171.6,0.0,-0.108,0.0,-0.108,15
38795988,43,860,2|4|1|0|0|1,dispatch_bundle_first,charge_balanced,-7.58,8,4,179.0,0.0,-1.895,-0.108,-1.99895,15
38795988,44,880,2|4|1|0|0|1,dispatch_urgent_first,charge_proactive,-7.112,5,3,155.6,-0.108,-1.859,-0.331,-2.02625,15
38795988,45,900,3|4|1|0|0|2,dispatch_urgent_first,charge_task_first,-8.336,7,4,166.8,0.0,-2.084,0.0,-2.084,15
38795988,46,920,3|4|1|0|0|2,dispatch_balanced,charge_balanced,-7.386,8,4,169.3,0.0,-1.8465,0.0,-1.8465,15
38795988,47,940,3|4|1|0|0|2,dispatch_bundle_first,charge_proactive,-7.23,5,3,161.5,0.0,-1.8075,0.0,-1.8075,15
38795988,48,960,3|4|1|0|0|2,dispatch_energy_safe,charge_task_first,-7.572,8,4,178.6,0.0,-1.893,-2.084,-3.840094,15
38795988,49,980,3|4|1|0|0|2,dispatch_bundle_first,charge_proactive,-3.162,6,2,158.1,-1.8075,-2.530219,-1.8075,-2.530219,15
38795988,50,1000,3|4|1|0|0|2,dispatch_bundle_first,charge_balanced,-3.726,6,2,186.3,-2.530219,-3.221545,-1.8465,-2.708756,15
38795988,51,1020,3|4|1|0|0|2,dispatch_balanced,charge_proactive,-9.806,6,4,190.3,-1.8465,-4.228756,-2.530219,-4.886836,15
38795988,52,1040,3|4|1|0|0|2,dispatch_energy_safe,charge_balanced,-5.466,7,3,173.3,-1.893,-3.188512,-2.708756,-3.973678,15
38795988,53,1060,3|4|1|0|0|2,dispatch_urgent_first,charge_task_first,-8.146,7,4,157.3,-2.084,-4.04235,-3.840094,-5.73259,15
38795988,54,1080,3|4|1|0|0|2,dispatch_energy_safe,charge_balanced,-0.964,3,0,198.2,-3.188512,-3.309943,-3.973678,-4.065665,15
38795988,55,1100,3|4|1|0|0|2,dispatch_bundle_first,charge_proactive,-2.122,8,2,206.1,-3.221545,-2.946659,-4.886836,-4.195627,15
38795988,56,1120,3|4|0|0|0|2,dispatch_energy_safe,charge_proactive,-3.054,6,2,152.7,0.0,-1.389665,0.0,-1.627454,15
38795988,57,1140,3|4|1|0|0|2,dispatch_bundle_first,charge_balanced,4.928,8,0,153.6,-2.946659,-1.604159,-4.065665,-2.681203,15
38795988,58,1160,3|4|1|0|0|2,dispatch_bundle_first,charge_balanced,-7.618,4,3,130.9,-1.604159,-3.448503,-2.681203,-4.485157,15
38795988,59,1180,3|4|1|0|0|2,dispatch_energy_safe,charge_proactive,-0.304,6,1,165.2,-3.309943,-3.26182,-4.195627,-4.114291,15
38795988,60,1200,3|4|1|0|0|2,dispatch_energy_safe,charge_proactive,-7.274,5,3,163.7,-3.26182,-4.958002,-4.114291,-5.778505,15
38795988,61,1220,3|4|1|0|0|2,dispatch_bundle_first,charge_balanced,-2.43,4,1,171.5,-3.448503,-3.926684,-4.485157,-4.924464,15
38795988,62,1240,3|4|1|0|0|2,dispatch_bundle_first,charge_balanced,-1.936,8,2,196.8,-3.926684,-3.429013,-4.924464,-4.177348,15
38795988,63,1260,2|4|1|0|0|2,dispatch_energy_safe,charge_task_first,-2.512,4,1,175.6,0.0,-0.628,0.0,-0.628,15
38795988,64,1280,2|4|1|0|0|2,dispatch_urgent_first,charge_balanced,-3.746,0,0,187.3,0.0,-0.9365,0.0,-0.9365,15
run_tag,window_index,tick_end,state,dispatch_action,charge_action,reward,completed_delta,overdue_delta,distance_delta,q_dispatch_before,q_dispatch_after,q_charge_before,q_charge_after,vehicle_count
38795988,1,20,0|0|4|0|4|0,dispatch_urgent_first,charge_task_first,-0.584,0,0,29.2,0.0,-0.146,0.0,-0.146,15
38795988,2,40,0|0|4|0|3|0,dispatch_balanced,charge_task_first,3.098,5,0,95.1,0.0,0.7745,0.0,0.7745,15
38795988,3,60,0|0|4|0|2|0,dispatch_urgent_first,charge_balanced,-0.094,3,0,154.7,0.0,-0.0235,0.0,-0.0235,15
38795988,4,80,0|0|4|0|0|0,dispatch_energy_safe,charge_proactive,0.128,4,0,193.6,0.0,0.032,0.0,0.032,15
38795988,5,100,0|0|4|0|0|0,dispatch_energy_safe,charge_proactive,3.486,8,0,225.7,0.032,0.8955,0.032,0.8955,15
38795988,6,120,0|0|3|0|0|0,dispatch_balanced,charge_balanced,3.68,8,0,216.0,0.0,0.92,0.0,0.92,15
38795988,7,140,0|0|3|0|0|0,dispatch_balanced,charge_proactive,2.432,7,0,228.4,0.92,1.298,0.0,0.608,15
38795988,8,160,0|0|2|0|0|0,dispatch_bundle_first,charge_proactive,1.618,6,0,219.1,0.0,0.4045,0.0,0.4045,15
38795988,9,180,0|1|2|0|0|0,dispatch_urgent_first,charge_task_first,2.574,7,0,221.3,0.0,0.6435,0.0,0.6435,15
38795988,10,200,0|1|1|0|0|0,dispatch_urgent_first,charge_balanced,3.632,8,0,218.4,0.0,0.908,0.0,0.908,15
38795988,11,220,0|2|1|0|0|0,dispatch_urgent_first,charge_proactive,0.992,8,1,200.4,0.0,0.44095,0.0,0.44095,15
38795988,12,240,0|1|1|0|0|0,dispatch_urgent_first,charge_proactive,-1.97,8,2,198.5,0.908,0.1885,0.0,-0.4925,15
38795988,13,260,0|3|0|0|0|0,dispatch_bundle_first,charge_proactive,2.444,6,0,177.8,0.0,0.611,0.0,0.611,15
38795988,14,280,0|3|0|0|0|0,dispatch_bundle_first,charge_proactive,0.714,7,1,164.3,0.611,0.766588,0.611,0.766588,15
38795988,15,300,0|3|0|0|0|0,dispatch_balanced,charge_proactive,1.478,8,1,176.1,0.0,0.5324,0.766588,1.10734,15
38795988,16,320,0|3|0|0|0|0,dispatch_bundle_first,charge_proactive,-1.316,5,1,165.8,0.766588,0.245941,1.10734,0.501505,15
38795988,17,340,0|2|0|0|0|0,dispatch_energy_safe,charge_task_first,-2.466,7,2,173.3,0.0,-0.503365,0.0,-0.50993,15
38795988,18,360,0|3|0|0|0|0,dispatch_balanced,charge_proactive,-0.996,5,1,149.8,0.5324,0.1503,0.501505,0.127129,15
38795988,19,380,0|4|0|0|0|0,dispatch_energy_safe,charge_balanced,5.396,9,0,180.2,0.0,1.349,0.0,1.349,15
38795988,20,400,0|4|0|0|0|0,dispatch_energy_safe,charge_balanced,-8.72,3,3,136.0,1.349,-1.16825,1.349,-1.16825,15
38795988,21,420,0|4|1|0|0|0,dispatch_bundle_first,charge_proactive,-5.132,7,3,156.6,0.0,-1.283,0.0,-1.283,15
38795988,22,440,0|4|1|0|0|0,dispatch_urgent_first,charge_balanced,-8.392,7,4,169.6,0.0,-2.098,0.0,-2.098,15
38795988,23,460,1|4|1|0|0|1,dispatch_energy_safe,charge_task_first,-0.72,6,1,186.0,0.0,-0.18,0.0,-0.18,15
38795988,24,480,1|4|1|0|0|1,dispatch_balanced,charge_balanced,3.09,10,1,195.5,0.0,0.7725,0.0,0.7725,15
38795988,25,500,1|3|0|0|0|1,dispatch_balanced,charge_balanced,-2.304,4,1,165.2,0.0,-0.411844,0.0,-0.411844,15
38795988,26,520,1|4|1|0|0|1,dispatch_balanced,charge_balanced,-9.81,6,4,190.5,0.7725,-1.873125,0.7725,-1.873125,15
38795988,27,540,2|3|0|0|0|1,dispatch_bundle_first,charge_task_first,0.156,10,2,192.2,0.0,0.039,0.0,0.039,15
38795988,28,560,2|3|0|0|0|1,dispatch_bundle_first,charge_task_first,-11.564,4,4,178.2,0.039,-2.86175,0.039,-2.86175,15
38795988,29,580,2|4|0|0|0|1,dispatch_energy_safe,charge_task_first,0.566,4,0,171.7,0.0,0.1415,0.0,0.1415,15
38795988,30,600,1|4|0|0|0|1,dispatch_bundle_first,charge_task_first,-3.338,12,4,166.9,0.0,-0.804431,0.0,-0.804431,15
38795988,31,620,2|4|0|0|0|1,dispatch_urgent_first,charge_task_first,-4.076,2,1,153.8,0.0,-0.988931,0.1415,-0.882806,15
38795988,32,640,2|4|0|0|0|1,dispatch_energy_safe,charge_balanced,-8.51,7,4,175.5,0.1415,-1.991306,0.0,-2.1275,15
38795988,33,660,2|4|0|0|0|1,dispatch_bundle_first,charge_proactive,-9.146,6,4,157.3,0.0,-2.2865,0.0,-2.2865,15
38795988,34,680,2|4|1|0|0|1,dispatch_bundle_first,charge_task_first,-7.71,5,3,185.5,0.0,-1.9275,0.0,-2.115096,15
38795988,35,700,2|4|0|0|0|1,dispatch_balanced,charge_task_first,-0.45,9,2,172.5,0.0,-0.1125,-0.882806,-0.962201,15
38795988,36,720,2|4|0|0|0|1,dispatch_balanced,charge_task_first,0.054,6,1,147.3,-0.1125,-0.070875,-0.962201,-0.708151,15
38795988,37,740,2|4|1|0|0|1,dispatch_balanced,charge_balanced,-5.65,7,3,182.5,0.0,-1.427561,0.0,-1.562982,15
38795988,38,760,2|4|0|0|0|1,dispatch_balanced,charge_task_first,-2.172,8,2,208.6,-0.070875,-0.596156,-0.708151,-1.074113,15
38795988,39,780,3|4|0|0|0|1,dispatch_balanced,charge_proactive,-7.95,4,3,147.5,0.0,-2.114183,0.0,-2.215749,15
38795988,40,800,2|4|0|0|0|1,dispatch_balanced,charge_task_first,1.974,9,1,201.3,-0.596156,0.046383,-1.074113,-0.312085,15
38795988,41,820,3|4|0|0|0|1,dispatch_urgent_first,charge_balanced,-4.452,5,2,172.6,0.0,-1.113,0.0,-1.113,15
38795988,42,840,3|4|0|0|0|1,dispatch_bundle_first,charge_task_first,-0.374,6,1,168.7,0.0,-0.0935,0.0,-0.0935,15
38795988,43,860,3|4|0|0|0|1,dispatch_energy_safe,charge_task_first,-4.14,5,2,157.0,0.0,-1.035,-0.0935,-1.124994,15
38795988,44,880,3|4|0|0|0|1,dispatch_bundle_first,charge_task_first,-1.61,8,2,180.5,-0.0935,-0.472625,-1.124994,-1.246245,15
38795988,45,900,3|4|0|0|0|2,dispatch_urgent_first,charge_task_first,-5.426,3,2,121.3,0.0,-1.3565,0.0,-1.3565,15
38795988,46,920,3|4|1|0|0|2,dispatch_energy_safe,charge_balanced,0.102,7,1,194.9,0.0,0.0255,0.0,0.0255,15
38795988,47,940,3|4|1|0|0|2,dispatch_energy_safe,charge_balanced,2.254,9,1,187.3,0.0255,0.582625,0.0255,0.582625,15
38795988,48,960,3|4|0|0|0|2,dispatch_bundle_first,charge_balanced,-2.064,4,1,153.2,0.0,-0.392192,0.0,-0.392192,15
38795988,49,980,3|4|1|0|0|2,dispatch_energy_safe,charge_balanced,0.728,8,1,213.6,0.582625,0.618969,0.582625,0.618969,15
38795988,50,1000,3|4|0|0|0|2,dispatch_balanced,charge_balanced,-1.338,5,1,166.9,0.0,-0.3345,-0.392192,-0.628644,15
38795988,51,1020,3|4|0|0|0|2,dispatch_energy_safe,charge_proactive,1.462,5,0,176.9,0.0,0.3655,0.0,0.3655,15
38795988,52,1040,3|4|0|0|0|2,dispatch_urgent_first,charge_proactive,2.868,7,0,206.6,-1.3565,-0.222706,0.3655,1.068794,15
38795988,53,1060,3|4|0|0|0|2,dispatch_energy_safe,charge_proactive,0.202,10,2,189.9,0.3655,0.402294,1.068794,1.079214,15
38795988,54,1080,3|4|0|0|0|2,dispatch_energy_safe,charge_proactive,-2.774,6,2,138.7,0.402294,-0.306292,1.079214,0.345243,15
38795988,55,1100,3|4|0|0|0|2,dispatch_urgent_first,charge_proactive,-5.534,4,2,176.7,-0.222706,-1.597855,0.345243,-1.051203,15
38795988,56,1120,3|4|0|0|0|2,dispatch_energy_safe,charge_balanced,3.132,10,1,193.4,-0.306292,0.488194,-0.628644,0.17793,15
38795988,57,1140,3|4|0|0|0|2,dispatch_energy_safe,charge_balanced,1.628,4,0,118.6,0.488194,0.876886,0.17793,0.578258,15
38795988,58,1160,3|4|0|0|0|2,dispatch_energy_safe,charge_balanced,-8.82,4,3,191.0,0.876886,-1.360997,0.578258,-1.648427,15
38795988,59,1180,3|4|0|0|0|2,dispatch_balanced,charge_proactive,2.928,10,1,203.6,-0.3345,0.481125,-1.051203,-0.056402,15
38795988,60,1200,4|4|0|0|0|2,dispatch_balanced,charge_balanced,-6.114,2,2,105.7,0.0,-1.396969,0.0,-1.396969,15
38795988,61,1220,3|4|1|0|0|2,dispatch_energy_safe,charge_balanced,-8.932,4,3,196.6,0.618969,-1.637243,0.618969,-1.637243,15
38795988,62,1240,3|4|1|0|0|2,dispatch_urgent_first,charge_task_first,4.9,9,0,205.0,0.0,1.327239,0.0,1.213014,15
38795988,63,1260,3|4|0|0|0|2,dispatch_balanced,charge_proactive,-4.78,2,1,189.0,0.481125,-0.834156,-0.056402,-1.237302,15
38795988,64,1280,2|4|0|0|0|2,dispatch_urgent_first,charge_proactive,0.046,3,0,147.7,0.0,0.0115,0.0,0.0115,15
run_tag,window_index,tick_end,state,dispatch_action,charge_action,reward,completed_delta,overdue_delta,distance_delta,q_dispatch_before,q_dispatch_after,q_charge_before,q_charge_after,vehicle_count
38795988,1,20,0|4|4|0|4|0,dispatch_urgent_first,charge_task_first,-0.126,1,0,56.3,0.0,-0.0315,0.0,-0.0315,15
38795988,2,40,0|0|4|0|3|0,dispatch_balanced,charge_task_first,1.648,4,0,117.6,0.0,0.412,0.0,0.412,15
38795988,3,60,0|0|4|0|1|0,dispatch_urgent_first,charge_balanced,3.692,7,0,165.4,0.0,0.923,0.0,0.923,15
38795988,4,80,0|0|4|0|1|0,dispatch_urgent_first,charge_balanced,0.978,4,0,151.1,0.923,1.132888,0.923,1.132888,15
38795988,5,100,0|0|4|0|1|0,dispatch_urgent_first,charge_proactive,1.756,5,0,162.2,1.132888,1.288666,0.0,0.439,15
38795988,6,120,0|0|4|0|0|0,dispatch_balanced,charge_balanced,3.916,8,0,204.2,0.0,0.979,0.0,0.979,15
38795988,7,140,0|0|3|0|0|0,dispatch_energy_safe,charge_proactive,1.07,5,0,196.5,0.0,0.2675,0.0,0.2675,15
38795988,8,160,0|0|3|0|0|0,dispatch_energy_safe,charge_proactive,0.83,5,0,208.5,0.2675,0.464969,0.2675,0.464969,15
38795988,9,180,0|0|3|0|0|0,dispatch_energy_safe,charge_proactive,3.64,8,0,218.0,0.464969,1.258727,0.464969,1.258727,15
38795988,10,200,0|0|2|0|0|0,dispatch_urgent_first,charge_task_first,2.684,7,0,215.8,0.0,0.671,0.0,0.671,15
38795988,11,220,0|0|2|0|0|0,dispatch_urgent_first,charge_task_first,3.338,7,0,183.1,0.671,1.33775,0.671,1.33775,15
38795988,12,240,0|4|2|0|0|0,dispatch_urgent_first,charge_proactive,2.732,7,0,213.4,0.0,0.683,0.0,0.683,15
38795988,13,260,0|1|1|0|0|0,dispatch_bundle_first,charge_proactive,1.098,5,0,195.1,0.0,0.2745,0.0,0.2745,15
38795988,14,280,0|0|1|0|0|0,dispatch_urgent_first,charge_balanced,3.764,8,0,211.8,0.0,0.941,0.0,0.941,15
run_tag,window_index,tick_end,state,dispatch_action,charge_action,reward,completed_delta,overdue_delta,distance_delta,q_dispatch_before,q_dispatch_after,q_charge_before,q_charge_after,vehicle_count
38795988,1,20,0|0|4|0|4|0,dispatch_urgent_first,charge_task_first,1.566,2,0,21.7,0.0,0.3915,0.0,0.3915,3
38795988,2,40,0|4|4|0|0|0,dispatch_balanced,charge_task_first,1.326,2,0,33.7,0.0,0.3315,0.0,0.3315,3
38795988,3,60,1|0|4|0|0|0,dispatch_urgent_first,charge_balanced,2.314,3,0,34.3,0.0,0.5785,0.0,0.5785,3
38795988,4,80,1|0|4|0|0|0,dispatch_urgent_first,charge_balanced,2.324,3,0,33.8,0.5785,1.014875,0.5785,1.014875,3
38795988,5,100,0|0|3|0|0|0,dispatch_bundle_first,charge_proactive,2.424,3,0,28.8,0.0,0.606,0.0,0.606,3
38795988,6,120,0|0|3|0|0|0,dispatch_bundle_first,charge_proactive,1.394,2,0,30.3,0.606,0.931775,0.606,0.931775,3
38795988,7,140,0|0|3|0|0|0,dispatch_bundle_first,charge_proactive,1.632,2,0,18.4,0.931775,1.106831,0.931775,1.106831,3
38795988,8,160,0|0|4|0|0|0,dispatch_bundle_first,charge_proactive,1.566,2,0,21.7,0.0,0.3915,0.0,0.3915,3
38795988,9,180,0|0|4|0|0|0,dispatch_bundle_first,charge_proactive,2.35,3,0,32.5,0.3915,0.964319,0.3915,0.964319,3
run_tag,window_index,tick_end,state,dispatch_action,charge_action,reward,completed_delta,overdue_delta,distance_delta,q_dispatch_before,q_dispatch_after,q_charge_before,q_charge_after,vehicle_count
38795988,1,20,0|0|4|0|4|0,dispatch_urgent_first,charge_task_first,0.472,1,0,26.4,0.0,0.118,0.0,0.118,3
38795988,2,40,0|0|4|0|0|0,dispatch_balanced,charge_task_first,1.462,2,0,26.9,0.0,0.3655,0.0,0.3655,3
38795988,3,60,0|0|4|0|1|0,dispatch_urgent_first,charge_balanced,2.308,3,0,34.6,0.0,0.654669,0.0,0.654669,3
38795988,4,80,0|0|4|0|0|0,dispatch_balanced,charge_task_first,2.278,3,0,36.1,0.3655,0.843625,0.3655,0.843625,3
38795988,5,100,0|0|3|0|1|0,dispatch_bundle_first,charge_proactive,0.732,1,0,13.4,0.0,0.322117,0.0,0.322117,3
38795988,6,120,0|0|4|0|1|0,dispatch_urgent_first,charge_balanced,0.44,1,0,28.0,0.654669,0.780272,0.654669,0.780272,3
38795988,7,140,0|0|4|0|0|0,dispatch_balanced,charge_proactive,2.402,3,0,29.9,0.843625,1.233219,0.0,0.6005,3
38795988,8,160,1|0|4|0|0|0,dispatch_bundle_first,charge_proactive,3.402,4,0,29.9,0.0,0.8505,0.0,0.8505,3
38795988,9,180,2|0|3|0|0|0,dispatch_urgent_first,charge_task_first,1.416,2,0,29.2,0.0,0.354,0.0,0.354,3
38795988,10,200,1|0|3|0|0|0,dispatch_urgent_first,charge_balanced,2.22,3,0,39.0,0.0,0.555,0.0,0.555,3
38795988,11,220,2|1|3|0|0|0,dispatch_urgent_first,charge_proactive,2.288,3,0,35.6,0.0,0.572,0.0,0.572,3
38795988,12,240,0|0|2|0|1|0,dispatch_urgent_first,charge_proactive,2.568,3,0,21.6,0.0,0.642,0.0,0.642,3
38795988,13,260,0|0|2|0|0|0,dispatch_bundle_first,charge_proactive,2.358,3,0,32.1,0.0,0.5895,0.0,0.5895,3
38795988,14,280,0|0|2|0|0|0,dispatch_bundle_first,charge_proactive,2.288,3,0,35.6,0.5895,1.014125,0.5895,1.014125,3
38795988,15,300,0|0|1|0|0|0,dispatch_balanced,charge_proactive,2.49,3,0,25.5,0.0,0.838002,0.0,0.838002,3
run_tag,window_index,tick_end,state,dispatch_action,charge_action,reward,completed_delta,overdue_delta,distance_delta,q_dispatch_before,q_dispatch_after,q_charge_before,q_charge_after,vehicle_count
38795988,1,20,0|0|4|0|4|0,dispatch_urgent_first,charge_task_first,0.0,0,0,0.0,0.0,0.0,0.0,0.0,3
38795988,2,40,0|0|4|0|3|0,dispatch_balanced,charge_task_first,0.576,1,0,21.2,0.0,0.144,0.0,0.144,3
38795988,3,60,0|0|4|0|1|0,dispatch_urgent_first,charge_balanced,1.46,2,0,27.0,0.0,0.365,0.0,0.365,3
38795988,4,80,0|0|4|0|0|0,dispatch_energy_safe,charge_proactive,2.508,3,0,24.6,0.0,0.704562,0.0,0.704562,3
38795988,5,100,0|0|4|0|1|0,dispatch_urgent_first,charge_proactive,2.456,3,0,27.2,0.365,1.03747,0.0,0.76372,3
38795988,6,120,0|0|4|0|0|0,dispatch_energy_safe,charge_proactive,0.662,1,0,16.9,0.704562,0.914384,0.704562,0.856212,3
38795988,7,140,0|0|4|0|1|0,dispatch_urgent_first,charge_proactive,1.614,2,0,19.3,1.03747,1.375909,0.76372,1.158235,3
38795988,8,160,0|0|4|0|0|0,dispatch_energy_safe,charge_proactive,1.508,2,0,24.6,0.914384,1.355169,0.856212,1.265284,3
38795988,9,180,0|0|4|0|1|0,dispatch_urgent_first,charge_proactive,2.642,3,0,17.9,1.375909,1.723032,1.158235,1.559776,3
38795988,10,200,0|0|4|0|3|0,dispatch_balanced,charge_task_first,0.372,1,0,31.4,0.144,0.201,0.144,0.201,3
38795988,11,220,0|2|4|0|0|0,dispatch_bundle_first,charge_task_first,2.358,3,0,32.1,0.0,0.877473,0.0,0.858373,3
38795988,12,240,0|0|4|0|0|0,dispatch_energy_safe,charge_proactive,3.328,4,0,33.6,1.355169,1.848377,1.265284,1.780963,3
38795988,13,260,0|0|3|0|0|0,dispatch_bundle_first,charge_proactive,0.388,1,0,30.6,0.0,0.097,0.0,0.097,3
run_tag,window_index,tick_end,state,dispatch_action,charge_action,reward,completed_delta,overdue_delta,distance_delta,q_dispatch_before,q_dispatch_after,q_charge_before,q_charge_after,vehicle_count
38795988,1,20,0|0|4|0|4|0,dispatch_urgent_first,charge_task_first,-0.096,0,0,4.8,0.0,-0.024,0.0,-0.024,3
38795988,2,40,0|0|4|0|0|0,dispatch_balanced,charge_task_first,3.404,4,0,29.8,0.0,0.851,0.0,0.851,3
38795988,3,60,0|0|4|0|0|0,dispatch_urgent_first,charge_task_first,1.42,2,0,29.0,0.0,0.535837,0.851,1.174087,3
38795988,4,80,0|0|4|0|0|0,dispatch_balanced,charge_task_first,1.406,2,0,29.7,0.851,0.98975,1.174087,1.232066,3
38795988,5,100,1|0|4|0|0|0,dispatch_bundle_first,charge_proactive,2.276,3,0,36.2,0.0,0.569,0.0,0.569,3
38795988,6,120,1|0|3|0|0|0,dispatch_balanced,charge_balanced,2.492,3,0,25.4,0.0,0.623,0.0,0.623,3
38795988,7,140,0|0|3|0|0|0,dispatch_energy_safe,charge_proactive,3.264,4,0,36.8,0.0,0.816,0.0,0.816,3
38795988,8,160,0|0|3|0|0|0,dispatch_energy_safe,charge_proactive,1.234,2,0,38.3,0.816,0.9205,0.816,0.9205,3
38795988,9,180,0|0|2|0|0|0,dispatch_urgent_first,charge_task_first,2.284,3,0,35.8,0.0,0.571,0.0,0.571,3
38795988,10,200,0|0|2|0|0|0,dispatch_urgent_first,charge_task_first,1.528,2,0,23.6,0.571,0.931587,0.571,0.931587,3
38795988,11,220,0|0|2|0|0|0,dispatch_urgent_first,charge_task_first,1.496,2,0,25.2,0.931587,1.072691,0.931587,1.072691,3
38795988,12,240,0|0|2|0|1|0,dispatch_urgent_first,charge_proactive,1.408,2,0,29.6,0.0,0.352,0.0,0.352,3
38795988,13,260,0|0|2|0|1|0,dispatch_urgent_first,charge_proactive,2.264,3,0,36.8,0.352,0.83,0.352,0.83,3
38795988,14,280,0|2|2|0|0|0,dispatch_urgent_first,charge_balanced,2.29,3,0,35.5,0.0,0.5725,0.0,0.5725,3
38795988,15,300,0|2|1|0|0|0,dispatch_balanced,charge_proactive,2.278,3,0,36.1,0.0,0.5695,0.0,0.5695,3
38795988,16,320,0|0|1|0|0|0,dispatch_bundle_first,charge_task_first,1.468,2,0,26.6,0.0,0.367,0.0,0.367,3
38795988,17,340,0|0|1|0|0|0,dispatch_bundle_first,charge_task_first,1.538,2,0,23.1,0.367,0.887697,0.367,0.887697,3
38795988,18,360,0|0|2|0|0|0,dispatch_urgent_first,charge_task_first,0.666,1,0,16.7,1.072691,1.147393,1.072691,1.147393,3
38795988,19,380,0|0|2|0|1|0,dispatch_energy_safe,charge_proactive,0.624,1,0,18.8,0.0,0.351606,0.83,0.974106,3
38795988,20,400,0|0|3|0|0|0,dispatch_energy_safe,charge_proactive,1.564,2,0,21.8,0.9205,1.081375,0.9205,1.081375,3
38795988,21,420,0|0|3|0|1|0,dispatch_bundle_first,charge_proactive,0.628,1,0,18.6,0.0,0.157,0.0,0.157,3
38795988,22,440,0|0|3|0|1|0,dispatch_bundle_first,charge_proactive,0.726,1,0,13.7,0.157,0.29925,0.157,0.29925,3
38795988,23,460,0|0|4|0|0|1,dispatch_energy_safe,charge_task_first,2.348,3,0,32.6,0.0,0.587,0.0,0.587,3
38795988,24,480,0|0|3|0|3|1,dispatch_urgent_first,charge_balanced,0.832,1,0,8.4,0.0,0.332738,0.0,0.332738,3
run_tag,window_index,tick_end,state,dispatch_action,charge_action,reward,completed_delta,overdue_delta,distance_delta,q_dispatch_before,q_dispatch_after,q_charge_before,q_charge_after,vehicle_count
38795988,1,20,0|0|4|0|4|0,dispatch_urgent_first,charge_task_first,1.74,2,0,13.0,0.0,0.435,0.0,0.435,3
38795988,2,40,0|0|4|0|0|0,dispatch_balanced,charge_task_first,1.526,2,0,23.7,0.0,0.3815,0.0,0.3815,3
38795988,3,60,0|0|4|0|3|0,dispatch_urgent_first,charge_balanced,0.382,1,0,30.9,0.0,0.176569,0.0,0.176569,3
38795988,4,80,0|0|4|0|0|0,dispatch_balanced,charge_task_first,1.424,2,0,28.8,0.3815,0.679646,0.3815,0.679646,3
38795988,5,100,0|0|4|0|3|0,dispatch_urgent_first,charge_proactive,1.452,2,0,27.4,0.176569,0.639851,0.0,0.507425,3
38795988,6,120,0|0|4|0|0|0,dispatch_balanced,charge_task_first,1.362,2,0,31.9,0.679646,0.850234,0.679646,0.850234,3
38795988,7,140,0|0|3|0|0|0,dispatch_energy_safe,charge_proactive,2.224,3,0,38.8,0.0,0.556,0.0,0.556,3
38795988,8,160,0|0|3|0|0|0,dispatch_energy_safe,charge_proactive,2.31,3,0,34.5,0.556,0.9945,0.556,0.9945,3
38795988,9,180,1|0|2|0|0|0,dispatch_urgent_first,charge_task_first,2.408,3,0,29.6,0.0,0.602,0.0,0.602,3
38795988,10,200,0|0|2|0|0|0,dispatch_urgent_first,charge_balanced,1.298,2,0,35.1,0.0,0.3245,0.0,0.3245,3
38795988,11,220,0|0|2|0|0|0,dispatch_urgent_first,charge_balanced,2.498,3,0,25.1,0.3245,0.936831,0.3245,0.936831,3
38795988,12,240,0|0|2|0|0|0,dispatch_urgent_first,charge_proactive,0.764,1,0,11.8,0.936831,0.893623,0.0,0.191,3
38795988,13,260,0|0|3|0|1|0,dispatch_bundle_first,charge_proactive,0.912,1,0,4.4,0.0,0.228,0.0,0.228,3
38795988,14,280,0|0|4|0|1|0,dispatch_urgent_first,charge_balanced,1.612,2,0,19.4,0.0,0.403,0.0,0.403,3
38795988,15,300,0|0|4|0|1|0,dispatch_balanced,charge_balanced,0.402,1,0,29.9,0.0,0.311831,0.403,0.614081,3
38795988,16,320,0|0|3|0|0|0,dispatch_energy_safe,charge_proactive,1.346,2,0,32.7,0.9945,1.293706,0.9945,1.293706,3
38795988,17,340,0|0|3|0|0|0,dispatch_energy_safe,charge_proactive,2.384,3,0,30.8,1.293706,1.841192,1.293706,1.841192,3
38795988,18,360,0|0|3|0|0|0,dispatch_energy_safe,charge_proactive,2.27,3,0,36.5,1.841192,1.996844,1.841192,1.996844,3
38795988,19,380,0|0|3|0|1|0,dispatch_bundle_first,charge_proactive,2.484,3,0,25.8,0.228,0.981895,0.228,0.991077,3
38795988,20,400,0|0|2|0|0|0,dispatch_urgent_first,charge_balanced,3.322,4,0,33.9,0.893623,1.500718,0.936831,1.533123,3
38795988,21,420,1|1|2|0|0|0,dispatch_energy_safe,charge_proactive,2.352,3,0,32.4,0.0,0.906902,0.0,0.913789,3
38795988,22,440,0|0|2|0|0|0,dispatch_urgent_first,charge_proactive,0.372,1,0,31.4,1.500718,1.218538,0.191,0.23625,3
38795988,23,460,0|0|2|0|0|1,dispatch_urgent_first,charge_balanced,2.522,3,0,23.9,0.0,0.6305,0.0,0.6305,3
38795988,24,480,0|0|2|0|0|1,dispatch_urgent_first,charge_balanced,-0.188,0,0,9.4,0.6305,0.425875,0.6305,0.425875,3
run_tag,window_index,tick_end,state,dispatch_action,charge_action,reward,completed_delta,overdue_delta,distance_delta,q_dispatch_before,q_dispatch_after,q_charge_before,q_charge_after,vehicle_count
38795988,1,20,0|0|4|0|4|0,dispatch_urgent_first,charge_task_first,1.268,2,0,36.6,0.0,0.317,0.0,0.317,8
38795988,2,40,0|0|4|0|2|0,dispatch_balanced,charge_task_first,1.814,3,0,59.3,0.0,0.4535,0.0,0.4535,8
38795988,3,60,0|0|4|0|2|0,dispatch_urgent_first,charge_task_first,1.436,2,0,28.2,0.0,0.359,0.4535,0.699125,8
38795988,4,80,0|0|4|0|3|0,dispatch_energy_safe,charge_proactive,1.28,2,0,36.0,0.0,0.32,0.0,0.32,8
38795988,5,100,0|0|4|0|3|0,dispatch_energy_safe,charge_proactive,2.75,4,0,62.5,0.32,0.9275,0.32,0.9275,8
38795988,6,120,0|0|4|0|0|0,dispatch_balanced,charge_balanced,5.98,8,0,101.0,0.0,1.495,0.0,1.495,8
38795988,7,140,0|0|4|0|0|0,dispatch_balanced,charge_proactive,2.748,5,0,112.6,1.495,1.80825,0.0,0.687,8
38795988,8,160,0|0|3|0|0|0,dispatch_bundle_first,charge_proactive,1.932,4,0,103.4,0.0,0.483,0.0,0.483,8
run_tag,window_index,tick_end,state,dispatch_action,charge_action,reward,completed_delta,overdue_delta,distance_delta,q_dispatch_before,q_dispatch_after,q_charge_before,q_charge_after,vehicle_count
38795988,1,20,0|0|4|0|4|0,dispatch_urgent_first,charge_task_first,-0.098,0,0,4.9,0.0,-0.0245,0.0,-0.0245,8
38795988,2,40,0|0|4|0|4|0,dispatch_balanced,charge_balanced,1.09,2,0,45.5,0.0,0.2725,0.0,0.2725,8
38795988,3,60,0|0|4|0|1|0,dispatch_urgent_first,charge_balanced,4.134,6,0,93.3,0.0,1.0335,0.0,1.0335,8
38795988,4,80,0|1|4|0|1|0,dispatch_energy_safe,charge_proactive,3.156,5,0,92.2,0.0,0.789,0.0,0.789,8
38795988,5,100,0|1|4|0|0|0,dispatch_bundle_first,charge_proactive,2.808,5,0,109.6,0.0,0.702,0.0,0.702,8
38795988,6,120,0|0|3|0|0|0,dispatch_balanced,charge_balanced,4.316,6,0,84.2,0.0,1.079,0.0,1.079,8
38795988,7,140,0|0|3|0|1|0,dispatch_energy_safe,charge_proactive,0.9,2,0,55.0,0.0,0.225,0.0,0.225,8
38795988,8,160,0|0|4|0|0|0,dispatch_bundle_first,charge_proactive,2.342,4,0,82.9,0.0,0.5855,0.0,0.5855,8
38795988,9,180,0|0|4|0|0|0,dispatch_bundle_first,charge_proactive,3.962,6,0,101.9,0.5855,1.658913,0.5855,1.658913,8
38795988,10,200,0|0|3|0|0|0,dispatch_balanced,charge_balanced,3.874,6,0,106.3,1.079,2.007038,1.079,2.007038,8
38795988,11,220,0|0|3|0|0|0,dispatch_balanced,charge_task_first,5.2,7,0,90.0,2.007038,3.231774,0.0,1.726495,8
38795988,12,240,0|0|3|0|0|0,dispatch_balanced,charge_balanced,1.002,3,0,99.9,3.231774,2.67433,2.007038,1.755778,8
38795988,13,260,0|0|2|0|0|0,dispatch_bundle_first,charge_proactive,1.906,7,1,104.7,0.0,0.4765,0.0,0.4765,8
38795988,14,280,0|0|2|0|0|0,dispatch_bundle_first,charge_proactive,0.852,2,0,57.4,0.4765,1.13867,0.4765,0.943478,8
38795988,15,300,0|0|3|0|0|0,dispatch_balanced,charge_balanced,3.296,5,0,85.2,2.67433,3.398043,1.755778,2.513936,8
38795988,16,320,0|0|3|0|0|0,dispatch_balanced,charge_balanced,2.408,4,0,79.6,3.398043,3.872616,2.513936,3.021664,8
38795988,17,340,0|0|3|0|0|0,dispatch_energy_safe,charge_balanced,3.628,5,0,68.6,0.0,1.729931,3.021664,3.815351,8
38795988,18,360,0|0|3|0|0|0,dispatch_balanced,charge_proactive,1.434,3,0,78.3,3.872616,4.085893,0.0,1.169262,8
38795988,19,380,0|0|3|0|0|0,dispatch_balanced,charge_balanced,4.224,6,0,88.8,4.085893,4.988672,3.815351,4.728276,8
38795988,20,400,0|0|3|0|0|0,dispatch_balanced,charge_balanced,0.106,1,0,44.7,4.988672,3.987623,4.728276,3.792326,8
38795988,21,420,0|0|4|0|1|0,dispatch_urgent_first,charge_balanced,2.26,4,0,87.0,1.0335,2.187495,1.0335,2.145994,8
38795988,22,440,0|0|3|0|0|0,dispatch_balanced,charge_proactive,2.304,4,0,84.8,3.987623,3.566717,1.169262,1.452947,8
38795988,23,460,0|0|4|0|1|1,dispatch_urgent_first,charge_balanced,1.634,3,0,68.3,0.0,0.4085,0.0,0.4085,8
38795988,24,480,0|0|3|0|0|1,dispatch_urgent_first,charge_task_first,2.846,5,0,107.7,0.0,0.7115,0.0,0.7115,8
38795988,25,500,0|0|3|0|0|1,dispatch_urgent_first,charge_task_first,1.624,3,0,68.8,0.7115,0.939625,0.7115,0.939625,8
38795988,26,520,0|0|3|0|2|1,dispatch_urgent_first,charge_balanced,0.966,2,0,51.7,0.0,0.2415,0.0,0.2415,8
38795988,27,540,0|0|3|0|1|1,dispatch_bundle_first,charge_task_first,0.744,2,0,62.8,0.0,0.38567,0.0,0.38567,8
38795988,28,560,0|0|3|0|0|1,dispatch_urgent_first,charge_task_first,5.94,8,0,103.0,0.939625,2.389389,0.939625,2.389389,8
38795988,29,580,0|0|3|0|0|1,dispatch_urgent_first,charge_task_first,1.818,4,0,109.1,2.389389,2.246542,2.389389,2.246542,8
38795988,30,600,0|0|2|0|0|1,dispatch_bundle_first,charge_task_first,3.264,5,0,86.8,0.0,0.816,0.0,0.816,8
38795988,31,620,0|0|2|0|0|1,dispatch_urgent_first,charge_task_first,1.138,3,0,93.1,0.0,0.2845,0.816,0.8965,8
38795988,32,640,0|4|2|0|0|1,dispatch_bundle_first,charge_balanced,1.932,4,0,103.4,0.0,0.483,0.0,0.483,8
38795988,33,660,0|1|2|0|0|1,dispatch_bundle_first,charge_task_first,0.98,3,0,101.0,0.0,0.245,0.0,0.245,8
38795988,34,680,1|0|2|0|0|1,dispatch_bundle_first,charge_task_first,1.15,6,1,92.5,0.0,0.2875,0.0,0.2875,8
run_tag,window_index,tick_end,state,dispatch_action,charge_action,reward,completed_delta,overdue_delta,distance_delta,q_dispatch_before,q_dispatch_after,q_charge_before,q_charge_after,vehicle_count
38795988,1,20,0|0|4|0|4|0,dispatch_urgent_first,charge_task_first,-0.52,0,0,26.0,0.0,-0.13,0.0,-0.13,8
38795988,2,40,0|0|4|0|1|0,dispatch_balanced,charge_task_first,4.392,6,0,80.4,0.0,1.098,0.0,1.098,8
38795988,3,60,0|0|4|0|1|0,dispatch_urgent_first,charge_task_first,0.606,2,0,69.7,0.0,0.1515,1.098,0.975,8
38795988,4,80,0|0|4|0|0|0,dispatch_energy_safe,charge_proactive,2.874,5,0,106.3,0.0,0.7185,0.0,0.7185,8
38795988,5,100,0|2|3|0|0|0,dispatch_bundle_first,charge_proactive,4.852,7,0,107.4,0.0,1.213,0.0,1.213,8
38795988,6,120,0|0|3|0|0|0,dispatch_balanced,charge_balanced,3.032,5,0,98.4,0.0,0.758,0.0,0.758,8
38795988,7,140,0|0|3|0|0|0,dispatch_balanced,charge_proactive,3.128,5,0,93.6,0.758,1.511575,0.0,0.943075,8
38795988,8,160,0|0|3|0|0|0,dispatch_balanced,charge_proactive,4.216,6,0,89.2,1.511575,2.445444,0.943075,2.019069,8
38795988,9,180,0|2|3|0|0|0,dispatch_bundle_first,charge_proactive,1.58,3,0,71.0,1.213,1.824407,1.213,1.733802,8
38795988,10,200,0|0|3|0|0|0,dispatch_balanced,charge_proactive,2.072,4,0,96.4,2.445444,2.352083,2.019069,2.032302,8
38795988,11,220,0|0|2|0|0|0,dispatch_bundle_first,charge_task_first,3.754,5,0,62.3,0.0,0.9385,0.0,0.9385,8
38795988,12,240,0|0|3|0|1|0,dispatch_balanced,charge_proactive,3.332,5,0,83.4,0.0,1.332818,0.0,1.264864,8
38795988,13,260,0|0|3|0|0|0,dispatch_balanced,charge_proactive,1.202,3,0,89.9,2.352083,2.263993,2.032302,2.024157,8
38795988,14,280,0|0|2|0|0|0,dispatch_bundle_first,charge_task_first,3.77,6,0,111.5,0.9385,1.646375,0.9385,1.646375,8
38795988,15,300,0|3|2|0|0|0,dispatch_balanced,charge_proactive,1.746,4,0,112.7,0.0,0.786355,0.0,0.786355,8
38795988,16,320,0|0|2|0|0|0,dispatch_bundle_first,charge_task_first,4.952,7,0,102.4,1.646375,2.472781,1.646375,2.472781,8
38795988,17,340,0|0|1|0|0|0,dispatch_energy_safe,charge_task_first,2.264,4,0,86.8,0.0,1.091466,0.0,1.091466,8
38795988,18,360,0|0|2|0|0|0,dispatch_bundle_first,charge_task_first,0.778,2,0,61.1,2.472781,2.574552,2.472781,2.574552,8
38795988,19,380,0|0|2|0|0|0,dispatch_energy_safe,charge_task_first,0.326,2,0,83.7,0.0,0.628592,2.574552,2.559506,8
38795988,20,400,0|0|2|0|0|0,dispatch_bundle_first,charge_task_first,1.51,3,0,74.5,2.574552,2.308414,2.559506,2.29713,8
38795988,21,420,0|0|2|0|1|0,dispatch_bundle_first,charge_proactive,5.226,7,0,88.7,0.0,1.797038,0.0,1.79464,8
38795988,22,440,0|0|2|0|0|0,dispatch_bundle_first,charge_task_first,2.894,5,0,105.3,2.308414,2.45481,2.29713,2.446347,8
38795988,23,460,0|0|2|0|1|1,dispatch_energy_safe,charge_task_first,3.018,5,0,99.1,0.0,0.7545,0.0,0.7545,8
38795988,24,480,0|0|1|0|0|1,dispatch_urgent_first,charge_balanced,0.254,2,0,87.3,0.0,0.0635,0.0,0.0635,8
38795988,25,500,0|0|2|0|0|1,dispatch_balanced,charge_balanced,4.292,6,0,85.4,0.0,1.086494,0.0,1.086494,8
38795988,26,520,0|0|1|0|0|1,dispatch_urgent_first,charge_balanced,2.494,4,0,75.3,0.0635,0.902005,0.0635,0.902005,8
38795988,27,540,0|0|2|0|0|1,dispatch_balanced,charge_balanced,1.726,3,0,63.7,1.086494,1.47725,1.086494,1.47725,8
38795988,28,560,0|0|2|0|0|1,dispatch_balanced,charge_balanced,2.61,4,0,69.5,1.47725,1.760438,1.47725,1.760438,8
38795988,29,580,0|0|3|0|0|1,dispatch_energy_safe,charge_task_first,1.112,3,0,94.4,0.0,0.652093,0.0,0.652093,8
38795988,30,600,0|0|2|0|0|1,dispatch_balanced,charge_balanced,4.396,6,0,80.2,1.760438,2.793421,1.760438,2.793421,8
38795988,31,620,0|0|2|0|0|1,dispatch_balanced,charge_balanced,3.884,6,0,105.8,2.793421,3.659668,2.793421,3.659668,8
38795988,32,640,0|0|2|0|0|1,dispatch_balanced,charge_balanced,2.212,4,0,89.4,3.659668,4.07543,3.659668,4.07543,8
38795988,33,660,0|0|2|0|0|1,dispatch_balanced,charge_balanced,1.722,3,0,63.9,4.07543,3.647404,4.07543,3.647404,8
38795988,34,680,0|0|2|0|1|1,dispatch_energy_safe,charge_task_first,1.956,4,0,102.2,0.7545,1.829948,0.7545,1.829948,8
38795988,35,700,0|0|2|0|0|1,dispatch_balanced,charge_balanced,2.098,4,0,95.1,3.647404,3.260053,3.647404,3.260053,8
38795988,36,720,0|4|2|0|0|1,dispatch_balanced,charge_task_first,3.752,6,0,112.4,0.0,1.129676,0.0,1.129676,8
38795988,37,740,0|0|1|0|0|1,dispatch_urgent_first,charge_balanced,1.512,3,0,74.4,0.902005,1.747265,0.902005,1.747265,8
38795988,38,760,0|0|2|0|0|1,dispatch_balanced,charge_balanced,1.226,2,0,38.7,3.260053,2.89011,3.260053,2.89011,8
38795988,39,780,0|0|3|0|0|1,dispatch_energy_safe,charge_task_first,0.684,1,0,15.8,0.652093,0.66007,0.652093,0.66007,8
run_tag,window_index,tick_end,state,dispatch_action,charge_action,reward,completed_delta,overdue_delta,distance_delta,q_dispatch_before,q_dispatch_after,q_charge_before,q_charge_after,vehicle_count
38795988,1,20,0|0|4|0|4|0,dispatch_urgent_first,charge_task_first,0.678,1,0,16.1,0.0,0.1695,0.0,0.1695,8
38795988,2,40,0|0|4|0|2|0,dispatch_balanced,charge_task_first,1.722,3,0,63.9,0.0,0.4305,0.0,0.4305,8
38795988,3,60,0|0|4|0|1|0,dispatch_urgent_first,charge_balanced,1.092,2,0,45.4,0.0,0.364481,0.0,0.364481,8
38795988,4,80,0|0|4|0|2|0,dispatch_balanced,charge_task_first,0.304,1,0,34.8,0.4305,0.476327,0.4305,0.476327,8
38795988,5,100,0|0|4|0|1|0,dispatch_urgent_first,charge_proactive,3.144,5,0,92.8,0.364481,1.059361,0.0,0.786,8
38795988,6,120,0|0|4|0|0|0,dispatch_balanced,charge_balanced,4.958,7,0,102.1,0.0,1.2395,0.0,1.2395,8
38795988,7,140,0|0|4|0|0|0,dispatch_balanced,charge_proactive,2.926,5,0,103.7,1.2395,1.661125,0.0,0.7315,8
38795988,8,160,0|0|3|0|0|0,dispatch_bundle_first,charge_proactive,3.964,6,0,101.8,0.0,0.991,0.0,0.991,8
38795988,9,180,0|0|3|0|0|0,dispatch_bundle_first,charge_proactive,0.068,2,0,96.6,0.991,0.970838,0.991,0.970838,8
38795988,10,200,0|0|3|0|0|0,dispatch_bundle_first,charge_proactive,1.756,3,0,62.2,0.970838,1.392242,0.970838,1.334153,8
38795988,11,220,0|0|4|0|1|0,dispatch_urgent_first,charge_task_first,0.99,2,0,50.5,1.059361,1.267135,0.0,0.414525,8
38795988,12,240,0|0|4|0|1|0,dispatch_urgent_first,charge_proactive,2.978,5,0,101.1,1.267135,1.990703,0.786,1.617508,8
38795988,13,260,0|0|3|0|0|0,dispatch_bundle_first,charge_proactive,2.15,4,0,92.5,1.392242,1.581682,1.334153,1.538115,8
38795988,14,280,0|0|3|0|1|0,dispatch_urgent_first,charge_balanced,1.032,3,0,98.4,0.0,0.594107,0.0,0.584849,8
38795988,15,300,0|0|3|0|0|0,dispatch_balanced,charge_proactive,3.086,5,0,95.7,0.0,1.107607,1.538115,2.251936,8
38795988,16,320,0|0|3|0|0|0,dispatch_bundle_first,charge_proactive,2.296,4,0,85.2,1.581682,2.096369,2.251936,2.741488,8
38795988,17,340,0|0|3|0|0|0,dispatch_energy_safe,charge_proactive,1.856,4,0,107.2,0.0,0.909478,2.741488,3.102682,8
38795988,18,360,0|0|3|0|0|0,dispatch_bundle_first,charge_proactive,6.072,8,0,96.4,2.096369,3.090277,3.102682,3.845012,8
38795988,19,380,0|0|2|0|0|0,dispatch_urgent_first,charge_proactive,-1.162,4,1,108.1,0.0,-0.2905,0.0,-0.2905,8
38795988,20,400,0|4|2|0|0|0,dispatch_balanced,charge_proactive,2.926,5,0,103.7,0.0,0.7315,0.0,0.7315,8
38795988,21,420,0|0|2|0|0|0,dispatch_bundle_first,charge_task_first,0.052,2,0,97.4,0.0,0.013,0.0,0.013,8
38795988,22,440,0|0|2|0|0|0,dispatch_bundle_first,charge_proactive,4.204,6,0,89.8,0.013,1.06075,-0.2905,0.833125,8
38795988,23,460,0|2|2|0|0|1,dispatch_urgent_first,charge_balanced,2.13,4,0,93.5,0.0,0.5325,0.0,0.5325,8
38795988,24,480,0|4|2|0|0|1,dispatch_urgent_first,charge_task_first,0.956,3,0,102.2,0.0,0.239,0.0,0.239,8
38795988,25,500,0|2|1|0|0|1,dispatch_energy_safe,charge_balanced,4.862,7,0,106.9,0.0,1.2155,0.0,1.2155,8
38795988,26,520,0|2|1|0|0|1,dispatch_energy_safe,charge_balanced,2.246,4,0,87.7,1.2155,1.473125,1.2155,1.473125,8
run_tag,window_index,tick_end,state,dispatch_action,charge_action,reward,completed_delta,overdue_delta,distance_delta,q_dispatch_before,q_dispatch_after,q_charge_before,q_charge_after,vehicle_count
38795988,1,20,0|0|4|0|4|0,dispatch_urgent_first,charge_task_first,0.424,1,0,28.8,0.0,0.106,0.0,0.106,8
38795988,2,40,0|0|4|0|1|0,dispatch_balanced,charge_task_first,2.38,4,0,81.0,0.0,0.595,0.0,0.595,8
38795988,3,60,0|0|4|0|1|0,dispatch_urgent_first,charge_task_first,3.39,5,0,80.5,0.0,0.973938,0.595,1.420188,8
38795988,4,80,0|0|4|0|1|0,dispatch_urgent_first,charge_task_first,0.416,2,0,79.2,0.973938,0.834453,1.420188,1.169141,8
38795988,5,100,0|0|3|0|0|0,dispatch_bundle_first,charge_proactive,4.37,6,0,81.5,0.0,1.0925,0.0,1.0925,8
38795988,6,120,0|0|3|0|1|0,dispatch_balanced,charge_balanced,0.668,3,0,116.6,0.0,0.399156,0.0,0.399156,8
38795988,7,140,0|0|3|0|0|0,dispatch_bundle_first,charge_proactive,4.002,6,0,99.9,1.0925,2.052031,1.0925,2.052031,8
38795988,8,160,0|0|3|0|0|0,dispatch_bundle_first,charge_proactive,1.132,3,0,93.4,2.052031,2.25808,2.052031,2.25808,8
38795988,9,180,0|0|3|0|0|0,dispatch_bundle_first,charge_proactive,4.222,6,0,88.9,2.25808,2.74906,2.25808,2.74906,8
38795988,10,200,0|0|2|0|0|0,dispatch_urgent_first,charge_task_first,2.176,4,0,91.2,0.0,0.544,0.0,0.544,8
38795988,11,220,0|1|2|0|0|0,dispatch_urgent_first,charge_proactive,4.838,7,0,108.1,0.0,1.3251,0.0,1.3251,8
38795988,12,240,0|0|2|0|0|0,dispatch_urgent_first,charge_proactive,0.776,3,0,111.2,0.544,0.602,0.0,0.194,8
38795988,13,260,0|0|1|0|0|0,dispatch_bundle_first,charge_proactive,4.394,6,0,80.3,0.0,1.0985,0.0,1.0985,8
38795988,14,280,0|0|1|0|0|0,dispatch_bundle_first,charge_proactive,5.498,7,0,75.1,1.0985,2.431806,1.0985,2.431806,8
38795988,15,300,0|0|1|0|0|0,dispatch_balanced,charge_proactive,2.766,4,0,61.7,0.0,0.819425,2.431806,2.630955,8
38795988,16,320,0|0|2|0|0|0,dispatch_urgent_first,charge_task_first,-0.994,0,0,49.7,0.602,0.787175,0.544,0.743675,8
38795988,17,340,0|0|3|0|0|0,dispatch_energy_safe,charge_proactive,1.218,6,1,89.1,0.0,0.888675,2.74906,2.95047,8
38795988,18,360,0|0|3|0|0|0,dispatch_bundle_first,charge_proactive,0.766,2,0,61.7,2.74906,2.83747,2.95047,3.031328,8
38795988,19,380,0|0|3|0|0|0,dispatch_bundle_first,charge_proactive,2.714,4,0,64.3,2.83747,2.806603,3.031328,2.951996,8
38795988,20,400,0|0|3|0|2|0,dispatch_balanced,charge_proactive,2.84,4,0,58.0,0.0,0.794821,0.0,0.794821,8
38795988,21,420,0|0|3|0|1|0,dispatch_balanced,charge_balanced,2.326,4,0,83.7,0.399156,1.47727,0.399156,1.508166,8
38795988,22,440,0|0|3|0|0|0,dispatch_bundle_first,charge_proactive,2.096,4,0,95.2,2.806603,2.628952,2.951996,2.737997,8
38795988,23,460,0|0|3|0|0|1,dispatch_urgent_first,charge_balanced,6.1,8,0,95.0,0.0,1.525,0.0,1.525,8
38795988,24,480,0|0|2|0|0|1,dispatch_urgent_first,charge_task_first,4.99,7,0,100.5,0.0,1.2475,0.0,1.2475,8
38795988,25,500,0|0|2|0|0|1,dispatch_urgent_first,charge_task_first,3.994,6,0,100.3,1.2475,2.199219,1.2475,2.199219,8
38795988,26,520,0|0|2|0|0|1,dispatch_urgent_first,charge_task_first,3.198,5,0,90.1,2.199219,2.916248,2.199219,2.916248,8
38795988,27,540,0|0|2|0|0|1,dispatch_urgent_first,charge_task_first,3.498,5,0,75.1,2.916248,3.061686,2.916248,3.061686,8
38795988,28,560,0|0|2|0|1|1,dispatch_bundle_first,charge_proactive,2.478,4,0,76.1,0.0,1.270108,0.0,1.270108,8
38795988,29,580,0|0|2|0|0|1,dispatch_urgent_first,charge_task_first,-0.182,1,0,59.1,3.061686,2.574827,3.061686,2.574827,8
38795988,30,600,0|0|3|0|0|1,dispatch_urgent_first,charge_balanced,2.676,4,0,66.2,1.525,1.81275,1.525,1.81275,8
38795988,31,620,0|0|3|0|1|1,dispatch_urgent_first,charge_proactive,3.652,5,0,67.4,0.0,0.913,0.0,0.913,8
38795988,32,640,0|0|3|0|1|1,dispatch_urgent_first,charge_proactive,1.84,3,0,58.0,0.913,1.14475,0.913,1.14475,8
38795988,33,660,0|0|3|0|2|1,dispatch_bundle_first,charge_task_first,2.044,3,0,47.8,0.0,0.511,0.0,0.511,8
38795988,34,680,0|1|3|0|1|1,dispatch_bundle_first,charge_task_first,2.808,4,0,59.6,0.0,0.702,0.0,0.702,8
38795988,35,700,0|2|3|0|1|1,dispatch_urgent_first,charge_task_first,2.72,4,0,64.0,0.0,0.923259,0.0,0.923259,8
38795988,36,720,0|0|3|0|1|1,dispatch_urgent_first,charge_balanced,3.322,5,0,83.9,1.14475,2.074272,0.0,1.215709,8
38795988,37,740,0|0|3|0|0|1,dispatch_urgent_first,charge_balanced,4.958,7,0,102.1,1.81275,2.984272,1.81275,2.984272,8
38795988,38,760,0|0|3|0|0|1,dispatch_balanced,charge_balanced,-0.142,0,0,7.1,0.0,-0.0355,2.984272,2.202704,8
38795988,39,780,0|0|4|0|3|1,dispatch_urgent_first,charge_task_first,0.0,0,0,0.0,0.0,0.0,0.0,0.0,8
run_tag,window_index,tick_end,state,dispatch_action,charge_action,reward,completed_delta,overdue_delta,distance_delta,q_dispatch_before,q_dispatch_after,q_charge_before,q_charge_after,vehicle_count
38795988,1,20,0|0|4|0|4|0,dispatch_urgent_first,charge_task_first,-0.502,0,0,25.1,0.0,-0.1255,0.0,-0.1255,15
38795988,2,40,0|0|4|0|3|0,dispatch_balanced,charge_task_first,0.152,2,0,92.4,0.0,0.038,0.0,0.038,15
38795988,3,60,0|4|4|0|2|0,dispatch_urgent_first,charge_balanced,2.14,5,0,143.0,0.0,0.535,0.0,0.535,15
38795988,4,80,0|0|4|0|1|0,dispatch_energy_safe,charge_proactive,4.014,7,0,149.3,0.0,1.0035,0.0,1.0035,15
38795988,5,100,0|0|4|0|1|0,dispatch_energy_safe,charge_proactive,-0.28,2,0,114.0,1.0035,0.682625,1.0035,0.682625,15
38795988,6,120,0|0|4|0|2|0,dispatch_balanced,charge_balanced,1.714,4,0,114.3,0.0,0.573558,0.0,0.573558,15
38795988,7,140,0|0|4|0|1|0,dispatch_energy_safe,charge_proactive,4.548,8,0,172.6,0.682625,1.648969,0.682625,1.648969,15
38795988,8,160,0|0|4|0|0|0,dispatch_bundle_first,charge_proactive,-0.464,2,0,123.2,0.0,-0.116,0.0,-0.116,15
38795988,9,180,0|1|4|0|2|0,dispatch_urgent_first,charge_task_first,5.098,9,0,195.1,0.0,1.2745,0.0,1.2745,15
38795988,10,200,0|0|3|0|0|0,dispatch_urgent_first,charge_balanced,0.758,5,0,212.1,0.0,0.1895,0.0,0.1895,15
38795988,11,220,0|0|3|0|0|0,dispatch_urgent_first,charge_balanced,-0.286,7,1,214.3,0.1895,0.110894,0.1895,0.110894,15
38795988,12,240,0|0|3|0|0|0,dispatch_urgent_first,charge_proactive,-1.794,6,1,239.7,0.110894,-0.36533,0.0,-0.4485,15
38795988,13,260,0|2|2|0|0|0,dispatch_bundle_first,charge_proactive,1.65,6,0,217.5,0.0,0.4125,0.0,0.4125,15
run_tag,window_index,tick_end,state,dispatch_action,charge_action,reward,completed_delta,overdue_delta,distance_delta,q_dispatch_before,q_dispatch_after,q_charge_before,q_charge_after,vehicle_count
38795988,1,20,0|0|4|0|4|0,dispatch_urgent_first,charge_task_first,-0.25,1,0,62.5,0.0,-0.0625,0.0,-0.0625,15
38795988,2,40,0|0|4|0|2|0,dispatch_balanced,charge_task_first,6.114,9,0,144.3,0.0,1.5285,0.0,1.5285,15
38795988,3,60,0|0|4|0|1|0,dispatch_urgent_first,charge_balanced,1.428,5,0,178.6,0.0,0.357,0.0,0.357,15
38795988,4,80,0|0|4|0|0|0,dispatch_energy_safe,charge_proactive,5.816,9,0,159.2,0.0,1.529862,0.0,1.529862,15
38795988,5,100,0|0|4|0|1|0,dispatch_urgent_first,charge_proactive,1.076,4,0,146.2,0.357,0.861846,0.0,0.594096,15
38795988,6,120,0|0|4|0|0|0,dispatch_energy_safe,charge_proactive,2.162,6,0,191.9,1.529862,1.687897,1.529862,1.687897,15
38795988,7,140,0|0|3|0|0|0,dispatch_energy_safe,charge_proactive,3.766,8,0,211.7,0.0,0.9415,0.0,0.9415,15
38795988,8,160,0|0|3|0|0|0,dispatch_energy_safe,charge_proactive,0.23,4,0,188.5,0.9415,0.963694,0.9415,0.963694,15
38795988,9,180,0|0|3|0|0|0,dispatch_energy_safe,charge_proactive,2.336,6,0,183.2,0.963694,1.30677,0.963694,1.30677,15
38795988,10,200,0|0|2|0|1|0,dispatch_urgent_first,charge_task_first,-0.684,6,1,184.2,0.0,-0.171,0.0,-0.171,15
38795988,11,220,0|0|2|0|0|0,dispatch_urgent_first,charge_proactive,3.006,7,0,199.7,0.0,0.7515,0.0,0.7515,15
38795988,12,240,0|0|2|0|0|0,dispatch_urgent_first,charge_proactive,-0.896,6,1,194.8,0.7515,0.499319,0.7515,0.499319,15
38795988,13,260,0|0|2|0|0|0,dispatch_urgent_first,charge_proactive,1.834,5,0,158.3,0.499319,0.939094,0.499319,0.939094,15
38795988,14,280,0|0|2|0|0|0,dispatch_urgent_first,charge_proactive,1.566,4,0,121.7,0.939094,1.095821,0.939094,1.095821,15
38795988,15,300,0|0|2|0|1|0,dispatch_balanced,charge_proactive,1.242,3,0,87.9,0.0,0.3105,0.0,0.3105,15
38795988,16,320,0|0|3|0|1|0,dispatch_bundle_first,charge_task_first,1.74,3,0,63.0,0.0,0.435,0.0,0.435,15
38795988,17,340,0|0|3|0|2|0,dispatch_energy_safe,charge_task_first,1.47,3,0,76.5,0.0,0.3675,0.0,0.3675,15
38795988,18,360,0|0|3|0|2|0,dispatch_urgent_first,charge_task_first,1.998,3,0,50.1,0.0,0.824306,0.3675,1.099931,15
38795988,19,380,0|0|4|0|2|0,dispatch_energy_safe,charge_task_first,0.778,2,0,61.1,0.0,0.1945,1.5285,1.340875,15
38795988,20,400,0|0|4|0|3|0,dispatch_bundle_first,charge_task_first,1.566,4,0,121.7,0.0,0.750178,0.0,0.750178,15
38795988,21,420,0|0|4|0|0|0,dispatch_energy_safe,charge_proactive,4.652,9,0,217.4,1.687897,2.428923,1.687897,2.428923,15
38795988,22,440,0|1|3|0|0|0,dispatch_energy_safe,charge_proactive,3.464,8,0,226.8,0.0,0.866,0.0,0.866,15
38795988,23,460,0|0|3|0|0|1,dispatch_urgent_first,charge_proactive,-0.506,4,0,225.3,0.0,-0.1265,0.0,-0.1265,15
38795988,24,480,0|0|2|0|0|1,dispatch_urgent_first,charge_balanced,5.902,10,0,204.9,0.0,1.4755,0.0,1.4755,15
38795988,25,500,0|1|2|0|0|1,dispatch_urgent_first,charge_task_first,1.922,6,0,203.9,0.0,0.4805,0.0,0.4805,15
run_tag,window_index,tick_end,state,dispatch_action,charge_action,reward,completed_delta,overdue_delta,distance_delta,q_dispatch_before,q_dispatch_after,q_charge_before,q_charge_after,vehicle_count
38795988,1,20,0|0|4|0|4|0,dispatch_urgent_first,charge_task_first,-1.048,0,0,52.4,0.0,-0.262,0.0,-0.262,15
38795988,2,40,0|0|4|0|2|0,dispatch_balanced,charge_task_first,3.438,6,0,128.1,0.0,0.8595,0.0,0.8595,15
38795988,3,60,0|0|4|0|2|0,dispatch_urgent_first,charge_task_first,1.57,5,0,171.5,0.0,0.575144,0.8595,1.219769,15
38795988,4,80,0|0|4|0|2|0,dispatch_balanced,charge_task_first,2.604,5,0,119.8,0.8595,1.295625,1.219769,1.565827,15
38795988,5,100,0|0|4|0|1|0,dispatch_bundle_first,charge_proactive,0.084,3,0,145.8,0.0,0.021,0.0,0.021,15
38795988,6,120,0|0|3|0|1|0,dispatch_balanced,charge_balanced,1.46,5,0,177.0,0.0,0.365,0.0,0.365,15
38795988,7,140,0|0|3|0|0|0,dispatch_energy_safe,charge_proactive,4.828,8,0,158.6,0.0,1.207,0.0,1.207,15
38795988,8,160,0|0|3|0|0|0,dispatch_energy_safe,charge_proactive,0.126,3,0,143.7,1.207,1.014312,1.207,1.014312,15
38795988,9,180,0|0|3|0|1|0,dispatch_balanced,charge_balanced,3.56,7,0,172.0,0.365,1.379291,0.365,1.379291,15
38795988,10,200,0|0|3|0|0|0,dispatch_energy_safe,charge_proactive,2.858,7,0,207.1,1.014312,1.768334,1.014312,1.768334,15
38795988,11,220,0|0|3|0|1|0,dispatch_balanced,charge_task_first,0.478,7,1,176.1,1.379291,1.153969,0.0,0.1195,15
38795988,12,240,0|0|2|0|1|0,dispatch_balanced,charge_proactive,2.554,6,0,172.3,0.0,0.6385,0.0,0.6385,15
38795988,13,260,0|0|2|0|0|0,dispatch_bundle_first,charge_proactive,4.86,9,0,207.0,0.0,1.215,0.0,1.215,15
38795988,14,280,0|0|2|0|0|0,dispatch_bundle_first,charge_proactive,-0.366,4,0,218.3,1.215,1.077937,1.215,1.077937,15
38795988,15,300,0|0|2|0|0|0,dispatch_balanced,charge_proactive,6.346,10,0,182.7,0.0,1.5865,1.077937,2.394953,15
38795988,16,320,0|0|1|0|0|0,dispatch_bundle_first,charge_task_first,-0.66,5,1,133.0,0.0,0.172131,0.0,0.343928,15
38795988,17,340,0|0|2|0|0|0,dispatch_balanced,charge_proactive,0.332,4,0,183.4,1.5865,1.610006,2.394953,2.388142,15
38795988,18,360,0|0|2|0|0|0,dispatch_balanced,charge_proactive,2.888,7,0,205.6,1.610006,1.966083,2.388142,2.586191,15
38795988,19,380,0|0|1|0|0|0,dispatch_energy_safe,charge_task_first,-0.11,7,1,205.5,0.0,0.009078,0.343928,0.30353,15
38795988,20,400,0|0|1|0|0|0,dispatch_bundle_first,charge_task_first,-0.372,3,0,168.6,0.172131,0.072676,0.30353,0.199148,15
38795988,21,420,0|0|1|0|0|0,dispatch_bundle_first,charge_task_first,5.506,9,0,174.7,0.072676,1.446451,0.199148,1.56818,15
38795988,22,440,0|0|1|0|0|0,dispatch_bundle_first,charge_task_first,4.33,8,0,183.5,1.446451,2.167338,1.56818,2.258635,15
38795988,23,460,0|0|1|0|0|1,dispatch_energy_safe,charge_task_first,1.4,5,0,180.0,0.0,0.35,0.0,0.35,15
38795988,24,480,0|0|1|0|0|1,dispatch_energy_safe,charge_task_first,6.174,10,0,191.3,0.35,1.806,0.35,1.806,15
38795988,25,500,0|1|1|0|0|1,dispatch_balanced,charge_balanced,1.178,5,0,191.1,0.0,0.2945,0.0,0.2945,15
38795988,26,520,0|3|1|0|0|1,dispatch_urgent_first,charge_balanced,0.098,4,0,195.1,0.0,0.0245,0.0,0.0245,15
38795988,27,540,0|4|1|0|0|1,dispatch_bundle_first,charge_task_first,-1.794,8,2,189.7,0.0,-0.4485,0.0,-0.4485,15
38795988,28,560,0|1|0|0|0|1,dispatch_balanced,charge_proactive,-0.186,3,0,159.3,0.0,-0.0465,0.0,-0.0465,15
38795988,29,580,0|2|0|0|0|1,dispatch_energy_safe,charge_task_first,1.29,8,1,185.5,0.0,0.3225,0.0,0.3225,15
38795988,30,600,0|1|0|0|0|1,dispatch_energy_safe,charge_task_first,-1.386,5,1,169.3,0.0,-0.3465,0.0,-0.3465,15
38795988,31,620,0|3|0|0|0|1,dispatch_energy_safe,charge_balanced,4.754,11,1,162.3,0.0,1.1885,0.0,1.1885,15
38795988,32,640,0|4|0|0|0|1,dispatch_bundle_first,charge_proactive,0.324,3,0,133.8,0.0,0.143581,0.0,0.143581,15
38795988,33,660,0|1|1|0|0|1,dispatch_balanced,charge_balanced,-5.006,5,2,200.3,0.2945,-0.968044,0.2945,-0.968044,15
38795988,34,680,0|1|1|0|0|1,dispatch_energy_safe,charge_task_first,4.72,9,0,214.0,0.0,1.248531,0.0,1.248531,15
38795988,35,700,0|2|0|0|0|1,dispatch_energy_safe,charge_task_first,0.686,4,0,165.7,0.3225,0.678688,0.3225,0.678688,15
38795988,36,720,0|1|1|0|0|1,dispatch_energy_safe,charge_task_first,1.614,5,0,169.3,1.248531,1.605211,1.248531,1.605211,15
38795988,37,740,0|1|1|0|0|1,dispatch_energy_safe,charge_task_first,3.178,7,0,191.1,1.605211,2.250965,1.605211,2.250965,15
38795988,38,760,0|3|0|0|0|1,dispatch_balanced,charge_balanced,2.946,7,0,202.7,0.0,0.880721,1.1885,1.772096,15
38795988,39,780,0|2|0|0|0|1,dispatch_energy_safe,charge_task_first,0.678,4,0,166.1,0.678688,0.931072,0.678688,1.055086,15
38795988,40,800,0|3|0|0|0|1,dispatch_energy_safe,charge_balanced,-1.844,10,3,142.2,1.1885,0.682931,1.772096,1.244643,15
38795988,41,820,0|3|0|0|0|1,dispatch_balanced,charge_balanced,-1.954,4,1,147.7,0.880721,0.172041,1.244643,0.444982,15
38795988,42,840,0|4|1|0|0|1,dispatch_energy_safe,charge_proactive,-8.236,7,4,161.8,0.0,-2.059,0.0,-2.059,15
38795988,43,860,0|4|1|0|0|1,dispatch_balanced,charge_balanced,-3.214,6,2,160.7,0.0,-0.8035,0.0,-0.8035,15
38795988,44,880,0|4|1|0|0|1,dispatch_urgent_first,charge_task_first,-1.45,5,1,172.5,0.0,-0.3625,-0.4485,-0.698875,15
38795988,45,900,0|3|1|0|0|2,dispatch_urgent_first,charge_task_first,-4.43,5,2,171.5,0.0,-1.1075,0.0,-1.1075,15
38795988,46,920,0|3|1|0|0|2,dispatch_balanced,charge_balanced,-6.312,4,2,215.6,0.0,-1.578,0.0,-1.578,15
38795988,47,940,0|3|1|0|0|2,dispatch_bundle_first,charge_proactive,6.28,10,0,186.0,0.0,1.57,0.0,1.57,15
38795988,48,960,0|3|0|0|0|2,dispatch_bundle_first,charge_task_first,1.144,4,0,142.8,0.0,0.286,0.0,0.286,15
38795988,49,980,0|4|1|0|0|2,dispatch_balanced,charge_balanced,-2.588,7,2,179.4,0.0,-0.313375,0.0,-0.313375,15
38795988,50,1000,0|3|1|0|0|2,dispatch_bundle_first,charge_proactive,-2.6,7,2,180.0,1.57,0.5275,1.57,0.5275,15
38795988,51,1020,0|4|1|0|0|2,dispatch_urgent_first,charge_proactive,-2.148,1,0,157.4,0.0,-0.424906,0.0,-0.424906,15
38795988,52,1040,0|3|1|0|0|2,dispatch_bundle_first,charge_proactive,-1.398,5,1,169.9,0.5275,0.046125,0.5275,0.046125,15
38795988,53,1060,0|2|1|0|0|2,dispatch_urgent_first,charge_balanced,-4.76,8,3,188.0,0.0,-1.19,0.0,-1.19,15
38795988,54,1080,0|2|1|0|0|2,dispatch_balanced,charge_proactive,-1.166,5,1,158.3,0.0,-0.2915,0.0,-0.2915,15
38795988,55,1100,0|4|1|0|0|2,dispatch_bundle_first,charge_proactive,2.284,6,0,185.8,0.0,0.580802,-0.424906,0.262122,15
run_tag,window_index,tick_end,state,dispatch_action,charge_action,reward,completed_delta,overdue_delta,distance_delta,q_dispatch_before,q_dispatch_after,q_charge_before,q_charge_after,vehicle_count
38795988,1,20,0|0|4|0|4|0,dispatch_urgent_first,charge_task_first,-0.756,0,0,37.8,0.0,-0.189,0.0,-0.189,15
38795988,2,40,0|0|4|0|2|0,dispatch_balanced,charge_task_first,1.264,4,0,136.8,0.0,0.316,0.0,0.316,15
38795988,3,60,0|0|4|0|2|0,dispatch_urgent_first,charge_task_first,7.242,10,0,137.9,0.0,1.8105,0.316,2.0475,15
38795988,4,80,0|0|4|0|1|0,dispatch_energy_safe,charge_proactive,-1.114,2,0,155.7,0.0,-0.2785,0.0,-0.2785,15
38795988,5,100,0|0|4|0|0|0,dispatch_bundle_first,charge_proactive,6.434,10,0,178.3,0.0,1.6085,0.0,1.6085,15
38795988,6,120,0|0|3|0|0|0,dispatch_balanced,charge_balanced,2.876,7,0,206.2,0.0,0.719,0.0,0.719,15
38795988,7,140,0|0|3|0|0|0,dispatch_balanced,charge_proactive,2.59,6,0,170.5,0.719,1.18675,0.0,0.6475,15
38795988,8,160,0|2|3|0|0|0,dispatch_bundle_first,charge_proactive,2.484,6,0,175.8,0.0,0.621,0.0,0.621,15
38795988,9,180,0|2|3|0|0|0,dispatch_bundle_first,charge_proactive,1.66,6,0,217.0,0.621,0.88075,0.621,0.88075,15
38795988,10,200,0|1|2|0|0|0,dispatch_urgent_first,charge_task_first,3.574,8,0,221.3,0.0,0.8935,0.0,0.8935,15
38795988,11,220,0|0|2|0|0|0,dispatch_urgent_first,charge_proactive,2.744,7,0,212.8,0.0,0.686,0.0,0.686,15
run_tag,window_index,tick_end,state,dispatch_action,charge_action,reward,completed_delta,overdue_delta,distance_delta,q_dispatch_before,q_dispatch_after,q_charge_before,q_charge_after,vehicle_count
38795988,1,20,0|0|4|0|4|0,dispatch_urgent_first,charge_task_first,0.334,1,0,33.3,0.0,0.0835,0.0,0.0835,15
38795988,2,40,0|0|4|0|3|0,dispatch_balanced,charge_task_first,2.91,5,0,104.5,0.0,0.7275,0.0,0.7275,15
38795988,3,60,0|0|4|0|1|0,dispatch_urgent_first,charge_balanced,-0.262,4,0,213.1,0.0,-0.0655,0.0,-0.0655,15
38795988,4,80,0|0|4|0|0|0,dispatch_energy_safe,charge_proactive,5.596,10,0,220.2,0.0,1.399,0.0,1.399,15
38795988,5,100,0|1|3|0|0|0,dispatch_bundle_first,charge_proactive,0.644,5,0,217.8,0.0,0.161,0.0,0.161,15
38795988,6,120,0|0|3|0|0|0,dispatch_balanced,charge_balanced,3.378,8,0,231.1,0.0,0.8445,0.0,0.8445,15
38795988,7,140,0|0|2|0|0|0,dispatch_energy_safe,charge_proactive,3.736,8,0,213.2,0.0,0.934,0.0,0.934,15
38795988,8,160,0|0|2|0|0|0,dispatch_energy_safe,charge_proactive,3.784,8,0,210.8,0.934,1.6465,0.934,1.6465,15
38795988,9,180,0|0|2|0|1|0,dispatch_urgent_first,charge_task_first,2.908,6,0,154.6,0.0,1.076881,0.0,1.076881,15
38795988,10,200,0|0|2|0|0|0,dispatch_energy_safe,charge_proactive,3.982,7,0,150.9,1.6465,2.580256,1.6465,2.580256,15
38795988,11,220,0|0|2|0|0|0,dispatch_energy_safe,charge_proactive,-1.616,2,0,180.8,2.580256,2.079497,2.580256,2.079497,15
38795988,12,240,0|0|2|0|0|0,dispatch_urgent_first,charge_proactive,5.468,9,0,176.6,0.0,1.808893,2.079497,3.368516,15
38795988,13,260,0|0|2|0|0|0,dispatch_energy_safe,charge_proactive,0.116,4,0,194.2,2.079497,2.030516,3.368516,3.271196,15
38795988,14,280,0|0|2|0|0|0,dispatch_energy_safe,charge_proactive,-1.054,2,0,152.7,2.030516,1.259387,3.271196,2.189897,15
38795988,15,300,0|4|2|0|0|0,dispatch_balanced,charge_proactive,6.746,11,0,212.7,0.0,1.6865,0.0,1.6865,15
38795988,16,320,0|3|1|0|0|0,dispatch_bundle_first,charge_task_first,-0.108,4,0,205.4,0.0,-0.027,0.0,-0.027,15
38795988,17,340,0|1|1|0|0|0,dispatch_energy_safe,charge_task_first,-2.13,8,2,206.5,0.0,-0.5325,0.0,-0.5325,15
38795988,18,360,0|1|1|0|0|0,dispatch_urgent_first,charge_proactive,0.4,4,0,180.0,0.0,0.1,0.0,0.1,15
38795988,19,380,0|0|1|0|0|0,dispatch_energy_safe,charge_balanced,-0.908,6,1,195.4,0.0,-0.227,0.0,-0.227,15
38795988,20,400,0|0|1|0|0|0,dispatch_urgent_first,charge_proactive,5.002,9,0,199.9,0.0,1.2505,0.0,1.2505,15
38795988,21,420,0|1|0|0|0|0,dispatch_bundle_first,charge_proactive,2.184,6,0,190.8,0.0,0.546,0.0,0.546,15
38795988,22,440,0|0|0|0|0|0,dispatch_bundle_first,charge_balanced,4.052,7,0,147.4,0.0,1.013,0.0,1.013,15
38795988,23,460,0|1|0|0|0|1,dispatch_energy_safe,charge_task_first,1.632,8,1,168.4,0.0,0.408,0.0,0.408,15
38795988,24,480,0|0|1|0|0|1,dispatch_urgent_first,charge_balanced,1.19,4,0,140.5,0.0,0.2975,0.0,0.2975,15
38795988,25,500,0|0|1|0|0|1,dispatch_urgent_first,charge_balanced,1.886,6,0,205.7,0.2975,0.757844,0.2975,0.757844,15
38795988,26,520,0|0|1|0|0|1,dispatch_urgent_first,charge_balanced,4.058,8,0,197.1,0.757844,1.582883,0.757844,1.582883,15
38795988,27,540,0|2|0|0|0|1,dispatch_bundle_first,charge_task_first,4.276,8,0,186.2,0.0,1.069,0.0,1.069,15
38795988,28,560,0|2|0|0|0|1,dispatch_bundle_first,charge_task_first,3.764,7,0,161.8,1.069,1.74275,1.069,1.74275,15
38795988,29,580,0|3|0|0|0|1,dispatch_energy_safe,charge_task_first,-7.004,5,3,150.2,0.0,-1.751,0.0,-1.751,15
38795988,30,600,0|2|1|0|0|1,dispatch_bundle_first,charge_task_first,-8.776,7,4,188.8,0.0,-2.194,0.0,-2.194,15
38795988,31,620,0|4|0|0|0|1,dispatch_urgent_first,charge_task_first,-5.318,4,2,165.9,0.0,-1.3295,0.0,-1.3295,15
38795988,32,640,0|4|1|0|0|1,dispatch_bundle_first,charge_proactive,2.336,6,0,183.2,0.0,0.920363,0.0,0.920363,15
38795988,33,660,0|0|1|0|0|1,dispatch_urgent_first,charge_balanced,-0.04,7,1,202.0,1.582883,1.177162,1.582883,1.177162,15
38795988,34,680,0|0|0|0|0|1,dispatch_bundle_first,charge_proactive,2.678,6,0,166.1,0.0,0.919647,0.0,0.919647,15
38795988,35,700,0|0|1|0|0|1,dispatch_urgent_first,charge_balanced,0.468,4,0,176.6,1.177162,1.250019,1.177162,1.250019,15
38795988,36,720,0|0|1|0|0|1,dispatch_urgent_first,charge_balanced,6.244,10,0,187.8,1.250019,2.585214,1.250019,2.585214,15
38795988,37,740,0|1|0|0|0|1,dispatch_energy_safe,charge_task_first,0.622,4,0,168.9,0.408,1.010858,0.408,1.010858,15
38795988,38,760,0|0|1|0|0|1,dispatch_balanced,charge_balanced,-1.422,4,1,121.1,0.0,-0.159923,2.585214,1.778987,15
38795988,39,780,0|4|1|0|0|1,dispatch_bundle_first,charge_proactive,1.524,3,0,73.8,0.920363,1.071272,0.920363,1.071272,15
